"Site","months","monthly","Temp_avg","Temp_min","Temp_max","Rain_sum","Pressure_avg","RH_avg","DP_avg","WS_avg","WD_avg","GS_max","SR_avg","WC_avg_15cm","WC_avg_5cm","WC_avg_30cm","ST_avg","W_avg","SD_avg"
"Atlin Monarch Mt","Jan","mean",-12.09,-14.64,-9.76,0.09,846.78,91.12,-13.26,1.31,9.22,5.16,15.99,NA,NA,NA,NA,NA,NA
"Atlin Monarch Mt","Jan","max",3.34,1.75,5.44,10.6,857.2,98.63,0.86,7.07,87,17.25,74.26,-Inf,-Inf,-Inf,-Inf,-Inf,-Inf
"Atlin Monarch Mt","Jan","min",-34.72,-36.15,-33.06,0,835.7,74.03,-37.13,0,270.15,0,3.47,Inf,Inf,Inf,Inf,Inf,Inf
"Atlin Monarch Mt","Jan","obs_na",124,124,124,62,217,124,124,124,186,124,124,248,248,248,248,248,248
"Atlin Monarch Mt","Feb","mean",-10.76,-13.22,-8.46,0.01,853.83,86.44,-12.76,2.24,356.69,7.4,48.31,NA,NA,NA,NA,NA,NA
"Atlin Monarch Mt","Feb","max",-1.08,-2.63,0.63,0.6,868.5,98.62,-2.2,8.2,83.68,21.14,107.9,-Inf,-Inf,-Inf,-Inf,-Inf,-Inf
"Atlin Monarch Mt","Feb","min",-28.22,-29.93,-27.21,0,832.7,30.68,-30.13,0,270.24,0,11.13,Inf,Inf,Inf,Inf,Inf,Inf
"Atlin Monarch Mt","Feb","obs_na",113,113,113,56,198,113,113,127,170,127,113,226,226,226,226,226,226
"Atlin Monarch Mt","Mar","mean",-10.73,-13.26,-8.15,0.03,851.65,81.38,-13.46,2.7,26.32,8.35,118.45,NA,NA,NA,NA,NA,NA
"Atlin Monarch Mt","Mar","max",2.79,0.91,5.13,0.8,862.4,96.19,-2.29,6.46,87.98,17.44,204.36,-Inf,-Inf,-Inf,-Inf,-Inf,-Inf
"Atlin Monarch Mt","Mar","min",-25.31,-27.15,-23.52,0,834.5,41.15,-29.8,0,270.44,0,47.38,Inf,Inf,Inf,Inf,Inf,Inf
"Atlin Monarch Mt","Mar","obs_na",124,124,124,62,217,124,124,155,186,155,124,248,248,248,248,248,248
"Atlin Monarch Mt","Apr","mean",-4.83,-7.47,-2.04,0.19,850.39,77.07,-8.41,3.66,18.28,10.4,190.57,NA,NA,NA,NA,NA,NA
"Atlin Monarch Mt","Apr","max",0.92,-0.85,4.35,6.4,858.7,98.2,-1.62,7.41,89.68,20.59,307.75,-Inf,-Inf,-Inf,-Inf,-Inf,-Inf
"Atlin Monarch Mt","Apr","min",-15.65,-18.56,-12.57,0,841.5,47.17,-19.51,1.13,274.34,5.01,70.77,Inf,Inf,Inf,Inf,Inf,Inf
"Atlin Monarch Mt","Apr","obs_na",120,120,120,60,210,120,120,167,180,167,120,240,240,240,240,240,240
"Atlin Monarch Mt","May","mean",2.36,-0.65,5.52,0.66,854.24,72.93,-2.52,2.92,31.13,9.38,247.43,NA,NA,NA,NA,NA,NA
"Atlin Monarch Mt","May","max",13.65,10.12,18.34,15,862.6,99,4.12,6.02,87.86,14.59,395.78,-Inf,-Inf,-Inf,-Inf,-Inf,-Inf
"Atlin Monarch Mt","May","min",-4.98,-7.94,-2.57,0,846.6,32.55,-11.76,0.88,272.18,4.08,67.9,Inf,Inf,Inf,Inf,Inf,Inf
"Atlin Monarch Mt","May","obs_na",124,124,124,62,217,124,124,186,186,186,124,248,248,248,248,248,248
"Atlin Monarch Mt","Jun","mean",6.71,3.14,10.8,0.76,854.49,71.86,1.53,2.65,32.88,9.12,263.85,NA,NA,NA,NA,NA,NA
"Atlin Monarch Mt","Jun","max",17.09,13.31,22.13,7.8,863.7,100,8.97,4.82,87.48,12.99,383.07,-Inf,-Inf,-Inf,-Inf,-Inf,-Inf
"Atlin Monarch Mt","Jun","min",0.08,-2.48,1.51,0,846.3,38.32,-4.85,0.36,270.72,4.82,76.03,Inf,Inf,Inf,Inf,Inf,Inf
"Atlin Monarch Mt","Jun","obs_na",120,120,120,60,210,120,120,180,180,180,120,240,240,240,240,240,240
"Atlin Monarch Mt","Jul","mean",9,5.51,13.1,0.97,862.77,72.23,3.85,2.47,33.5,8.32,233.98,NA,NA,NA,NA,NA,NA
"Atlin Monarch Mt","Jul","max",18.86,14.43,22.92,18,870.5,97.06,8.72,4.22,88.98,12.58,362.18,-Inf,-Inf,-Inf,-Inf,-Inf,-Inf
"Atlin Monarch Mt","Jul","min",2.62,-1.19,4.53,0,855.3,45.83,-1.51,0.31,270.73,4.53,41.72,Inf,Inf,Inf,Inf,Inf,Inf
"Atlin Monarch Mt","Jul","obs_na",124,124,124,62,217,124,124,186,186,186,124,248,248,248,248,248,248
"Atlin Monarch Mt","Aug","mean",7.1,4.39,10.64,1.69,854.72,81.28,3.81,2.88,26.98,8.84,161.44,NA,NA,NA,NA,NA,NA
"Atlin Monarch Mt","Aug","max",17.98,14.96,22.85,24.2,867.3,99.4,8.98,5.02,88.49,14.59,306.03,-Inf,-Inf,-Inf,-Inf,-Inf,-Inf
"Atlin Monarch Mt","Aug","min",2.23,-0.48,3.91,0,846.3,46.85,-0.46,0.8,274.24,4.64,9.05,Inf,Inf,Inf,Inf,Inf,Inf
"Atlin Monarch Mt","Aug","obs_na",122,122,122,57,215,122,122,153,170,153,110,249,249,249,249,249,249
"Atlin Monarch Mt","Sep","mean",3.4,1.01,6.28,1.61,854.08,84.6,0.84,2.79,15.35,9.05,107.27,NA,NA,NA,NA,NA,NA
"Atlin Monarch Mt","Sep","max",13.61,9.09,18.34,17.2,863,100,8.51,7.05,83.31,23.01,224.83,-Inf,-Inf,-Inf,-Inf,-Inf,-Inf
"Atlin Monarch Mt","Sep","min",-2.14,-3.84,-1.21,0,842.9,44.34,-6.02,0.1,286.35,3.52,22.7,Inf,Inf,Inf,Inf,Inf,Inf
"Atlin Monarch Mt","Sep","obs_na",120,120,120,60,210,120,120,120,150,120,90,240,240,240,240,240,240
"Atlin Monarch Mt","Oct","mean",-3.03,-4.7,-1.16,0.44,850.64,88.15,-4.86,2.96,17.13,9.99,56.03,NA,NA,NA,NA,NA,NA
"Atlin Monarch Mt","Oct","max",9.05,6.31,13.69,11.2,867.5,100,5.25,8.29,83.35,22.26,132.8,-Inf,-Inf,-Inf,-Inf,-Inf,-Inf
"Atlin Monarch Mt","Oct","min",-17.11,-19.1,-16.24,0,825.9,42.53,-18.4,0,273.83,0,12.02,Inf,Inf,Inf,Inf,Inf,Inf
"Atlin Monarch Mt","Oct","obs_na",124,124,124,62,217,124,124,124,155,124,93,248,248,248,248,248,248
"Atlin Monarch Mt","Nov","mean",-11.77,-14.16,-9.51,0.03,847.24,91.09,-12.96,2.12,7.82,7.15,21.35,NA,NA,NA,NA,NA,NA
"Atlin Monarch Mt","Nov","max",-1.33,-2.45,1.67,3,869.2,99.23,-1.79,9.57,89.63,22.82,63.63,-Inf,-Inf,-Inf,-Inf,-Inf,-Inf
"Atlin Monarch Mt","Nov","min",-27,-29.32,-24.65,0,830.9,76.5,-28.85,0,271.78,0,3.88,Inf,Inf,Inf,Inf,Inf,Inf
"Atlin Monarch Mt","Nov","obs_na",120,120,120,60,210,120,120,109,150,109,90,240,240,240,240,240,240
"Atlin Monarch Mt","Dec","mean",-12.06,-14.19,-9.94,0.04,871.85,87.19,-13.9,2,28.01,7.74,8.91,NA,NA,NA,NA,NA,NA
"Atlin Monarch Mt","Dec","max",2.25,1.75,4.25,1.8,1054.8,99.7,-0.35,8.96,87.7,39.33,19.72,-Inf,-Inf,-Inf,-Inf,-Inf,-Inf
"Atlin Monarch Mt","Dec","min",-26.83,-29.32,-25.1,0,803.8,39.4,-30.52,0,271.87,0,1.6,Inf,Inf,Inf,Inf,Inf,Inf
"Atlin Monarch Mt","Dec","obs_na",124,124,124,62,217,124,124,124,182,124,98,248,248,248,248,248,248
"Atlin School","Jan","mean",-10.46,-13.87,-7.33,0.46,NA,87.37,-12.01,0.15,355.78,2.24,5.11,NA,NA,NA,NA,NA,NA
"Atlin School","Jan","max",7.31,4.45,10.79,38.4,-Inf,98.9,2.43,1.32,88.79,9.65,15.55,-Inf,-Inf,-Inf,-Inf,-Inf,-Inf
"Atlin School","Jan","min",-35.21,-38.91,-30.76,0,Inf,59.65,-37.87,0,271.08,0,0.76,Inf,Inf,Inf,Inf,Inf,Inf
"Atlin School","Jan","obs_na",0,0,0,0,434,31,31,0,0,0,0,434,434,434,434,434,434
"Atlin School","Feb","mean",-10.55,-14.88,-6.03,0.23,NA,81.85,-13.06,0.23,357.14,2.89,17.76,NA,NA,NA,NA,NA,NA
"Atlin School","Feb","max",4.23,1.91,7.02,19.2,-Inf,97.75,1.14,1.23,89.88,8.91,42.07,-Inf,-Inf,-Inf,-Inf,-Inf,-Inf
"Atlin School","Feb","min",-34.55,-38.51,-28.53,0,Inf,57.48,-37.26,0,270.43,0,2.17,Inf,Inf,Inf,Inf,Inf,Inf
"Atlin School","Feb","obs_na",0,0,0,0,396,28,28,0,0,0,0,396,396,396,396,396,396
"Atlin School","Mar","mean",-6.17,-11.34,-0.44,0.18,NA,72.15,-10.34,0.34,12.23,3.46,47.95,NA,NA,NA,NA,NA,NA
"Atlin School","Mar","max",7.89,5.41,15.22,5.8,-Inf,93.66,1.19,1.39,89.62,8.72,99.83,-Inf,-Inf,-Inf,-Inf,-Inf,-Inf
"Atlin School","Mar","min",-22.69,-29.39,-17.51,0,Inf,40.12,-27.65,0,270.1,0,6.7,Inf,Inf,Inf,Inf,Inf,Inf
"Atlin School","Mar","obs_na",0,0,0,0,434,31,31,0,0,0,0,434,434,434,434,434,434
"Atlin School","Apr","mean",1.03,-3.88,6.5,0.16,NA,64.83,-5.36,0.4,15.39,4.06,91.2,NA,NA,NA,NA,NA,NA
"Atlin School","Apr","max",8.32,4.87,17.06,6.4,-Inf,97.09,4.2,1.66,89.77,7.79,174.58,-Inf,-Inf,-Inf,-Inf,-Inf,-Inf
"Atlin School","Apr","min",-14.32,-23.52,-10.79,0,Inf,37.71,-20.68,0,270.14,0,27.43,Inf,Inf,Inf,Inf,Inf,Inf
"Atlin School","Apr","obs_na",0,0,0,0,420,30,30,0,0,0,0,420,420,420,420,420,420
"Atlin School","May","mean",7.57,1.51,13.56,0.33,NA,60.63,-0.36,0.42,26.63,4.28,115.38,NA,NA,NA,NA,NA,NA
"Atlin School","May","max",16.48,11.2,25.77,10.4,-Inf,95.67,7.74,1.4,89.08,7.79,190.46,-Inf,-Inf,-Inf,-Inf,-Inf,-Inf
"Atlin School","May","min",0.16,-4.83,3.27,0,Inf,34.81,-8.29,0,270.03,0,35.77,Inf,Inf,Inf,Inf,Inf,Inf
"Atlin School","May","obs_na",0,0,0,0,434,31,31,0,0,0,0,434,434,434,434,434,434
"Atlin School","Jun","mean",11.31,5.45,17.11,0.6,NA,65.28,4.37,0.37,24.86,3.79,113.54,NA,NA,NA,NA,NA,NA
"Atlin School","Jun","max",20.09,14.58,29.54,21.8,-Inf,98.28,11.15,0.89,90,6.68,193.69,-Inf,-Inf,-Inf,-Inf,-Inf,-Inf
"Atlin School","Jun","min",4.09,-2.16,5.1,0,Inf,40.15,-3.17,0,270.15,0,18.59,Inf,Inf,Inf,Inf,Inf,Inf
"Atlin School","Jun","obs_na",0,0,0,0,414,30,30,0,0,0,0,414,414,414,414,414,414
"Atlin School","Jul","mean",13.33,8.01,18.77,0.67,NA,69.22,7.31,0.3,21.76,3.41,97.39,NA,NA,NA,NA,NA,NA
"Atlin School","Jul","max",20.96,14.58,30.75,22.8,-Inf,98.66,13.92,1.01,89.91,5.57,182.33,-Inf,-Inf,-Inf,-Inf,-Inf,-Inf
"Atlin School","Jul","min",6.82,-0.48,9.31,0,Inf,35.56,0.34,0,270.21,0,5.56,Inf,Inf,Inf,Inf,Inf,Inf
"Atlin School","Jul","obs_na",0,0,0,0,403,27,27,0,0,0,0,403,403,403,403,403,403
"Atlin School","Aug","mean",12.09,7.33,17.39,0.89,NA,72.44,6.88,0.29,17.77,3.55,67.47,NA,NA,NA,NA,NA,NA
"Atlin School","Aug","max",20.23,13.86,29.24,17.8,-Inf,98.93,13.49,0.92,89.72,8.53,127.38,-Inf,-Inf,-Inf,-Inf,-Inf,-Inf
"Atlin School","Aug","min",3.05,-0.31,4.06,0,Inf,47.71,-0.27,0.01,270.25,1.86,17.6,Inf,Inf,Inf,Inf,Inf,Inf
"Atlin School","Aug","obs_na",0,0,0,0,402,11,11,0,0,0,0,402,402,402,402,402,402
"Atlin School","Sep","mean",7.64,3.38,12.41,0.84,NA,77.31,3.65,0.27,15.92,3.54,45.86,NA,NA,NA,NA,NA,NA
"Atlin School","Sep","max",16.8,12.58,25.04,20.2,-Inf,98.98,10.95,0.94,89.95,8.16,95.09,-Inf,-Inf,-Inf,-Inf,-Inf,-Inf
"Atlin School","Sep","min",0.47,-4.05,2.69,0,Inf,54.75,-5.96,0,270.03,0.93,11.7,Inf,Inf,Inf,Inf,Inf,Inf
"Atlin School","Sep","obs_na",0,0,0,0,393,30,30,0,0,0,0,393,393,393,393,393,393
"Atlin School","Oct","mean",1.86,-1.4,5.56,0.57,NA,81.68,-1.17,0.25,4.81,3.43,20.68,NA,NA,NA,NA,NA,NA
"Atlin School","Oct","max",12.13,9.48,17.51,11,-Inf,99.99,8.38,0.98,87.86,8.91,51.87,-Inf,-Inf,-Inf,-Inf,-Inf,-Inf
"Atlin School","Oct","min",-14.35,-19.19,-8.53,0,Inf,50.26,-17.38,0,270.26,0,1.86,Inf,Inf,Inf,Inf,Inf,Inf
"Atlin School","Oct","obs_na",0,0,0,0,403,31,31,0,0,0,0,403,403,403,403,403,403
"Atlin School","Nov","mean",-5.67,-8.82,-2.79,0.27,NA,85.95,-7.88,0.19,355.92,2.89,6.93,NA,NA,NA,NA,NA,NA
"Atlin School","Nov","max",6.53,4.79,9.04,10.2,-Inf,99.56,2.01,2,89.71,10.58,20.86,-Inf,-Inf,-Inf,-Inf,-Inf,-Inf
"Atlin School","Nov","min",-25.66,-28.86,-21.57,0,Inf,41.09,-28.44,0,270.83,0,0.86,Inf,Inf,Inf,Inf,Inf,Inf
"Atlin School","Nov","obs_na",0,0,0,0,401,30,30,0,0,0,0,401,401,401,401,401,401
"Atlin School","Dec","mean",-9.62,-12.68,-6.82,0.28,NA,86.57,-11.1,0.17,352.4,2.45,3,NA,NA,NA,NA,NA,NA
"Atlin School","Dec","max",5.58,3.04,8.96,26,-Inf,99.92,2.52,1.31,89.91,12.99,10.4,-Inf,-Inf,-Inf,-Inf,-Inf,-Inf
"Atlin School","Dec","min",-30.52,-32.67,-27.96,0,Inf,55.39,-33.4,0,270.95,0,0.65,Inf,Inf,Inf,Inf,Inf,Inf
"Atlin School","Dec","obs_na",0,0,0,0,434,31,31,0,0,0,0,434,434,434,434,434,434
"Barren","Jan","mean",-6.65,-10.1,-3.49,0.82,891.79,92.68,-7.68,0.38,11.65,5.22,27.38,0.1,0.15,0.14,0.92,NA,NA
"Barren","Jan","max",3.72,0.85,8.1,13.2,910.03,100,2.35,1.87,89.78,12.08,68.94,0.12,0.24,0.17,1.53,-Inf,-Inf
"Barren","Jan","min",-31.61,-36.15,-25.84,0,872.31,68.44,-33.85,0,270.44,0,3.68,0.06,0.09,0.1,0.22,Inf,Inf
"Barren","Jan","obs_na",0,0,0,0,0,0,0,0,0,0,0,0,31,0,0,124,124
"Barren","Feb","mean",-7.21,-11.77,-2.78,0.54,890.55,85.32,-9.39,0.69,12.96,6.17,61.57,0.11,0.17,0.14,0.76,NA,NA
"Barren","Feb","max",2.81,0.47,8.12,10.8,909.72,100,1.97,3.12,87.74,13.59,116.02,0.13,0.24,0.16,1.4,-Inf,-Inf
"Barren","Feb","min",-24.97,-31.33,-20.07,0,870.52,63.81,-27.21,0,271.09,0,6.07,0.09,0.11,0.12,0.31,Inf,Inf
"Barren","Feb","obs_na",0,0,0,0,0,0,0,0,0,0,0,0,29,0,0,113,113
"Barren","Mar","mean",-2.74,-7.77,2.31,0.46,888.53,75.9,-6.88,0.7,16.16,6.41,123.52,0.12,0.18,0.15,0.71,NA,NA
"Barren","Mar","max",4.03,0.38,13.98,8.4,906.79,98.79,1.88,2.5,88.57,13.59,222.96,0.16,0.26,0.18,1.29,-Inf,-Inf
"Barren","Mar","min",-18.33,-25.9,-16.49,0,872.19,51.89,-21.04,0,272.36,2.52,41.75,0.07,0.13,0.13,0.38,Inf,Inf
"Barren","Mar","obs_na",0,0,0,0,0,0,0,0,0,0,0,0,31,0,0,124,124
"Barren","Apr","mean",0.75,-4.39,5.8,1.05,891.06,69.72,-4.81,0.9,14.37,7.62,179.6,0.15,0.21,0.16,0.98,NA,NA
"Barren","Apr","max",7.54,2.9,17.77,19.8,909.11,98.75,1.7,2.43,86.87,13.09,294.78,0.19,0.31,0.23,4.09,-Inf,-Inf
"Barren","Apr","min",-10.11,-14.95,-6.01,0,867.48,44.04,-19.43,0.08,270.32,3.52,52.64,0.11,0.15,0.14,0.49,Inf,Inf
"Barren","Apr","obs_na",0,0,0,0,0,0,0,0,0,0,0,0,30,0,0,120,120
"Barren","May","mean",6.72,0.95,12.43,1.02,892.43,68.47,0.59,0.98,32.39,7.51,218.54,0.13,0.2,0.16,5.93,NA,NA
"Barren","May","max",19.03,9.66,28.77,12.4,907.08,92.68,6.49,3.02,87.27,11.58,367.18,0.2,0.27,0.28,10.8,-Inf,-Inf
"Barren","May","min",0.6,-3.57,2.88,0,878.36,43.79,-4.47,0.12,279.56,4.53,84.15,0.09,0.12,0.13,0.49,Inf,Inf
"Barren","May","obs_na",0,0,0,0,0,0,0,0,0,0,0,0,27,0,0,124,124
"Barren","Jun","mean",11.31,5.1,16.99,1.52,893.99,64.79,4,1.05,32,7.63,250.8,0.11,0.19,0.14,10.36,NA,NA
"Barren","Jun","max",19.19,11.71,27.14,17.4,904.5,91.13,10.7,2.94,87.75,12.08,376.61,0.16,0.28,0.17,13.76,-Inf,-Inf
"Barren","Jun","min",4.95,-2.48,6.54,0,875.02,33.07,-1.67,0.06,271.66,3.52,55.73,0.04,0.09,0.07,7.62,Inf,Inf
"Barren","Jun","obs_na",0,0,0,0,0,0,0,0,0,0,0,0,0,0,0,120,120
"Barren","Jul","mean",14.25,7.94,20.15,1.94,896.43,68.72,7.75,0.97,41.02,7.26,242.72,0.08,0.14,0.11,13.2,NA,NA
"Barren","Jul","max",21.9,14.15,29.69,61.2,903.51,96.28,12.6,3.06,88.73,12.58,359.37,0.18,0.27,0.18,15.6,-Inf,-Inf
"Barren","Jul","min",7.3,-0.26,10.93,0,887.28,36.26,2.09,0.08,283.32,4.53,81.55,0.02,0.04,0.05,10.9,Inf,Inf
"Barren","Jul","obs_na",0,0,0,0,0,0,0,0,0,0,0,0,0,0,0,146,146
"Barren","Aug","mean",14.18,7.7,20.47,1.12,896.23,68.38,7.61,0.86,35.04,7.04,206.33,0.06,0.11,0.08,13.39,NA,NA
"Barren","Aug","max",21.48,13.81,29.41,23.8,905.18,98.29,12.69,2.5,78.26,13.09,318.53,0.13,0.2,0.2,15.47,-Inf,-Inf
"Barren","Aug","min",4.75,-0.09,9.24,0,883.78,43.93,2.51,0.06,288.61,3.02,37.75,0.04,0.06,0.05,10.22,Inf,Inf
"Barren","Aug","obs_na",0,0,0,0,0,0,0,0,0,0,0,0,0,0,0,155,155
"Barren","Sep","mean",9.01,3.45,14.78,1.38,892.83,77.63,4.75,0.59,29.29,6.45,132.05,0.06,0.11,0.08,10.42,NA,NA
"Barren","Sep","max",18.55,10.83,28.59,18.6,905.21,98.69,10.47,2.01,81.77,12.08,233.63,0.17,0.19,0.2,14.14,-Inf,-Inf
"Barren","Sep","min",-0.83,-3.3,0.33,0,875.8,46.75,-1.08,0,282.31,1.51,11.5,0.03,0.08,0.05,6.75,Inf,Inf
"Barren","Sep","obs_na",0,0,0,0,0,0,0,0,0,0,0,0,0,0,0,144,144
"Barren","Oct","mean",2.47,-1.65,6.81,1.51,891,86,0.15,0.45,22.64,6.05,69.29,0.1,0.13,0.12,5.6,NA,NA
"Barren","Oct","max",11.71,9.14,20.41,19,906.79,99.81,8.03,2.48,89.03,13.09,153.32,0.18,0.24,0.18,10.09,-Inf,-Inf
"Barren","Oct","min",-9.61,-14.9,-7.64,0,868.5,62.92,-11.46,0,270.49,2.52,9.72,0.03,0.07,0.06,1.76,Inf,Inf
"Barren","Oct","obs_na",0,0,0,0,0,0,0,0,0,0,0,0,0,0,0,124,124
"Barren","Nov","mean",-4.43,-7.69,-1.43,1.26,889.25,94.03,-5.27,0.42,12.63,5.53,30.24,0.1,0.14,0.13,1.85,NA,NA
"Barren","Nov","max",4.92,1.89,10.27,24.2,917.1,99.96,3.88,2.39,86.17,13.09,91.13,0.17,0.26,0.2,3.72,-Inf,-Inf
"Barren","Nov","min",-20.4,-26.08,-18.25,0,870.47,79.05,-22.78,0,274.73,0,1.65,0.04,0.07,0.07,0.59,Inf,Inf
"Barren","Nov","obs_na",0,0,0,0,0,0,0,0,0,0,0,0,0,0,0,120,120
"Barren","Dec","mean",-9.24,-12.98,-5.84,0.24,887.73,93.94,-10.03,0.17,13,3.83,18.27,0.1,0.15,0.14,1.14,NA,NA
"Barren","Dec","max",2.42,0.55,5.59,14.4,914.21,100,2.35,1.49,85.29,11.07,43.68,0.14,0.26,0.17,2.31,-Inf,-Inf
"Barren","Dec","min",-31.36,-35.36,-24.65,0,863.58,76.78,-33.76,0,270.32,0,1.65,0.06,0.08,0.09,0.35,Inf,Inf
"Barren","Dec","obs_na",0,0,0,0,0,0,0,0,0,0,0,0,17,0,0,124,124
"Blackhawk","Jan","mean",-8.49,-14.52,-2.84,0.37,900.78,82.12,-11.28,0.96,17.94,6.94,25.41,0.05,NA,NA,-1.31,NA,29.83
"Blackhawk","Jan","max",9.08,7.29,13.91,9.4,923.82,99.9,0.71,6.79,89.83,25.42,69.2,0.21,-Inf,-Inf,-0.04,-Inf,54.53
"Blackhawk","Jan","min",-37.43,-45.84,-31.99,0,873.73,41.07,-39.87,0,270.03,0,3.42,0,Inf,Inf,-2.85,Inf,0
"Blackhawk","Jan","obs_na",0,0,0,0,0,0,0,0,48,0,0,189,407,407,391,407,143
"Blackhawk","Feb","mean",-9.75,-16.98,-3.33,0.21,901.05,78.29,-13.18,1.05,19.65,7.44,57.7,0.05,NA,NA,NA,NA,33.1
"Blackhawk","Feb","max",6.91,4.58,13.91,11,926.06,98.73,2.16,5.06,89.96,18.13,125.61,0.13,-Inf,-Inf,-Inf,-Inf,71.06
"Blackhawk","Feb","min",-37.25,-45.28,-28.47,0,875.85,46.83,-39.77,0,270.68,1.01,8.42,0,Inf,Inf,Inf,Inf,0
"Blackhawk","Feb","obs_na",0,0,0,0,0,0,0,0,56,0,0,157,367,367,367,367,137
"Blackhawk","Mar","mean",-5.02,-12.78,1.82,0.4,900.61,74.61,-9.47,1.05,21,7.39,113.63,0.08,NA,NA,NA,NA,31.68
"Blackhawk","Mar","max",8.07,3.54,21.08,10.4,925.15,98.99,1.68,5.18,89.32,18.92,226.61,0.26,-Inf,-Inf,-Inf,-Inf,99.99
"Blackhawk","Mar","min",-31.3,-42.32,-22.63,0,880.25,44.7,-36.16,0,270.85,0,11.23,0,Inf,Inf,Inf,Inf,0
"Blackhawk","Mar","obs_na",0,0,0,0,0,0,0,0,62,0,0,162,403,403,403,403,127
"Blackhawk","Apr","mean",1.37,-6.32,7.71,0.58,901.34,68.08,-4.86,1.28,25.37,8.39,170.31,0.13,NA,NA,NA,NA,11.87
"Blackhawk","Apr","max",15.98,5.46,25.96,13.6,921.35,100,3.84,5.87,89.15,20.04,276.6,0.25,-Inf,-Inf,-Inf,-Inf,72.69
"Blackhawk","Apr","min",-17.2,-29.72,-9.99,0,877.21,35.16,-20.62,0.06,270.84,2.77,27.86,0.01,Inf,Inf,Inf,Inf,0
"Blackhawk","Apr","obs_na",0,0,0,0,0,0,0,0,60,0,0,150,390,390,390,390,120
"Blackhawk","May","mean",8.57,-0.61,15.71,1.23,902.74,64.92,0.97,1.12,24.57,8.12,207.91,0.12,NA,NA,NA,NA,0.17
"Blackhawk","May","max",19.84,10.61,32.41,27,919.41,99.91,9.88,4.11,89.43,20.41,335.1,0.17,-Inf,-Inf,-Inf,-Inf,8.91
"Blackhawk","May","min",-3.49,-9.4,-0.84,0,887.19,32.53,-11.4,0.04,270.3,2.77,10.61,0.04,Inf,Inf,Inf,Inf,0
"Blackhawk","May","obs_na",0,0,0,0,0,0,0,0,62,0,0,162,410,410,410,410,131
"Blackhawk","Jun","mean",12.37,3.88,18.8,2.24,901.98,67.54,5.43,1.28,21.96,8.5,223.37,0.11,NA,NA,NA,NA,0
"Blackhawk","Jun","max",28.2,14.84,39.86,56.8,914.07,99.93,15.81,4.53,89.2,15.61,348.22,0.16,-Inf,-Inf,-Inf,-Inf,0
"Blackhawk","Jun","min",2.45,-5.51,4.92,0,885.51,35.22,-4.46,0.09,270.09,3.53,27.28,0.04,Inf,Inf,Inf,Inf,0
"Blackhawk","Jun","obs_na",0,0,0,0,0,0,0,0,60,0,0,180,420,420,420,420,150
"Blackhawk","Jul","mean",14.71,6.19,21.49,1.9,904.35,70.63,8.39,1.06,17.64,7.91,213.03,0.11,NA,NA,16.92,NA,0
"Blackhawk","Jul","max",23,15.82,34.36,44.6,916.28,99.53,15.65,3.43,89.32,14.84,353.38,0.18,-Inf,-Inf,20.58,-Inf,0
"Blackhawk","Jul","min",5.79,-1.76,8.77,0,891.1,37.23,1.65,0,270.9,1.26,35.67,0.03,Inf,Inf,14.21,Inf,0
"Blackhawk","Jul","obs_na",0,0,0,0,0,0,0,0,62,0,0,199,434,434,412,434,155
"Blackhawk","Aug","mean",13.66,5.18,20.88,1.75,904.01,72.94,7.96,0.98,26.34,7.83,179.47,0.1,NA,NA,15.78,NA,0
"Blackhawk","Aug","max",23.45,18.01,31.46,53.01,917.97,99.99,17.14,4.3,87.12,17.25,298.69,0.19,-Inf,-Inf,18.19,-Inf,0
"Blackhawk","Aug","min",5.51,-3.75,7.89,0,887.47,37,0.91,0.01,270.66,2.52,23.33,0.03,Inf,Inf,12.85,Inf,0
"Blackhawk","Aug","obs_na",0,0,0,0,0,0,0,0,50,0,0,155,434,434,372,434,155
"Blackhawk","Sep","mean",8.73,0.84,15.95,1.03,902.5,75.58,3.8,0.92,27.19,7.73,125.71,0.09,NA,NA,13.15,NA,0.05
"Blackhawk","Sep","max",20.29,11.18,30.29,26.8,920.44,100,10.71,3.97,89.97,16.7,225.51,0.17,-Inf,-Inf,17.47,-Inf,8.54
"Blackhawk","Sep","min",-3.84,-11.61,-2.48,0,879.11,38.47,-5.51,0,271.96,0.25,14.05,0.02,Inf,Inf,7.47,Inf,0
"Blackhawk","Sep","obs_na",0,0,0,0,0,0,0,0,30,0,0,150,420,420,360,420,150
"Blackhawk","Oct","mean",1.86,-4.38,7.81,1.04,901.32,80.77,-1.64,0.84,17.49,7.2,67.66,0.1,NA,NA,4.99,NA,1.75
"Blackhawk","Oct","max",14.08,9.85,24.68,23,920.1,100,7.5,4.18,88.2,21.34,138.68,0.16,-Inf,-Inf,9.83,-Inf,25.83
"Blackhawk","Oct","min",-18.35,-27.71,-13.43,0,880.08,30.69,-19.71,0,272.78,0,6.13,0.02,Inf,Inf,1.44,Inf,0
"Blackhawk","Oct","obs_na",0,0,0,0,0,0,0,0,31,0,0,155,434,434,372,434,149
"Blackhawk","Nov","mean",-5.6,-11.64,-0.05,0.45,899.77,84.49,-8.06,0.76,16.55,6.61,32.97,0.1,NA,NA,0.02,NA,10.87
"Blackhawk","Nov","max",11.15,4.43,16.53,14,929.98,99.98,3.1,5.56,87.8,20.97,78.78,0.17,-Inf,-Inf,3.05,-Inf,42.2
"Blackhawk","Nov","min",-28.88,-37.34,-23.52,0,878.19,31.73,-30.85,0,270.38,0,3.99,0,Inf,Inf,-4.28,Inf,0
"Blackhawk","Nov","obs_na",0,0,0,0,0,0,0,0,30,0,0,150,420,420,360,420,120
"Blackhawk","Dec","mean",-10.58,-16.8,-5.13,0.17,898.96,83.49,-13.06,0.76,23.89,6.43,18.66,0.06,NA,NA,-1.42,NA,20.68
"Blackhawk","Dec","max",7.17,3.43,12.82,11.6,929.75,98.91,3.01,4.96,89.97,22.66,48.84,0.17,-Inf,-Inf,0.16,-Inf,47.93
"Blackhawk","Dec","min",-41.05,-46.42,-30.13,0,871.9,38.98,-43.78,0,270.42,0,2.22,0,Inf,Inf,-4.28,Inf,0
"Blackhawk","Dec","obs_na",0,0,0,0,0,0,0,0,31,0,0,170,434,434,372,434,140
"Boulder Creek","Jan","mean",-5.03,-7.6,-2.42,1.32,964.43,95.12,-5.71,0.11,346.56,-Inf,16.65,0.13,NA,NA,0.29,53.76,NA
"Boulder Creek","Jan","max",4,1.94,11.38,24,987.02,100,3.45,1.39,89.98,15.21,69.72,0.22,-Inf,-Inf,0.37,100,-Inf
"Boulder Creek","Jan","min",-32.48,-36.46,-24.88,0,931.48,54.62,-35.87,0,270.5,-Inf,1.13,0,Inf,Inf,0.22,0.47,Inf
"Boulder Creek","Jan","obs_na",0,0,0,31,0,0,0,31,31,0,11,186,434,434,403,31,434
"Boulder Creek","Feb","mean",-5.73,-9.82,-0.84,1.06,965.66,89.35,-7.39,0.18,355.67,-Inf,50.83,0.13,NA,NA,-1.14,36.9,NA
"Boulder Creek","Feb","max",4.02,1.02,10.25,21.8,991.69,100,3.08,1.51,89.96,11.32,123.63,0.21,-Inf,-Inf,0.2,100,-Inf
"Boulder Creek","Feb","min",-26.16,-32.67,-16.45,0,936.67,43.65,-28.62,0,270.02,-Inf,3.37,0.01,Inf,Inf,-2.91,0,Inf
"Boulder Creek","Feb","obs_na",0,0,0,29,0,0,0,28,28,0,28,170,396,396,368,28,396
"Boulder Creek","Mar","mean",0.04,-4.8,5.96,0.68,961.62,78.58,-3.97,0.32,355.69,-Inf,105.44,0.15,NA,NA,-0.12,31.59,NA
"Boulder Creek","Mar","max",7.79,3.62,20.95,10.4,986.11,100,5.27,1.79,89.42,11.87,219.72,0.28,-Inf,-Inf,-0.07,100,-Inf
"Boulder Creek","Mar","min",-17.29,-26.11,-14.1,0,937.13,26,-27.24,0,270.03,-Inf,12.7,0.01,Inf,Inf,-0.27,0,Inf
"Boulder Creek","Mar","obs_na",0,0,0,31,0,0,0,31,31,0,31,186,434,434,403,31,434
"Boulder Creek","Apr","mean",4.65,-1.34,11.38,1.02,963.55,74.71,-0.54,0.36,353.32,-Inf,157.72,0.17,NA,NA,3.89,33.01,NA
"Boulder Creek","Apr","max",13.82,9.03,24.07,15,983.02,100,10.2,1.89,89.75,12.06,293.27,0.23,-Inf,-Inf,7.68,100,-Inf
"Boulder Creek","Apr","min",-6.65,-14.35,-0.48,0,938.8,37.07,-15.29,0,270.14,-Inf,35.3,0.02,Inf,Inf,-0.06,0,Inf
"Boulder Creek","Apr","obs_na",0,0,0,30,0,0,0,30,30,0,30,180,420,420,390,30,420
"Boulder Creek","May","mean",10.57,3.5,17.66,0.98,964.77,71.57,4.26,0.36,358.73,-Inf,212.25,0.14,NA,NA,9.77,28.88,NA
"Boulder Creek","May","max",18.61,11.77,30.72,21.4,980.51,100,12.95,1.46,89.5,8.91,346.75,0.2,-Inf,-Inf,12.1,100,-Inf
"Boulder Creek","May","min",2.01,-3.85,5.31,0,948.4,30.25,-13.65,0,271.43,-Inf,36.96,0,Inf,Inf,7.85,0,Inf
"Boulder Creek","May","obs_na",0,0,0,31,0,0,0,31,31,0,31,179,434,434,400,31,434
"Boulder Creek","Jun","mean",13.44,6.76,20.12,1.31,964.43,75.32,8.25,0.3,1.13,-Inf,226.1,0.12,NA,NA,12.75,33.5,NA
"Boulder Creek","Jun","max",26.02,16.13,37.21,24.4,976.82,100,17.05,1.08,89.33,14.1,364.31,0.21,-Inf,-Inf,15.07,100,-Inf
"Boulder Creek","Jun","min",6.46,-1.97,10.6,0,944.77,50.94,-0.22,0,270.73,-Inf,56.92,0,Inf,Inf,10.31,0.54,Inf
"Boulder Creek","Jun","obs_na",0,0,0,14,0,0,0,30,30,0,30,158,428,428,372,53,428
"Boulder Creek","Jul","mean",15.88,9.59,22.58,1.16,965.95,78.16,11.36,0.24,1.09,-Inf,203.1,0.09,NA,NA,15.33,33.1,NA
"Boulder Creek","Jul","max",24.26,16.87,35.85,24.6,978.95,100,16.86,0.9,89.48,8.72,368.27,0.21,-Inf,-Inf,17.27,100,-Inf
"Boulder Creek","Jul","min",8.42,1.29,12.16,0,950.98,49.12,5.28,0,270.03,-Inf,0.6,0.01,Inf,Inf,13.49,0.76,Inf
"Boulder Creek","Jul","obs_na",0,0,0,18,0,0,0,12,12,0,37,129,408,408,377,17,408
"Boulder Creek","Aug","mean",15.06,8.62,22.24,1.56,965.57,79.68,10.85,0.24,354.61,3.92,168.89,0.09,NA,NA,14.94,40.31,NA
"Boulder Creek","Aug","max",21.61,14.55,34.41,32.8,978.22,100,15.85,0.82,89.4,7.79,293.85,0.22,-Inf,-Inf,16.68,100,-Inf
"Boulder Creek","Aug","min",8.16,-0.15,11.66,0,945.11,46.61,3.58,0,270.84,0.93,33.38,0,Inf,Inf,12.68,0.42,Inf
"Boulder Creek","Aug","obs_na",0,0,0,31,0,0,0,0,0,0,45,152,403,403,347,0,403
"Boulder Creek","Sep","mean",10.17,5.25,16.34,2.19,964.32,89.69,8.27,0.19,348.43,3.41,102.4,0.11,NA,NA,12.29,60.3,NA
"Boulder Creek","Sep","max",19.41,14.85,30.67,34,984.37,100,15.72,0.98,88.44,8.16,240.67,0.22,-Inf,-Inf,14.92,100,-Inf
"Boulder Creek","Sep","min",1.22,-4.59,3.93,0,944.64,57.85,-4.98,0,270.32,0,7.64,0.01,Inf,Inf,7.32,4.24,Inf
"Boulder Creek","Sep","obs_na",0,0,0,30,0,0,0,0,0,0,57,129,383,383,330,0,383
"Boulder Creek","Oct","mean",4.06,0.62,8.47,2.33,963.59,93.99,3.06,0.2,350.58,-Inf,52.49,0.15,NA,NA,6.02,67.91,NA
"Boulder Creek","Oct","max",12.53,10.21,20.48,49.6,987.41,100,11.93,1.04,89.97,10.07,152.13,0.25,-Inf,-Inf,8.65,100,-Inf
"Boulder Creek","Oct","min",-7.1,-12.38,-2.45,0,936.43,61.02,-9.84,0,270.14,-Inf,2.07,0.01,Inf,Inf,2.99,4.39,Inf
"Boulder Creek","Oct","obs_na",0,0,0,31,0,0,0,18,18,0,31,157,405,405,374,18,405
"Boulder Creek","Nov","mean",-1.62,-3.93,0.91,1.87,962.65,95.56,-2.29,0.14,354.13,-Inf,21.07,0.16,NA,NA,1.96,65.09,NA
"Boulder Creek","Nov","max",7.67,5.9,11.2,23.8,993.1,100,7.46,1.13,89.38,8.56,67.69,0.23,-Inf,-Inf,4.93,100,-Inf
"Boulder Creek","Nov","min",-19.51,-22.6,-15.36,0,935,62.71,-19.9,0,270.38,-Inf,1.54,0,Inf,Inf,-1.77,1.45,Inf
"Boulder Creek","Nov","obs_na",0,0,0,30,0,0,0,30,30,0,2,180,420,420,390,30,420
"Boulder Creek","Dec","mean",-6.08,-8.76,-3.78,0.81,963.87,96.07,-6.61,0.05,350.73,-Inf,8.61,0.12,NA,NA,0.2,57.01,NA
"Boulder Creek","Dec","max",2.84,1.37,5.18,23.4,998.02,100,2.7,0.9,89.9,11.58,21.91,0.24,-Inf,-Inf,0.4,100,-Inf
"Boulder Creek","Dec","min",-32.86,-35.62,-29.06,0,935.05,66.01,-34.98,0,270.15,-Inf,0.82,0,Inf,Inf,-0.42,0.07,Inf
"Boulder Creek","Dec","obs_na",0,0,0,31,0,0,0,31,31,0,0,186,434,434,403,31,434
"Bowron Pit","Jan","mean",-5.59,-10.45,-1.43,1.34,930.68,88.71,-7.27,0.21,344.01,4.7,21.21,0.19,NA,NA,0.66,NA,31.15
"Bowron Pit","Jan","max",9.9,5.38,14.05,19.2,951.96,100,4.96,2.39,89.46,18.12,62.95,0.28,-Inf,-Inf,1.37,-Inf,67.71
"Bowron Pit","Jan","min",-37.86,-45.01,-26.85,0,906.03,54.55,-40.67,0,270.5,0,3,0.11,Inf,Inf,0.03,Inf,4.3
"Bowron Pit","Jan","obs_na",0,0,0,0,0,0,0,0,36,0,0,0,240,240,205,240,36
"Bowron Pit","Feb","mean",-7.78,-13.98,-2.09,1.01,931.7,83.98,-10.2,0.24,348.68,4.83,55.21,0.18,NA,NA,0.26,NA,40.3
"Bowron Pit","Feb","max",5.8,3.01,11.25,24.8,953.58,99.02,3.46,1.89,88.93,15.1,119.78,0.28,-Inf,-Inf,0.44,-Inf,91.64
"Bowron Pit","Feb","min",-31.02,-39.22,-22.07,0,909.51,49.99,-33.96,0,271.47,0,7.59,0.09,Inf,Inf,0.08,Inf,2.59
"Bowron Pit","Feb","obs_na",0,0,0,0,0,0,0,0,30,0,0,0,209,209,181,209,31
"Bowron Pit","Mar","mean",-1.07,-7.41,5.51,1.03,929.61,74.08,-5.78,0.4,355.71,5.8,109.27,0.2,NA,NA,0.69,NA,36.53
"Bowron Pit","Mar","max",8.04,3.98,19.84,14,950.39,98.7,2.81,2.05,89.36,12.58,219,0.29,-Inf,-Inf,1.78,-Inf,86.77
"Bowron Pit","Mar","min",-21.67,-34.26,-11.04,0,913.09,42.04,-27.22,0,272.48,1.51,21.4,0.13,Inf,Inf,0.36,Inf,0
"Bowron Pit","Mar","obs_na",0,0,0,0,0,0,0,0,38,0,0,0,240,240,209,240,36
"Bowron Pit","Apr","mean",3.39,-3.56,10.11,1.08,931.12,67.35,-3.17,0.5,351.48,6.47,171.98,0.22,NA,NA,4.73,NA,10.17
"Bowron Pit","Apr","max",15.19,6.03,25.4,14,948.2,96.43,8.5,2.12,89.95,15.6,302.07,0.26,-Inf,-Inf,6.79,-Inf,64.49
"Bowron Pit","Apr","min",-10.9,-18.7,-3.57,0,905.14,39.51,-17.33,0.02,270.5,3.02,54.41,0.16,Inf,Inf,2.04,Inf,0
"Bowron Pit","Apr","obs_na",0,0,0,0,0,0,0,0,33,0,0,0,221,221,191,221,34
"Bowron Pit","May","mean",9.78,2.31,16.59,2.16,930.43,71.76,3.77,0.35,348.73,5.79,199.74,0.25,NA,NA,9.4,NA,0.38
"Bowron Pit","May","max",21,10.35,31.2,24.4,946.15,99.16,11.8,1.53,85.17,13.59,339.53,0.4,-Inf,-Inf,12.23,-Inf,11.17
"Bowron Pit","May","min",2.52,-4.99,5.26,0,915.79,38.43,-3.86,0,271.08,2.52,26.97,0.16,Inf,Inf,7.57,Inf,0
"Bowron Pit","May","obs_na",0,0,0,0,0,0,0,0,34,0,0,0,238,238,207,238,36
"Bowron Pit","Jun","mean",13.15,5.85,19.95,2.3,930.92,74.23,7.76,0.19,341.19,5.21,229.27,0.23,NA,NA,12.62,NA,0
"Bowron Pit","Jun","max",27.8,18.06,38.53,24.6,942.06,96.11,17.44,1.26,85.48,11.58,368.52,0.29,-Inf,-Inf,14.22,-Inf,0
"Bowron Pit","Jun","min",6.45,-2.28,8.22,0,913.39,47.95,0.29,0,270.43,3.02,70.98,0.17,Inf,Inf,10.61,Inf,0
"Bowron Pit","Jun","obs_na",0,0,0,0,0,0,0,0,26,0,0,0,226,226,196,226,36
"Bowron Pit","Jul","mean",15.53,8.67,22.34,2.23,932.65,78.05,10.93,0.11,335.42,4.62,212.47,0.21,NA,NA,13.94,NA,0
"Bowron Pit","Jul","max",23.45,14.19,35.02,19.6,939.67,98.62,15.08,0.71,85.88,10.07,363.69,0.29,-Inf,-Inf,14.9,-Inf,0
"Bowron Pit","Jul","min",10.3,1.91,11.49,0,921.25,52.96,6.3,0,270.66,2.52,45.67,0.13,Inf,Inf,13.33,Inf,0
"Bowron Pit","Jul","obs_na",0,0,0,0,0,0,0,0,36,0,0,0,237,237,206,237,37
"Bowron Pit","Aug","mean",14.68,Inf,-Inf,1.73,932.63,79.92,10.6,0.09,345.3,-Inf,180.28,0.19,NA,NA,13.7,NA,0
"Bowron Pit","Aug","max",21.36,Inf,34.52,24.2,943.5,98,16.37,0.42,89.72,11.07,298.38,0.27,-Inf,-Inf,15.19,-Inf,0
"Bowron Pit","Aug","min",7.03,-0.51,-Inf,0,922.03,58.66,4.66,0,270.48,-Inf,37.49,0.13,Inf,Inf,12.33,Inf,0
"Bowron Pit","Aug","obs_na",2,0,0,2,2,2,2,2,37,0,2,2,233,233,202,233,36
"Bowron Pit","Sep","mean",10.3,Inf,-Inf,1.78,931.61,83.4,7.1,0.16,344.17,-Inf,117.16,0.2,NA,NA,11.57,NA,0
"Bowron Pit","Sep","max",17.95,Inf,29.84,28.4,949.89,100,12.67,1.13,86.58,11.58,215.88,0.28,-Inf,-Inf,13.6,-Inf,0
"Bowron Pit","Sep","min",0.35,-7.67,-Inf,0,915.4,55.2,-5.4,0,270.13,-Inf,19.62,0.13,Inf,Inf,8.5,Inf,0
"Bowron Pit","Sep","obs_na",12,0,0,12,12,12,12,12,44,0,12,12,258,258,228,258,67
"Bowron Pit","Oct","mean",3.85,-1.23,9.59,1.99,931.63,85.75,1.35,0.25,343.24,5.28,66.72,0.22,NA,NA,5.63,NA,0.08
"Bowron Pit","Oct","max",15.81,9.53,24.22,24,950.33,99.69,10.7,2.24,89.95,17.61,143.01,0.28,-Inf,-Inf,9.45,-Inf,8.61
"Bowron Pit","Oct","min",-11.41,-17.47,-3.78,0,907.53,56.57,-14.88,0,271.07,1.51,11.86,0.15,Inf,Inf,3.75,Inf,0
"Bowron Pit","Oct","obs_na",0,0,0,0,0,0,0,0,36,0,0,0,264,264,217,264,67
"Bowron Pit","Nov","mean",-1.31,-4.95,2.14,2.51,930.33,90.5,-2.81,0.29,341.56,5.26,24.34,0.23,NA,NA,2.68,NA,6.92
"Bowron Pit","Nov","max",10.3,5.92,15.51,32,957.85,99.97,5.31,2.45,89.48,19.12,74.36,0.28,-Inf,-Inf,5.07,-Inf,49.42
"Bowron Pit","Nov","min",-18.23,-25.9,-13.51,0,908.08,59.09,-21.93,0,270.43,0,2.17,0.12,Inf,Inf,0.45,Inf,0
"Bowron Pit","Nov","obs_na",0,0,0,0,0,0,0,0,35,0,0,0,253,253,193,253,33
"Bowron Pit","Dec","mean",-6.25,-10.56,-2.42,1.52,928.96,89.48,-7.8,0.21,349.44,4.47,14.64,0.2,NA,NA,0.97,NA,19.2
"Bowron Pit","Dec","max",7.08,2.48,11.66,38,963.18,100,2.88,1.83,89.2,16.1,40.61,0.28,-Inf,-Inf,1.77,-Inf,53.69
"Bowron Pit","Dec","min",-38.63,-43.81,-30.2,0,902.5,58.61,-41.69,0,272.35,0,2.27,0.09,Inf,Inf,-0.42,Inf,0
"Bowron Pit","Dec","obs_na",0,0,0,0,0,0,0,0,35,0,0,0,268,268,206,268,35
"Bulkley","Jan","mean",-5.88,-9.95,-2.31,0.88,944.64,86.46,-7.86,0.33,341.15,3.11,11.64,NA,NA,NA,NA,25.47,NA
"Bulkley","Jan","max",9.31,5.38,13.33,20.2,966.31,100,5.27,1.77,89.55,8.53,33.26,-Inf,-Inf,-Inf,-Inf,100,-Inf
"Bulkley","Jan","min",-36.24,-43.56,-27.9,0,907.59,52.6,-39.08,0,271.22,0,1.86,Inf,Inf,Inf,Inf,0,Inf
"Bulkley","Jan","obs_na",0,0,0,30,0,0,0,0,0,0,31,524,524,524,524,31,524
"Bulkley","Feb","mean",-6.27,-11.29,-1.33,0.63,944.78,82.75,-8.92,0.33,346.77,3.26,24.4,NA,NA,NA,NA,22.41,NA
"Bulkley","Feb","max",8.64,4.3,13.3,19.2,968.77,100,3.15,1.61,89.43,10.02,53.53,-Inf,-Inf,-Inf,-Inf,100,-Inf
"Bulkley","Feb","min",-28.14,-35.79,-21.42,0,917.92,46.92,-31.11,0,270.29,0,3.83,Inf,Inf,Inf,Inf,0,Inf
"Bulkley","Feb","obs_na",0,0,0,28,0,0,0,0,0,0,29,453,453,453,453,29,453
"Bulkley","Mar","mean",-0.82,-6.69,5.37,0.63,942.01,74.61,-5.42,0.36,359.08,3.52,53.29,NA,NA,NA,NA,20.69,NA
"Bulkley","Mar","max",9.33,6,20.94,15.2,963.84,100,3.41,1.53,89.61,8.91,197.18,-Inf,-Inf,-Inf,-Inf,99.75,-Inf
"Bulkley","Mar","min",-20.86,-31.19,-16.01,0,912.8,39.25,-25.78,0,271.53,0,10.51,Inf,Inf,Inf,Inf,0,Inf
"Bulkley","Mar","obs_na",0,0,0,31,0,0,0,0,0,0,4,496,496,496,496,31,496
"Bulkley","Apr","mean",4.23,-2.72,11.23,0.94,943.48,68.54,-2.24,0.36,5.87,3.85,94.16,NA,NA,NA,NA,25.02,NA
"Bulkley","Apr","max",16.78,7.54,26.21,16,962.05,100,9.09,1.61,89.8,8.16,241.08,-Inf,-Inf,-Inf,-Inf,100,-Inf
"Bulkley","Apr","min",-9.31,-19.1,-3.45,0,918.2,28.25,-17.27,0,270.56,0.56,32.6,Inf,Inf,Inf,Inf,0,Inf
"Bulkley","Apr","obs_na",0,0,0,30,0,0,0,0,0,0,0,489,489,489,489,30,489
"Bulkley","May","mean",10.7,2.57,18.28,1.25,944.18,68.81,3.71,0.32,6.2,3.8,146.03,NA,NA,NA,NA,29.74,NA
"Bulkley","May","max",19.9,11.27,31.48,19,959.63,100,12.39,1.19,89.92,7.98,301.71,-Inf,-Inf,-Inf,-Inf,100,-Inf
"Bulkley","May","min",3.17,-6.74,5.81,0,929.03,32.17,-10.85,0,271.03,1.48,20.92,Inf,Inf,Inf,Inf,0.1,Inf
"Bulkley","May","obs_na",0,0,0,10,0,5,5,0,0,0,0,527,527,527,527,31,527
"Bulkley","Jun","mean",13.91,6.21,21.16,1.7,943.71,71.11,7.6,0.28,1.5,3.59,168.06,NA,NA,NA,NA,33.51,NA
"Bulkley","Jun","max",27.88,16.11,39.66,42.01,955.52,100,17.92,1,89.73,7.79,322.6,-Inf,-Inf,-Inf,-Inf,96.53,-Inf
"Bulkley","Jun","min",5.99,-1.97,7.62,0,926.19,41.65,-1.85,0,270.9,1.11,43.85,Inf,Inf,Inf,Inf,1.54,Inf
"Bulkley","Jun","obs_na",0,0,0,14,0,28,28,0,0,0,0,538,538,538,538,12,538
"Bulkley","Jul","mean",16.29,8.69,23.95,1.71,945.69,74.47,10.56,0.23,7.5,3.31,147.34,NA,NA,NA,NA,38.62,NA
"Bulkley","Jul","max",23.42,15.23,35.42,31,957.11,100,15.53,0.94,89.27,7.24,302.11,-Inf,-Inf,-Inf,-Inf,100,-Inf
"Bulkley","Jul","min",9.41,0.29,10.2,0,933.66,43.05,1.73,0,270.15,0.93,37.39,Inf,Inf,Inf,Inf,1.04,Inf
"Bulkley","Jul","obs_na",0,0,0,31,0,26,26,0,0,0,0,558,558,558,558,0,558
"Bulkley","Aug","mean",15.17,Inf,-Inf,1.25,945.07,76.41,10.03,0.22,9.39,3.18,105.41,NA,NA,NA,NA,41.5,NA
"Bulkley","Aug","max",26.94,Inf,34.52,35.4,957.08,99.41,17.17,0.86,89.98,7.24,271.3,-Inf,-Inf,-Inf,-Inf,99.29,-Inf
"Bulkley","Aug","min",7.7,0.52,-Inf,0,929.43,51.9,2.15,0,270.01,0.19,29.57,Inf,Inf,Inf,Inf,1.5,Inf
"Bulkley","Aug","obs_na",7,0,0,2,0,12,12,0,0,0,8,589,589,589,589,40,589
"Bulkley","Sep","mean",10.32,4.22,17.75,1.36,944.81,82.46,6.85,0.21,358.16,3.06,61.15,NA,NA,NA,NA,52.15,NA
"Bulkley","Sep","max",20.33,12.03,30.95,18.4,963.48,100,14.12,0.94,89.95,7.98,184.36,-Inf,-Inf,-Inf,-Inf,100,-Inf
"Bulkley","Sep","min",0.47,-5.67,5.95,0,919.27,45.55,-4.88,0,270.77,0,16.13,Inf,Inf,Inf,Inf,1.49,Inf
"Bulkley","Sep","obs_na",0,0,0,0,0,0,0,0,0,0,4,570,570,570,570,30,570
"Bulkley","Oct","mean",4.36,-0.6,9.84,1.24,944.3,83.39,1.39,0.28,354.24,3.35,30.89,NA,NA,NA,NA,44.75,NA
"Bulkley","Oct","max",16.71,12.12,24.79,21.8,964.04,100,10.84,1.25,88.96,9.83,76.76,-Inf,-Inf,-Inf,-Inf,100,-Inf
"Bulkley","Oct","min",-13.13,-19.49,-6.81,0,919.94,31.69,-14.64,0,271.02,0,6.28,Inf,Inf,Inf,Inf,0,Inf
"Bulkley","Oct","obs_na",0,0,0,0,0,0,0,0,0,0,31,587,587,587,587,31,587
"Bulkley","Nov","mean",-1.44,-5.07,1.9,1.17,943.14,86.59,-3.55,0.35,349.79,3.3,14.84,NA,NA,NA,NA,35.4,NA
"Bulkley","Nov","max",14.13,8.79,18.94,22.6,971.64,100,6.85,1.67,89.44,7.79,42.28,-Inf,-Inf,-Inf,-Inf,100,-Inf
"Bulkley","Nov","min",-28.41,-32.6,-21.37,0,917.32,46.27,-30.64,0,270.07,0,1.28,Inf,Inf,Inf,Inf,0,Inf
"Bulkley","Nov","obs_na",0,0,0,0,0,0,0,0,0,0,30,540,540,540,540,30,540
"Bulkley","Dec","mean",-6.7,-10.64,-3.4,0.69,944.12,87.12,-8.58,0.29,345.01,2.72,8.03,NA,NA,NA,NA,24.73,NA
"Bulkley","Dec","max",7.79,5.4,11.76,22.6,976.04,100,3.1,1.51,89.6,8.53,21.13,-Inf,-Inf,-Inf,-Inf,100,-Inf
"Bulkley","Dec","min",-38.32,-42.32,-32.29,0,915.89,53.21,-41.44,0,270.13,0,0.92,Inf,Inf,Inf,Inf,0,Inf
"Bulkley","Dec","obs_na",0,0,0,0,0,0,0,0,0,0,31,549,549,549,549,31,549
"Canoe","Jan","mean",-9.07,-11.28,-6.89,0.05,771.77,89.53,-10.68,5.2,345.2,-Inf,31.21,NA,NA,NA,NA,NA,NA
"Canoe","Jan","max",2.25,0.11,4.04,10,787.48,99.82,0.87,17.13,89.84,36.06,84.62,-Inf,-Inf,-Inf,-Inf,-Inf,-Inf
"Canoe","Jan","min",-35.18,-40.49,-30.06,0,750.13,15,-37.68,0,270.09,-Inf,5.09,Inf,Inf,Inf,Inf,Inf,Inf
"Canoe","Jan","obs_na",0,0,0,0,1,0,0,31,31,0,0,345,345,345,345,345,345
"Canoe","Feb","mean",-11.63,-14.19,-8.85,0.03,770.32,88.85,-13.21,4.71,348.41,-Inf,70.7,NA,NA,NA,NA,NA,NA
"Canoe","Feb","max",1.21,-1.07,3.91,5.8,786.48,99.79,-0.8,15.45,88.5,29.04,149.88,-Inf,-Inf,-Inf,-Inf,-Inf,-Inf
"Canoe","Feb","min",-30.22,-32.67,-26.91,0,751.94,32.42,-32.45,0,270.37,-Inf,8.89,Inf,Inf,Inf,Inf,Inf,Inf
"Canoe","Feb","obs_na",0,0,0,0,0,0,0,28,28,0,0,311,311,311,311,311,311
"Canoe","Mar","mean",-7.58,-10.07,-4.86,0.13,771.31,85.82,-9.86,5.21,345.63,-Inf,133.41,NA,NA,NA,NA,NA,NA
"Canoe","Mar","max",5.02,2.82,9.04,4.8,786.97,99.71,-0.2,15.84,86.93,27.68,326.48,-Inf,-Inf,-Inf,-Inf,-Inf,-Inf
"Canoe","Mar","min",-23.63,-28.15,-19.98,0,754.44,30.5,-33.37,0,271.97,-Inf,32.02,Inf,Inf,Inf,Inf,Inf,Inf
"Canoe","Mar","obs_na",0,0,0,0,0,0,0,31,31,0,0,351,351,351,351,351,351
"Canoe","Apr","mean",-4.33,-7.01,-1.48,0.25,774.4,81.34,-7.39,5.53,349.44,-Inf,203.81,NA,NA,NA,NA,NA,NA
"Canoe","Apr","max",8.69,6.08,12.12,6.2,788.03,99.97,2.01,15.79,88.86,31.77,327.38,-Inf,-Inf,-Inf,-Inf,-Inf,-Inf
"Canoe","Apr","min",-18.55,-22.99,-14.43,0,752.44,39.92,-20.97,0,270.96,-Inf,68.53,Inf,Inf,Inf,Inf,Inf,Inf
"Canoe","Apr","obs_na",0,0,0,13,13,0,0,30,32,0,0,360,360,360,360,360,360
"Canoe","May","mean",2.03,-0.77,5.06,1.1,777.42,75.91,-2.34,4.72,348.97,-Inf,246.05,NA,NA,NA,NA,NA,NA
"Canoe","May","max",14.52,11.2,19.25,18.8,793.25,99.97,4.34,11.86,88.62,49.31,388.96,-Inf,-Inf,-Inf,-Inf,-Inf,-Inf
"Canoe","May","min",-7.76,-10.65,-5.3,0,762.82,31.52,-12.54,0,272.01,-Inf,37.49,Inf,Inf,Inf,Inf,Inf,Inf
"Canoe","May","obs_na",0,0,0,31,31,0,0,31,31,0,0,372,372,372,372,372,372
"Canoe","Jun","mean",5.2,2.28,8.38,2.16,778.65,78.09,1.11,4.63,348.19,-Inf,235.61,NA,NA,NA,NA,NA,NA
"Canoe","Jun","max",24.55,20.79,28.94,22.8,791.35,100,9.09,12.89,88.85,29.23,415.92,-Inf,-Inf,-Inf,-Inf,-Inf,-Inf
"Canoe","Jun","min",-2.45,-3.96,-1.21,0,763.5,26.27,-6.95,0,270.67,-Inf,15.92,Inf,Inf,Inf,Inf,Inf,Inf
"Canoe","Jun","obs_na",0,0,0,30,30,0,0,30,30,0,0,360,360,360,360,360,360
"Canoe","Jul","mean",9.27,5.87,12.85,1.97,782.34,71.97,3.83,4.37,349.45,-Inf,236.42,NA,NA,NA,NA,NA,NA
"Canoe","Jul","max",20.66,16.65,24.68,47.6,790.9,100,8.31,11.9,86.74,35.51,429.26,-Inf,-Inf,-Inf,-Inf,-Inf,-Inf
"Canoe","Jul","min",0.32,-2.51,1.7,0,769.15,34.73,-1.52,1.05,270.84,-Inf,51.82,Inf,Inf,Inf,Inf,Inf,Inf
"Canoe","Jul","obs_na",0,0,0,31,31,0,0,23,32,0,0,368,368,368,368,368,368
"Canoe","Aug","mean",9.06,5.9,12.45,1.98,782.51,72.57,3.86,4.42,350.21,11.72,196.66,NA,NA,NA,NA,NA,NA
"Canoe","Aug","max",17.81,14.03,22.37,38.2,790.69,100,10.84,11.3,87.16,31.23,326.29,-Inf,-Inf,-Inf,-Inf,-Inf,-Inf
"Canoe","Aug","min",0.02,-2.71,1.56,0,771.5,34.17,-2.27,1.34,270.2,5.07,36.66,Inf,Inf,Inf,Inf,Inf,Inf
"Canoe","Aug","obs_na",0,0,0,31,31,0,0,0,62,0,0,372,372,372,372,372,372
"Canoe","Sep","mean",4.33,1.75,7.14,2,779.78,79.92,0.68,5.44,347.47,12.65,140.6,NA,NA,NA,NA,NA,NA
"Canoe","Sep","max",16.78,12.97,21.34,37.6,791.95,100,8.13,13.71,76.95,39.76,270.2,-Inf,-Inf,-Inf,-Inf,-Inf,-Inf
"Canoe","Sep","min",-9.24,-10.58,-7.58,0,765.64,33.51,-11.96,0,274.49,0,23.27,Inf,Inf,Inf,Inf,Inf,Inf
"Canoe","Sep","obs_na",0,0,0,3,3,0,0,0,33,0,0,364,364,364,364,364,364
"Canoe","Oct","mean",-2.12,-4.38,0.2,0.66,775.8,87.04,-4.34,5.75,344.23,12.96,78.42,NA,NA,NA,NA,NA,NA
"Canoe","Oct","max",10.73,8.49,14.51,31.01,791.07,100,4.21,15.96,82.95,33.91,185.66,-Inf,-Inf,-Inf,-Inf,-Inf,-Inf
"Canoe","Oct","min",-17.93,-21.22,-13.16,0,754.87,29.87,-19.36,0,270.14,0,21.61,Inf,Inf,Inf,Inf,Inf,Inf
"Canoe","Oct","obs_na",0,0,0,0,1,0,0,0,31,0,0,403,403,403,403,403,403
"Canoe","Nov","mean",-7.32,-9.42,-5.21,0.18,772.35,89.37,-9.07,5.96,344.82,-Inf,39.47,NA,NA,NA,NA,NA,NA
"Canoe","Nov","max",3.96,2.24,5.23,20.2,791.4,100,1.4,17.49,83.89,30.21,102.75,-Inf,-Inf,-Inf,-Inf,-Inf,-Inf
"Canoe","Nov","min",-26.12,-30.97,-21.77,0,752.67,17.13,-28.37,0,271.9,-Inf,8.89,Inf,Inf,Inf,Inf,Inf,Inf
"Canoe","Nov","obs_na",0,0,0,0,0,0,0,17,30,0,0,390,390,390,390,390,390
"Canoe","Dec","mean",-10.26,-12.33,-8.14,0,770.07,89.33,-11.86,5.64,345.79,-Inf,23.89,NA,NA,NA,NA,NA,NA
"Canoe","Dec","max",3.29,-0.09,5.95,0.4,793.62,99.71,-0.68,17.47,88.16,36.64,92.8,-Inf,-Inf,-Inf,-Inf,-Inf,-Inf
"Canoe","Dec","min",-32.41,-35.27,-30.41,0,748.41,30.98,-34.7,0,270.31,-Inf,3.58,Inf,Inf,Inf,Inf,Inf,Inf
"Canoe","Dec","obs_na",0,0,0,0,0,0,0,46,31,0,0,379,379,379,379,379,379
"Caribou Pass","Jan","mean",-11.12,-13.6,-8.42,0.08,807.78,86.7,-13.08,6.29,4.29,14.28,20.82,NA,-7.58,NA,NA,NA,NA
"Caribou Pass","Jan","max",-0.79,-2.98,1.4,4,822.6,98.12,-2.86,18.92,88.56,45.22,57.8,-Inf,-3.97,-Inf,-Inf,-Inf,-Inf
"Caribou Pass","Jan","min",-30.39,-32.75,-25.44,0,773.72,32.98,-32.65,0,271.91,0,3.26,Inf,-11.11,Inf,Inf,Inf,Inf
"Caribou Pass","Jan","obs_na",0,0,0,0,1,0,0,0,0,0,0,66,35,66,66,66,66
"Caribou Pass","Feb","mean",-11.61,-14.02,-8.88,0,806.88,78.63,-14.97,6.31,6.22,13.83,61.17,NA,-7.62,NA,NA,NA,NA
"Caribou Pass","Feb","max",-2.72,-4.26,3.01,0.2,824.15,96.49,-4.35,15.02,86.64,28.46,110.62,-Inf,-4.31,-Inf,-Inf,-Inf,-Inf
"Caribou Pass","Feb","min",-28.05,-30.76,-25.05,0,790.22,34.31,-30.64,1.7,270.02,5.26,15.35,Inf,-13.13,Inf,Inf,Inf,Inf
"Caribou Pass","Feb","obs_na",0,0,0,0,29,0,0,0,0,0,0,57,28,57,57,57,57
"Caribou Pass","Mar","mean",-8.42,-11.27,-4.9,0.01,801.97,79.19,-11.66,6.38,0.11,14.12,129.37,NA,-7.09,NA,NA,NA,NA
"Caribou Pass","Mar","max",1.67,-3.01,6.38,0.2,812.98,94.83,-4.17,16.08,88.85,34.11,210.87,-Inf,-2.97,-Inf,-Inf,-Inf,-Inf
"Caribou Pass","Mar","min",-28.99,-32.07,-27.03,0,791.72,37.47,-31.28,1.68,275.35,5.07,30.67,Inf,-14.9,Inf,Inf,Inf,Inf
"Caribou Pass","Mar","obs_na",0,0,0,0,31,0,0,0,0,0,0,62,31,62,62,62,62
"Caribou Pass","Apr","mean",-4.29,-6.74,-1.48,0.08,807.61,77.72,-8.08,6.57,355.5,14.51,200.34,NA,-3.34,NA,NA,NA,NA
"Caribou Pass","Apr","max",1.18,-1.27,4.45,2.4,818.88,97.37,-2.19,12.48,86.28,23.78,287.6,-Inf,0.56,-Inf,-Inf,-Inf,-Inf
"Caribou Pass","Apr","min",-9.21,-12.82,-6.52,0,778.36,32.82,-14.64,1.29,277.62,4.68,110.46,Inf,-5.4,Inf,Inf,Inf,Inf
"Caribou Pass","Apr","obs_na",0,0,0,0,26,0,0,0,0,0,0,60,30,60,60,60,60
"Caribou Pass","May","mean",-0.42,-3.17,2.98,0.18,809.74,80.38,-3.65,6.74,0.17,15.2,221.93,NA,1.3,NA,NA,NA,NA
"Caribou Pass","May","max",5.11,0.66,10.79,1.6,819.05,97.34,1.64,12.26,86.9,28.84,322.55,-Inf,3.24,-Inf,-Inf,-Inf,-Inf
"Caribou Pass","May","min",-4.88,-7.09,-2.45,0,794.69,53.41,-8.18,1.85,272.37,6.63,124.05,Inf,0.56,Inf,Inf,Inf,Inf
"Caribou Pass","May","obs_na",0,0,0,0,0,0,0,0,0,0,0,62,31,62,62,62,62
"Caribou Pass","Jun","mean",5.39,2.18,9.39,1.46,814.54,74.86,0.72,5.49,5.18,14.39,201.17,NA,5.45,NA,NA,NA,NA
"Caribou Pass","Jun","max",12.57,9.14,18.25,10,822.06,99.8,6.67,11.34,89.78,24.36,359.63,-Inf,9.52,-Inf,-Inf,-Inf,-Inf
"Caribou Pass","Jun","min",-1.28,-3.9,0.44,0,797.41,34.24,-5.95,1.9,271.41,7.21,80.05,Inf,1.14,Inf,Inf,Inf,Inf
"Caribou Pass","Jun","obs_na",0,0,0,0,0,0,0,0,0,0,0,60,30,60,60,60,60
"Caribou Pass","Jul","mean",7.97,4.74,11.96,1.7,816.96,80.08,4.32,5.83,14.88,14.32,188.62,NA,8.6,NA,NA,NA,NA
"Caribou Pass","Jul","max",15.68,11.35,21.46,26,826.31,100,9.86,12.81,89.34,29.04,348.53,-Inf,13.28,-Inf,-Inf,-Inf,-Inf
"Caribou Pass","Jul","min",0.56,-1.1,2.98,0,804.67,35.92,-1.2,1.91,271.25,7.02,22.7,Inf,5.25,Inf,Inf,Inf,Inf
"Caribou Pass","Jul","obs_na",0,0,0,0,0,0,0,0,0,0,0,62,31,62,62,62,62
"Caribou Pass","Aug","mean",8.92,5.86,12.89,2.27,817.83,71.09,3.26,5.29,16.1,12.95,176.19,NA,9.82,NA,NA,NA,NA
"Caribou Pass","Aug","max",17.28,13.57,24.17,20.2,825.77,98.42,7.19,10.81,88.52,22.02,345.43,-Inf,13.2,-Inf,-Inf,-Inf,-Inf
"Caribou Pass","Aug","min",1.93,-1.1,3.83,0,804.4,39.71,-1.38,1.83,271.5,7.21,35.15,Inf,6.25,Inf,Inf,Inf,Inf
"Caribou Pass","Aug","obs_na",0,0,0,0,0,0,0,0,0,0,0,90,54,90,90,90,90
"Caribou Pass","Sep","mean",3.3,0.7,7,0.62,810.79,81.32,-0.01,5.65,355.88,13.83,97.74,NA,4.19,NA,NA,NA,NA
"Caribou Pass","Sep","max",16.22,12.29,22.56,5.6,824.43,98.12,4.75,14.9,89.85,32.16,229.05,-Inf,8.34,-Inf,-Inf,-Inf,-Inf
"Caribou Pass","Sep","min",-3.18,-5.57,-1.84,0,797.24,35.86,-4.68,0.82,270.25,4.68,32.18,Inf,1.39,Inf,Inf,Inf,Inf
"Caribou Pass","Sep","obs_na",0,0,0,0,0,0,0,0,0,0,0,90,60,90,90,90,90
"Caribou Pass","Oct","mean",-2.88,-5.23,0.67,0.13,808.01,85.42,-5.23,5.01,347.61,13.23,48.82,NA,0.65,NA,NA,NA,NA
"Caribou Pass","Oct","max",5.71,3.59,14.67,1.8,824.67,99.02,2.73,13.18,88.5,25.53,123.48,-Inf,3.4,-Inf,-Inf,-Inf,-Inf
"Caribou Pass","Oct","min",-18.63,-21.42,-14.71,0,789.26,29.64,-20.25,0,270.08,0,7.74,Inf,-1.88,Inf,Inf,Inf,Inf
"Caribou Pass","Oct","obs_na",0,0,0,0,0,0,0,0,0,0,0,93,62,93,93,93,93
"Caribou Pass","Nov","mean",-8.75,-11.22,-5.74,0,804.12,90.88,-10.05,4.45,4.67,11.94,22.42,NA,-1.71,NA,NA,NA,NA
"Caribou Pass","Nov","max",-1.09,-1.73,1.91,0,821.71,97.85,-2.03,11.82,87.04,28.65,73.05,-Inf,-0.2,-Inf,-Inf,-Inf,-Inf
"Caribou Pass","Nov","min",-26.23,-31.12,-20.21,0,787.5,32.61,-28.6,0,276.34,0.39,6.6,Inf,-4.14,Inf,Inf,Inf,Inf
"Caribou Pass","Nov","obs_na",0,0,0,0,0,0,0,0,0,0,0,90,60,90,90,90,90
"Caribou Pass","Dec","mean",-10.48,-12.96,-8.06,0.06,800.92,89.88,-11.86,6.47,344.37,-Inf,11.18,NA,-5.53,NA,NA,NA,NA
"Caribou Pass","Dec","max",0.4,-1.5,1.75,2.6,818.14,99.91,-0.98,13.81,88.33,36.25,30.3,-Inf,-3.64,-Inf,-Inf,-Inf,-Inf
"Caribou Pass","Dec","min",-33.14,-35.19,-30.69,0,786.03,71.31,-35.69,0,270.43,-Inf,3.31,Inf,-7.25,Inf,Inf,Inf,Inf
"Caribou Pass","Dec","obs_na",0,0,0,0,0,0,0,19,0,0,0,93,62,93,93,93,93
"Cassiar Mt","Jan","mean",-10.99,-13.45,-8.32,0.13,828.03,87.05,-12.84,0.54,350.68,5.46,17.18,NA,NA,NA,NA,NA,NA
"Cassiar Mt","Jan","max",2.98,1.99,4.53,8.2,848.91,99.7,-0.34,7.11,88.79,27.09,70.71,-Inf,-Inf,-Inf,-Inf,-Inf,-Inf
"Cassiar Mt","Jan","min",-29.82,-32.91,-26.14,0,803.25,50.91,-31.83,0,275.12,0,6.28,Inf,Inf,Inf,Inf,Inf,Inf
"Cassiar Mt","Jan","obs_na",0,0,0,0,0,0,0,0,0,0,0,62,62,62,62,62,62
"Cassiar Mt","Feb","mean",-12.42,-15.11,-9.83,0.1,829.25,79.87,-15.41,0.76,3.05,7.9,50.74,NA,NA,NA,NA,NA,NA
"Cassiar Mt","Feb","max",1.34,-1.16,2.93,3.2,848.14,97.43,-1.95,4.3,78.38,28.57,84.05,-Inf,-Inf,-Inf,-Inf,-Inf,-Inf
"Cassiar Mt","Feb","min",-28.1,-29.25,-26.43,0,808.7,37.35,-30.1,0,271.13,0,11.65,Inf,Inf,Inf,Inf,Inf,Inf
"Cassiar Mt","Feb","obs_na",0,0,0,0,0,0,0,0,0,0,0,56,56,56,56,56,56
"Cassiar Mt","Mar","mean",-12.27,-15.26,-8.83,0.16,828.78,84.6,-14.47,0.54,355.67,6.68,112.56,NA,NA,NA,NA,NA,NA
"Cassiar Mt","Mar","max",0.36,-1.5,3.49,3.2,841.65,96.96,-3.15,2.53,86.69,16.88,198.95,-Inf,-Inf,-Inf,-Inf,-Inf,-Inf
"Cassiar Mt","Mar","min",-28.7,-32.07,-25.21,0,814.95,49.08,-30.83,0,276.86,0,58.53,Inf,Inf,Inf,Inf,Inf,Inf
"Cassiar Mt","Mar","obs_na",0,0,0,0,0,0,0,0,0,0,0,62,62,62,62,62,62
"Cassiar Mt","Apr","mean",-4.28,-7.32,-0.54,0.58,831.67,80.48,-7.35,0.55,8.67,7.52,202.66,NA,NA,NA,NA,NA,NA
"Cassiar Mt","Apr","max",3.15,0.74,7.42,4.4,842.78,97.98,0.12,2.4,76.91,23.93,276.5,-Inf,-Inf,-Inf,-Inf,-Inf,-Inf
"Cassiar Mt","Apr","min",-16.79,-21.57,-14.16,0,819.33,53.93,-19.02,0,272.95,0,120.2,Inf,Inf,Inf,Inf,Inf,Inf
"Cassiar Mt","Apr","obs_na",0,0,0,0,0,0,0,0,0,0,0,60,60,60,60,60,60
"Cassiar Mt","May","mean",3.51,0.57,6.9,0.73,835.35,75.8,-0.72,0.68,6.46,8.81,237.08,NA,NA,NA,NA,NA,NA
"Cassiar Mt","May","max",12.43,9.39,16.77,5.8,843.82,97.41,4.02,2.24,72.94,17.07,357.65,-Inf,-Inf,-Inf,-Inf,-Inf,-Inf
"Cassiar Mt","May","min",-3.13,-7.19,-0.79,0,826.38,38.13,-7.42,0,282.89,0,74.93,Inf,Inf,Inf,Inf,Inf,Inf
"Cassiar Mt","May","obs_na",0,0,0,0,0,0,0,0,0,0,0,62,62,62,62,62,62
"Cassiar Mt","Jun","mean",6.81,3.61,10.45,1.34,835.32,77.62,2.8,0.71,2.12,9.26,235.9,NA,NA,NA,NA,NA,NA
"Cassiar Mt","Jun","max",19.04,14.79,22.73,10.2,847.76,99.08,8.77,2.39,89.9,20.22,375.05,-Inf,-Inf,-Inf,-Inf,-Inf,-Inf
"Cassiar Mt","Jun","min",-0.4,-1.56,0.47,0,827.37,41.17,-1.74,0,285.71,0,85.46,Inf,Inf,Inf,Inf,Inf,Inf
"Cassiar Mt","Jun","obs_na",0,0,0,0,0,0,0,0,0,0,0,60,60,60,60,60,60
"Cassiar Mt","Jul","mean",9.71,6.6,13.34,2.09,841.13,78.92,5.87,0.49,9.08,6.19,208.93,NA,NA,NA,NA,NA,NA
"Cassiar Mt","Jul","max",19.44,15.46,24.1,17.4,851.88,96.88,11.81,2.2,89.2,18,328.75,-Inf,-Inf,-Inf,-Inf,-Inf,-Inf
"Cassiar Mt","Jul","min",1.6,0.52,4.22,0,833.8,47.42,0.86,0,278.63,0,58,Inf,Inf,Inf,Inf,Inf,Inf
"Cassiar Mt","Jul","obs_na",0,0,0,0,0,0,0,0,0,0,0,62,62,62,62,62,62
"Cassiar Mt","Aug","mean",9.05,6.34,12.13,2.06,839.17,80.31,5.53,0.66,357.65,6.57,161.56,NA,NA,NA,NA,NA,NA
"Cassiar Mt","Aug","max",19.31,14.94,23.88,34.6,852.73,98.99,9.89,2.71,87.98,17.07,338.24,-Inf,-Inf,-Inf,-Inf,-Inf,-Inf
"Cassiar Mt","Aug","min",0.78,-0.26,1.89,0,828.49,44.9,0.4,0,302.68,0,52.7,Inf,Inf,Inf,Inf,Inf,Inf
"Cassiar Mt","Aug","obs_na",0,0,0,0,0,0,0,0,0,0,0,75,75,75,75,75,75
"Cassiar Mt","Sep","mean",4.44,2.32,7,3.1,835.91,85.34,2.01,0.27,345.28,3.35,96.18,NA,NA,NA,NA,NA,NA
"Cassiar Mt","Sep","max",15.5,12.82,18.99,21.6,846.6,99.63,8.83,2.52,84.58,17.44,199.42,-Inf,-Inf,-Inf,-Inf,-Inf,-Inf
"Cassiar Mt","Sep","min",-3.77,-4.56,-2.77,0,824.61,54.16,-5,0,279.5,0,18.43,Inf,Inf,Inf,Inf,Inf,Inf
"Cassiar Mt","Sep","obs_na",0,0,0,0,0,0,0,0,0,0,0,60,60,60,60,60,60
"Cassiar Mt","Oct","mean",-3.58,-5.49,-1.48,0.8,831.49,89.46,-5.24,0.23,357.86,2.75,55.29,NA,NA,NA,NA,NA,NA
"Cassiar Mt","Oct","max",7.59,4.61,11.05,21.2,848.35,98.26,3.02,1.98,83.78,15.77,118.7,-Inf,-Inf,-Inf,-Inf,-Inf,-Inf
"Cassiar Mt","Oct","min",-12.69,-13.7,-11.22,0,807.56,55.33,-13.61,0,271.48,0,16.65,Inf,Inf,Inf,Inf,Inf,Inf
"Cassiar Mt","Oct","obs_na",0,0,0,0,0,0,0,0,0,0,0,62,62,62,62,62,62
"Cassiar Mt","Nov","mean",-10.09,-12.52,-7.65,0.03,825.19,88.8,-11.67,0.35,352.35,5.44,21.03,NA,NA,NA,NA,NA,NA
"Cassiar Mt","Nov","max",1.01,-0.82,2.29,1,846.57,97.86,-1.58,2.82,81.59,18.37,47.33,-Inf,-Inf,-Inf,-Inf,-Inf,-Inf
"Cassiar Mt","Nov","min",-24.13,-26.37,-23.04,0,811.27,54.57,-25.88,0,296.7,0,4.57,Inf,Inf,Inf,Inf,Inf,Inf
"Cassiar Mt","Nov","obs_na",0,0,0,0,0,0,0,0,0,0,0,60,60,60,60,60,60
"Cassiar Mt","Dec","mean",-11.41,-13.74,-8.94,0.09,832.46,81.92,-14.09,0.53,358.65,4.72,10.18,NA,NA,NA,NA,NA,NA
"Cassiar Mt","Dec","max",1.68,0.25,2.96,5.4,847.08,97.44,-0.78,3.19,85.16,21.34,18.58,-Inf,-Inf,-Inf,-Inf,-Inf,-Inf
"Cassiar Mt","Dec","min",-29.89,-31.7,-27.83,0,811.01,48.85,-32.21,0,272.32,0,5.08,Inf,Inf,Inf,Inf,Inf,Inf
"Cassiar Mt","Dec","obs_na",0,0,0,0,0,0,0,0,0,0,0,62,62,62,62,62,62
"Central Plateau Finlay","Jan","mean",-5.65,-9.34,-2.42,1.06,945.39,85.92,-7.81,0.65,344.44,2.97,20.23,NA,NA,NA,NA,25.89,NA
"Central Plateau Finlay","Jan","max",9,5.51,13.21,25.6,966.57,100,4.99,11.55,89.8,9.83,297.87,-Inf,-Inf,-Inf,-Inf,100,-Inf
"Central Plateau Finlay","Jan","min",-35.61,-42.08,-29.59,0,908.36,22,-38.13,0,270.26,0,1.34,Inf,Inf,Inf,Inf,0,Inf
"Central Plateau Finlay","Jan","obs_na",0,0,0,0,0,1,1,0,0,0,0,558,558,558,558,31,558
"Central Plateau Finlay","Feb","mean",-6.1,-10.69,-1.45,0.74,945.49,82.35,-9.01,0.98,346.21,2.78,35.44,NA,NA,NA,NA,27.4,NA
"Central Plateau Finlay","Feb","max",8.86,4.25,12.9,18,968.66,100,3.62,25.19,88.64,11.69,312.26,-Inf,-Inf,-Inf,-Inf,100,-Inf
"Central Plateau Finlay","Feb","min",-27.38,-34.51,-21.77,0,918.21,27.96,-41.21,0,270.19,0,2.38,Inf,Inf,Inf,Inf,0,Inf
"Central Plateau Finlay","Feb","obs_na",0,0,0,0,0,2,2,0,0,0,0,509,509,509,509,29,509
"Central Plateau Finlay","Mar","mean",-0.74,Inf,-Inf,0.92,943.24,74.35,-5.51,1.9,352.42,-Inf,59.33,NA,NA,NA,NA,21.03,NA
"Central Plateau Finlay","Mar","max",9.49,Inf,21.29,17.6,965.08,100,6,48.58,89.89,11.69,309.8,-Inf,-Inf,-Inf,-Inf,100,-Inf
"Central Plateau Finlay","Mar","min",-22.97,-35.05,-Inf,0,914.78,35.04,-31.48,0,270.66,-Inf,9.48,Inf,Inf,Inf,Inf,0,Inf
"Central Plateau Finlay","Mar","obs_na",30,0,0,30,30,38,38,30,30,0,30,558,558,558,558,61,558
"Central Plateau Finlay","Apr","mean",4.26,Inf,-Inf,1.05,944.58,67.76,-2.59,3.24,358.3,-Inf,94.5,NA,NA,NA,NA,21.58,NA
"Central Plateau Finlay","Apr","max",17.15,Inf,26.09,22.4,962.26,100,9.28,70.56,89.72,7.05,262.34,-Inf,-Inf,-Inf,-Inf,100,-Inf
"Central Plateau Finlay","Apr","min",-9.17,-17.86,-Inf,0,918.9,23.42,-23.04,0.02,272.11,-Inf,29.21,Inf,Inf,Inf,Inf,0,Inf
"Central Plateau Finlay","Apr","obs_na",60,0,0,60,60,63,63,60,60,0,60,540,540,540,540,90,540
"Central Plateau Finlay","May","mean",10.82,Inf,-Inf,1.39,944.76,69.12,3.74,3.84,355.08,-Inf,129.66,NA,NA,NA,NA,28.04,NA
"Central Plateau Finlay","May","max",19.76,Inf,31.08,19.8,960.35,100,12.57,91.65,89.68,6.68,349.73,-Inf,-Inf,-Inf,-Inf,100,-Inf
"Central Plateau Finlay","May","min",2.13,-5.31,-Inf,0,926.93,21.25,-20.8,0,270.14,-Inf,15.04,Inf,Inf,Inf,Inf,0,Inf
"Central Plateau Finlay","May","obs_na",27,0,0,34,27,30,30,27,27,0,27,558,558,558,558,58,558
"Central Plateau Finlay","Jun","mean",13.79,6.93,20.83,1.95,944.3,71.77,7.67,4.55,354.52,3.13,152.02,NA,NA,NA,NA,29.92,NA
"Central Plateau Finlay","Jun","max",27.3,17.11,38.59,36.01,956.51,100,18.33,104.26,89.2,7.61,356.45,-Inf,-Inf,-Inf,-Inf,98.43,-Inf
"Central Plateau Finlay","Jun","min",5.98,-0.28,7.89,0,926.79,41.3,-1.72,0,275.99,0.37,32.38,Inf,Inf,Inf,Inf,0,Inf
"Central Plateau Finlay","Jun","obs_na",0,0,0,43,7,0,0,0,0,0,0,540,540,540,540,24,540
"Central Plateau Finlay","Jul","mean",16.14,9.37,23.62,1.96,946.31,75.01,10.66,3.49,354.04,2.77,138.71,NA,NA,NA,NA,33.86,NA
"Central Plateau Finlay","Jul","max",23.47,15.82,35.08,37.2,958.1,100,15.98,87.13,88.85,7.42,328.01,-Inf,-Inf,-Inf,-Inf,100,-Inf
"Central Plateau Finlay","Jul","min",9.21,1.17,10.12,0,934.83,41.98,1.49,0,271.41,0.19,25.92,Inf,Inf,Inf,Inf,0.2,Inf
"Central Plateau Finlay","Jul","obs_na",0,0,0,54,31,0,0,0,0,0,0,558,558,558,558,23,558
"Central Plateau Finlay","Aug","mean",15.25,8.78,23.09,1.39,945.68,77,10.33,2.59,355.03,2.75,101.95,NA,NA,NA,NA,35.72,NA
"Central Plateau Finlay","Aug","max",22.41,17.53,34.73,35.8,958.19,99.42,17.35,62.65,87.21,6.86,296.03,-Inf,-Inf,-Inf,-Inf,100,-Inf
"Central Plateau Finlay","Aug","min",7.57,2.03,9.82,0,929.96,48.85,2.53,0,277.4,0.19,21.71,Inf,Inf,Inf,Inf,0.27,Inf
"Central Plateau Finlay","Aug","obs_na",0,0,0,22,31,0,0,0,0,0,0,580,580,580,580,22,580
"Central Plateau Finlay","Sep","mean",10.4,4.99,17.33,1.48,945.43,83.47,7.17,1.63,351.37,2.87,65.97,NA,NA,NA,NA,47.57,NA
"Central Plateau Finlay","Sep","max",20.6,12,30.31,21.2,964.05,100,14.38,47.39,89.96,8.72,239.77,-Inf,-Inf,-Inf,-Inf,100,-Inf
"Central Plateau Finlay","Sep","min",0.9,-4.96,6.1,0,919.28,40.79,-5.08,0,271.54,0,13.63,Inf,Inf,Inf,Inf,0,Inf
"Central Plateau Finlay","Sep","obs_na",0,0,0,0,30,0,0,0,0,0,0,570,570,570,570,30,570
"Central Plateau Finlay","Oct","mean",4.55,0.06,9.55,1.45,944.78,83.56,1.51,1.37,351.04,3.27,39.44,NA,NA,NA,NA,40.57,NA
"Central Plateau Finlay","Oct","max",16.91,12.17,24.79,21.8,964.75,100,11.07,31.55,89.85,10.95,255.27,-Inf,-Inf,-Inf,-Inf,100,-Inf
"Central Plateau Finlay","Oct","min",-12.77,-18.05,-8.38,0,920.62,26.88,-21.55,0,270.02,0.19,5.4,Inf,Inf,Inf,Inf,0,Inf
"Central Plateau Finlay","Oct","obs_na",0,0,0,0,31,2,2,0,0,0,0,587,587,587,587,31,587
"Central Plateau Finlay","Nov","mean",-1.36,-4.59,1.67,1.46,943.75,86.46,-3.63,0.72,343.3,-Inf,23.49,NA,NA,NA,NA,35.1,NA
"Central Plateau Finlay","Nov","max",14.18,10.03,18.75,37.4,972.05,100,6.95,16.85,89.85,10.39,296.44,-Inf,-Inf,-Inf,-Inf,100,-Inf
"Central Plateau Finlay","Nov","min",-27.13,-31.55,-21.67,0,917.85,28.06,-29.01,0,271.6,-Inf,0.82,Inf,Inf,Inf,Inf,0,Inf
"Central Plateau Finlay","Nov","obs_na",0,0,0,0,18,0,0,13,0,0,0,540,540,540,540,30,540
"Central Plateau Finlay","Dec","mean",-6.62,-10.16,-3.61,0.84,944.71,86.61,-8.62,0.49,348.81,2.65,16.68,NA,NA,NA,NA,23.07,NA
"Central Plateau Finlay","Dec","max",7.99,5.4,11.83,41.4,977.55,100,3.41,7.38,88.98,9.83,295.94,-Inf,-Inf,-Inf,-Inf,100,-Inf
"Central Plateau Finlay","Dec","min",-37.8,-41.62,-32.67,0,916.35,20.02,-40.71,0,270.67,0,0.71,Inf,Inf,Inf,Inf,0,Inf
"Central Plateau Finlay","Dec","obs_na",0,0,0,0,0,3,3,0,0,0,0,558,558,558,558,31,558
"Chapman","Jan","mean",-8.49,-13.05,-4.33,0.87,917.15,93.46,-9.37,0.02,7.08,1.73,13.19,0.2,0.21,0.26,1.21,NA,NA
"Chapman","Jan","max",2.74,-0.14,8.77,15,936.86,99.91,2.06,0.29,88.66,9.06,34.73,0.29,0.32,0.39,4.89,-Inf,-Inf
"Chapman","Jan","min",-36.55,-41.16,-27.71,0,897.54,75.78,-38.91,0,273.95,0,1.23,0.09,0.08,0.11,-1.96,Inf,Inf
"Chapman","Jan","obs_na",0,0,0,0,0,0,0,0,0,0,0,0,31,31,6,124,124
"Chapman","Feb","mean",-9.08,-15.66,-2.08,1.08,916.07,84.05,-11.44,0.07,13.84,3.64,44.91,0.23,0.22,0.29,1.82,NA,NA
"Chapman","Feb","max",4.25,1.56,8.3,19,938.79,99.85,2.16,0.84,89.75,11.58,91.24,0.5,0.32,0.5,5.96,-Inf,-Inf
"Chapman","Feb","min",-30.71,-39.01,-18.79,0,896.05,62.65,-33.42,0,270.19,0,7.12,0.11,0.09,0.15,-0.48,Inf,Inf
"Chapman","Feb","obs_na",0,0,0,0,0,0,0,0,0,0,0,0,29,29,0,113,113
"Chapman","Mar","mean",-2.93,-10.03,4.42,0.52,913.3,75.47,-7.28,0.12,6.1,4.64,115.34,0.26,0.26,0.33,2.3,NA,NA
"Chapman","Mar","max",4.9,1.26,15.46,11.4,932.31,97.03,2.28,0.67,89.74,9.56,209.99,0.53,0.39,0.51,8.18,-Inf,-Inf
"Chapman","Mar","min",-20.81,-33.22,-14.71,0,896.38,57.88,-24.38,0,271,1.51,28.95,0.18,0.12,0.18,0.06,Inf,Inf
"Chapman","Mar","obs_na",0,0,0,0,0,0,0,0,0,0,0,0,31,31,0,124,124
"Chapman","Apr","mean",1.2,-5.62,8.06,0.98,915.39,69.89,-4.53,0.25,359.47,5.71,173.69,0.5,0.43,0.48,3.44,NA,NA
"Chapman","Apr","max",7.66,2.56,20.06,13.6,934.14,96.28,1.58,1.34,89.96,10.57,270.88,0.59,0.57,0.53,9.79,-Inf,-Inf
"Chapman","Apr","min",-7.65,-17.55,-2.8,0,891.85,42.52,-18.39,0,271.66,3.02,51.81,0.24,0.18,0.21,0.33,Inf,Inf
"Chapman","Apr","obs_na",0,0,0,0,0,0,0,0,0,0,0,0,30,30,0,120,120
"Chapman","May","mean",7.55,-0.68,14.8,0.75,916.11,66.74,0.78,0.29,12.9,5.79,212.38,0.47,0.45,0.49,9.95,NA,NA
"Chapman","May","max",17.05,7.92,30.14,12.2,930.82,91.3,6.99,0.9,89.25,10.57,341.82,0.59,0.56,0.54,16.51,-Inf,-Inf
"Chapman","May","min",2.14,-6.36,5.62,0,901.98,46.45,-4.93,0,270.38,2.52,80.3,0.24,0.24,0.28,2.94,Inf,Inf
"Chapman","May","obs_na",0,0,0,0,0,0,0,0,0,0,0,0,29,29,7,124,124
"Chapman","Jun","mean",11.78,2.64,19.17,1.29,917.4,66.62,4.65,0.28,7.36,5.57,237.16,0.29,0.29,0.36,13.25,NA,NA
"Chapman","Jun","max",18.76,11.73,31.2,14.8,927.96,94.8,12.27,1.13,88.56,8.56,369.58,0.52,0.45,0.53,18.5,-Inf,-Inf
"Chapman","Jun","min",5.11,-5.3,9.44,0,898.34,41.41,-1.7,0,270.19,3.02,55.72,0.15,0.1,0.15,8.61,Inf,Inf
"Chapman","Jun","obs_na",0,0,0,0,0,0,0,0,0,0,0,0,0,0,27,120,120
"Chapman","Jul","mean",14.36,5.05,22.38,1.51,919.62,70.81,8.13,0.21,18.96,5.28,230.91,0.21,0.21,0.26,13.01,NA,NA
"Chapman","Jul","max",20.22,13.06,32.1,34.8,927.14,95.96,12.7,0.88,89.97,9.56,356.65,0.53,0.55,0.52,16.23,-Inf,-Inf
"Chapman","Jul","min",8.96,-1.73,13.91,0,910.26,46.89,2.13,0,270.48,2.52,66.4,0.08,0.06,0.09,10.92,Inf,Inf
"Chapman","Jul","obs_na",0,0,0,0,0,0,0,0,0,0,0,0,0,0,24,147,147
"Chapman","Aug","mean",13.64,4.28,22.65,1.12,919.43,72.29,7.7,0.15,10.59,4.91,199.41,0.13,0.12,0.18,12.78,NA,NA
"Chapman","Aug","max",19.9,13.88,30.95,18.2,929.08,96.59,12.64,0.78,89.8,10.07,322.12,0.29,0.23,0.28,15.98,-Inf,-Inf
"Chapman","Aug","min",4.02,-3.3,10.22,0,906.79,54.71,2.25,0,270.32,2.01,39.73,0.05,0.06,0.11,10.95,Inf,Inf
"Chapman","Aug","obs_na",0,0,0,0,0,0,0,0,0,0,0,0,0,0,0,155,155
"Chapman","Sep","mean",8.38,0.69,16.74,1.5,916.34,80.2,4.53,0.09,8.04,4.45,125.54,0.13,0.13,0.18,10.1,NA,NA
"Chapman","Sep","max",16.03,9.66,31.82,21.8,929.25,98.02,10.65,0.54,89.39,8.56,224.68,0.29,0.39,0.47,14.95,-Inf,-Inf
"Chapman","Sep","min",-0.56,-5.26,1.89,0,899.2,55.7,-1.51,0,270.32,2.01,18.28,0.05,0.05,0.12,3.51,Inf,Inf
"Chapman","Sep","obs_na",0,0,0,0,0,0,0,0,0,0,0,0,0,14,0,143,143
"Chapman","Oct","mean",1.93,-3.45,8.07,1.53,915.21,87.64,-0.13,0.04,357.13,3.8,59.68,0.19,0.24,0.3,5.15,NA,NA
"Chapman","Oct","max",11.17,8.17,21.44,20.4,932.39,99.76,8.69,0.67,88.97,9.06,133.11,0.33,0.41,0.47,9.51,-Inf,-Inf
"Chapman","Oct","min",-11.18,-20.17,-5.3,0,892.7,63.86,-14.29,0,270.02,1.01,5.4,0.08,0.09,0.19,-0.47,Inf,Inf
"Chapman","Oct","obs_na",0,0,0,0,0,0,0,0,0,0,0,0,27,31,0,124,124
"Chapman","Nov","mean",-4.66,-8.76,-1.12,1.54,914.15,94.52,-5.44,0.02,357.44,3.01,19.4,0.25,0.25,0.35,1.61,NA,NA
"Chapman","Nov","max",5.21,2.53,10.05,20.2,943.37,100,4.52,0.42,89.04,11.07,42.96,0.57,0.4,0.49,3.77,-Inf,-Inf
"Chapman","Nov","min",-21.14,-28.15,-15.83,0,894.27,72.57,-23.6,0,270.19,0,3.21,0.16,0.17,0.21,-2.3,Inf,Inf
"Chapman","Nov","obs_na",0,0,0,0,0,0,0,0,0,0,0,0,30,30,0,120,120
"Chapman","Dec","mean",-11.39,-16.15,-7.43,0.36,913.59,93.35,-12.23,0,0.55,0.9,7.19,0.22,0.22,0.31,1.36,NA,NA
"Chapman","Dec","max",1.45,-0.03,5.51,9.6,946.75,100,1.43,0.1,89.63,7.55,32.17,0.32,0.33,0.48,4.02,-Inf,-Inf
"Chapman","Dec","min",-38.86,-42.81,-31.19,0,887.28,76.59,-41.46,0,270.24,0,1.23,0.08,0.07,0.1,-2.23,Inf,Inf
"Chapman","Dec","obs_na",0,0,0,0,0,0,0,0,0,0,0,0,31,31,0,124,124
"Chief Lake","Jan","mean",-7.5,-12.56,-3.37,1.28,927.42,91.74,-8.64,0.07,0.24,2.84,14.88,0.23,NA,NA,3.48,43.9,NA
"Chief Lake","Jan","max",6.88,2.58,10.52,20.8,948.83,100,4.54,1.95,88.02,12.08,43,0.44,-Inf,-Inf,3.9,100,-Inf
"Chief Lake","Jan","min",-35.83,-43.3,-27.46,0,901.87,64.18,-38.46,0,270.33,0,1.96,0.04,Inf,Inf,3.18,0,Inf
"Chief Lake","Jan","obs_na",0,0,0,0,0,0,0,0,0,0,0,0,186,186,155,0,186
"Chief Lake","Feb","mean",-7.49,-13.82,-1.83,0.97,927.62,83.59,-9.97,0.07,357.99,3.22,36.55,0.23,NA,NA,2.99,24.98,NA
"Chief Lake","Feb","max",4.07,1.86,8.59,20,950.05,99.9,2.8,1.11,87.17,10.07,92.79,0.42,-Inf,-Inf,3.22,100,-Inf
"Chief Lake","Feb","min",-27.31,-38.41,-22.02,0,906.5,54.18,-30.32,0,271.24,0,6.5,0.06,Inf,Inf,2.82,0.15,Inf
"Chief Lake","Feb","obs_na",0,0,0,0,0,0,0,0,0,0,0,0,170,170,142,0,170
"Chief Lake","Mar","mean",-2.09,-8.88,4.66,0.79,924.85,72.08,-7.07,0.14,350.33,4.04,97.74,0.26,NA,NA,2.88,21.35,NA
"Chief Lake","Mar","max",6.76,4.79,17.72,13,943.83,98.77,2.68,1.97,89.77,10.57,199.42,0.52,-Inf,-Inf,2.94,82.62,-Inf
"Chief Lake","Mar","min",-20.57,-32.14,-12.09,0,909.12,44.14,-25.03,0,270.28,0,15.93,0.12,Inf,Inf,2.84,0.91,Inf
"Chief Lake","Mar","obs_na",0,0,0,0,0,0,0,0,0,0,0,0,186,186,155,0,186
"Chief Lake","Apr","mean",2.73,-4.98,10.21,0.84,927.39,65.19,-4.19,0.1,5.67,3.93,166.44,0.35,NA,NA,3.48,23.13,NA
"Chief Lake","Apr","max",12.29,6.2,23.62,11.4,944.74,97.87,8.81,1.28,88.79,9.06,279.89,0.52,-Inf,-Inf,5.98,100,-Inf
"Chief Lake","Apr","min",-12.16,-25.33,-3.15,0,901.44,33.98,-20.03,0,270.5,0,42.07,0.13,Inf,Inf,2.83,1.03,Inf
"Chief Lake","Apr","obs_na",0,0,0,0,0,0,0,0,0,0,0,1,180,180,150,0,180
"Chief Lake","May","mean",9.43,1.05,17.23,1.77,926.93,69.47,2.92,0.06,359.95,3.5,195.44,0.27,NA,NA,8.99,36.81,NA
"Chief Lake","May","max",20.23,8.17,32.38,19.8,942.2,99.09,11.31,1.07,89.38,8.56,328.58,0.44,-Inf,-Inf,11.93,100,-Inf
"Chief Lake","May","min",3.29,-6.64,4.32,0,912.34,38.2,-5.68,0,272.78,0,25.2,0.15,Inf,Inf,6.51,1.1,Inf
"Chief Lake","May","obs_na",0,0,0,0,0,0,0,0,0,0,0,0,186,186,155,0,186
"Chief Lake","Jun","mean",13.27,4.34,21.29,1.87,926.88,69.91,6.8,0.04,3.08,3.4,225.35,0.25,NA,NA,12.03,37.13,NA
"Chief Lake","Jun","max",26.57,14.96,38.28,17.4,938.18,92.09,16.13,0.44,87.11,8.56,347.49,0.42,-Inf,-Inf,13.78,81.54,-Inf
"Chief Lake","Jun","min",6.94,-3.99,10.12,0,909.2,44.04,-1.35,0,270.91,0,63.28,0.12,Inf,Inf,10.23,0.88,Inf
"Chief Lake","Jun","obs_na",0,0,0,0,0,0,0,0,0,0,0,0,180,180,126,0,180
"Chief Lake","Jul","mean",15.48,6.91,23.62,2.06,928.76,74.41,10.02,0.02,4.56,2.97,209.53,0.24,NA,NA,14.81,39.94,NA
"Chief Lake","Jul","max",23.05,13.83,35.34,23.2,935.84,97.97,14.3,0.38,89.6,8.56,330.93,0.39,-Inf,-Inf,16.38,82.5,-Inf
"Chief Lake","Jul","min",9.11,-0.14,12.1,0,917.16,51.29,3.88,0,271.14,0,53.68,0.12,Inf,Inf,13.06,3.21,Inf
"Chief Lake","Jul","obs_na",0,0,0,0,0,0,0,0,0,0,0,0,212,212,150,0,212
"Chief Lake","Aug","mean",14.38,5.69,23.1,1.24,928.83,75.27,9.17,0.02,359.7,2.07,169.31,0.22,NA,NA,14.92,42.74,NA
"Chief Lake","Aug","max",20.62,14.86,33.16,32.2,939.72,97.92,15.83,0.44,89.21,9.06,283.11,0.42,-Inf,-Inf,15.89,92.06,-Inf
"Chief Lake","Aug","min",6.44,-1.99,12.82,0,917.97,51.44,3.29,0,270.37,0,46.87,0.11,Inf,Inf,13.7,3.28,Inf
"Chief Lake","Aug","obs_na",0,0,0,0,0,0,0,0,0,0,0,0,217,217,155,0,217
"Chief Lake","Sep","mean",9.91,2.31,18.08,1.52,927.51,80.86,6.16,0.02,355.3,2.07,108.83,0.21,NA,NA,13.46,51.72,NA
"Chief Lake","Sep","max",18.52,11.32,29.41,17.6,946.52,99.31,12.12,0.94,89.31,9.56,208.11,0.39,-Inf,-Inf,14.86,96.52,-Inf
"Chief Lake","Sep","min",0.25,-9.3,6.66,0,911.27,55.75,-5.89,0,270.78,0,27.59,0.11,Inf,Inf,10.3,2.45,Inf
"Chief Lake","Sep","obs_na",0,0,0,0,0,0,0,0,0,0,0,0,195,195,150,0,195
"Chief Lake","Oct","mean",2.73,-2.97,8.64,1.84,927.75,85.82,0.28,0.03,357.5,2.35,47.86,0.26,NA,NA,8.21,50.19,NA
"Chief Lake","Oct","max",14.72,8.17,22.78,23.4,946.98,100,9.69,0.73,89.85,10.57,128.06,0.49,-Inf,-Inf,10.48,100,-Inf
"Chief Lake","Oct","min",-10.65,-18.56,-4.38,0,903.48,55.39,-15.34,0,270.25,0,8.16,0.1,Inf,Inf,5.63,1.76,Inf
"Chief Lake","Oct","obs_na",0,0,0,0,0,0,0,0,0,0,0,0,186,186,155,0,186
"Chief Lake","Nov","mean",-3.17,-6.96,0.07,1.56,926.52,91.68,-4.41,0.06,348.12,2.85,16.78,0.27,NA,NA,4.64,50.05,NA
"Chief Lake","Nov","max",8.46,5.64,10.69,19.8,953.9,100,5.13,1.43,89.56,9.06,50.19,0.47,-Inf,-Inf,5.59,100,-Inf
"Chief Lake","Nov","min",-20,-28.99,-17.86,0,904.46,57.25,-24.31,0,270.5,0,0.87,0.06,Inf,Inf,4.19,1.3,Inf
"Chief Lake","Nov","obs_na",0,0,0,0,0,0,0,0,0,0,0,1,180,180,150,0,180
"Chief Lake","Dec","mean",-7.5,-11.72,-4.16,0.97,925.59,92.44,-8.54,0.04,358.98,2.38,9.01,0.22,NA,NA,4.13,46.2,NA
"Chief Lake","Dec","max",4.12,1.72,7.27,35,958.42,100,2.08,1.01,89.16,8.56,32.85,0.44,-Inf,-Inf,4.27,100,-Inf
"Chief Lake","Dec","min",-36.49,-43.3,-26.91,0,899.19,63.25,-39.57,0,270.74,0,1.13,0,Inf,Inf,3.91,0,Inf
"Chief Lake","Dec","obs_na",0,0,0,0,0,0,0,0,0,0,0,1,186,186,155,0,186
"Coalmine","Jan","mean",-4.7,-8.07,-1.63,1.43,916.78,89.17,-6.27,0,332.19,2.86,6.57,0.09,NA,NA,0.54,NA,NA
"Coalmine","Jan","max",6.73,4.38,11.93,26.6,937.39,100,4.09,0.15,76.7,7.05,17.23,0.14,-Inf,-Inf,0.95,-Inf,-Inf
"Coalmine","Jan","min",-36.94,-41.39,-29.45,0,892.55,62.99,-39.67,0,272.84,0,0.76,0.04,Inf,Inf,0.31,Inf,Inf
"Coalmine","Jan","obs_na",0,0,0,0,0,0,0,0,31,0,0,70,235,235,204,235,235
"Coalmine","Feb","mean",-7.73,-12.43,-3.06,1.05,917.85,85.93,-9.78,0,345.23,2.31,15.27,0.08,NA,NA,-0.02,NA,NA
"Coalmine","Feb","max",5.78,2.77,8.3,23,937.9,98,2.92,0.08,89.72,7.05,53.1,0.13,-Inf,-Inf,0.35,-Inf,-Inf
"Coalmine","Feb","min",-30.94,-38.61,-21.77,0,896.02,56.84,-33.45,0,276.05,0,1.75,0.03,Inf,Inf,-0.31,Inf,Inf
"Coalmine","Feb","obs_na",0,0,0,0,0,0,0,0,28,0,0,63,214,214,186,214,214
"Coalmine","Mar","mean",-1.26,-6.3,4.54,1.09,916.07,75.98,-5.45,0,352.95,2.99,42.23,0.11,NA,NA,0.22,NA,NA
"Coalmine","Mar","max",8.17,2.82,18.79,19.2,933.6,98.22,2.2,0.06,89.28,7.05,91.45,0.15,-Inf,-Inf,0.29,-Inf,-Inf
"Coalmine","Mar","min",-21.41,-32.07,-11.65,0,900,48.58,-26.75,0,271.96,0,0.79,0.06,Inf,Inf,0.11,Inf,Inf
"Coalmine","Mar","obs_na",0,0,0,0,0,0,0,0,31,0,6,71,235,235,204,235,235
"Coalmine","Apr","mean",2.93,-2.77,9.08,1.23,917.69,68.6,-3.12,0,1.53,3.32,60.88,0.12,NA,NA,2.87,NA,NA
"Coalmine","Apr","max",14.82,6.18,24.87,14.6,934.38,97.11,7.58,0.06,89.23,7.55,97.7,0.14,-Inf,-Inf,4.94,-Inf,-Inf
"Coalmine","Apr","min",-10.95,-19.52,-4.56,0,891.91,38.3,-17.3,0,270.62,1.01,18.69,0.1,Inf,Inf,0.28,Inf,Inf
"Coalmine","Apr","obs_na",0,0,0,0,0,0,0,0,30,0,30,72,230,230,200,230,230
"Coalmine","May","mean",9.56,2.91,16.12,2,917.63,70.66,3.47,0,352.69,2.92,69.72,0.11,NA,NA,7.46,NA,NA
"Coalmine","May","max",20.99,11.42,30.62,28.2,933.45,97.77,10.37,0.04,88.63,6.04,148.03,0.14,-Inf,-Inf,10.82,-Inf,-Inf
"Coalmine","May","min",1.86,-5.02,4.14,0,903.51,40.98,-4.78,0,272.19,1.01,27.5,0.06,Inf,Inf,5.44,Inf,Inf
"Coalmine","May","obs_na",0,0,0,0,0,0,0,0,31,0,30,69,229,229,198,229,229
"Coalmine","Jun","mean",12.76,6.53,19.14,2.07,918,73.01,7.18,0,355.56,2.8,77.78,0.11,NA,NA,11.03,NA,NA
"Coalmine","Jun","max",29.73,21.15,39.8,17.6,929.36,96.85,16.81,0.02,88.96,6.04,136.14,0.14,-Inf,-Inf,13.04,-Inf,-Inf
"Coalmine","Jun","min",6.29,-2.48,8.29,0,901.04,41.17,-0.42,0,270.42,0.5,22.65,0.04,Inf,Inf,8.61,Inf,Inf
"Coalmine","Jun","obs_na",0,0,0,0,0,0,0,0,10,0,0,55,229,229,199,229,229
"Coalmine","Jul","mean",15.42,9.24,21.83,2.77,919.96,76.13,10.46,0,2.54,2.4,72.39,0.1,NA,NA,13.31,NA,NA
"Coalmine","Jul","max",24.42,16.44,36.2,33.2,927.22,98.87,15.02,0,87.98,5.03,139.73,0.15,-Inf,-Inf,15.8,-Inf,-Inf
"Coalmine","Jul","min",9.43,1.29,10.49,0,907.84,44.67,5.84,0,272.29,0.5,13.69,0.03,Inf,Inf,12.25,Inf,Inf
"Coalmine","Jul","obs_na",0,0,0,0,0,0,0,0,0,0,0,0,239,239,208,239,239
"Coalmine","Aug","mean",14.68,Inf,-Inf,1.87,919.79,77.52,10.19,0,355.85,-Inf,60.96,0.09,NA,NA,14.04,NA,NA
"Coalmine","Aug","max",23,Inf,33.68,27.6,931.08,97.5,16.22,0,86.99,5.54,123.33,0.14,-Inf,-Inf,15.35,-Inf,-Inf
"Coalmine","Aug","min",6.63,0.58,-Inf,0,908.88,47.61,4.08,0,275.4,-Inf,12.32,0.02,Inf,Inf,12.28,Inf,Inf
"Coalmine","Aug","obs_na",2,0,0,2,2,2,2,2,2,0,2,2,242,242,211,242,242
"Coalmine","Sep","mean",10.33,Inf,-Inf,1.9,918.81,81.55,6.89,0,344.69,-Inf,43.88,0.09,NA,NA,11.44,NA,NA
"Coalmine","Sep","max",19.88,Inf,30.22,31,936.06,98.48,12.36,0.04,86.52,7.55,86.08,0.14,-Inf,-Inf,15.38,-Inf,-Inf
"Coalmine","Sep","min",0.03,-5.79,-Inf,0,902.88,52.02,-5.16,0,274.75,-Inf,12.01,0.02,Inf,Inf,8.02,Inf,Inf
"Coalmine","Sep","obs_na",13,0,0,13,13,13,13,13,13,0,13,34,232,232,209,232,232
"Coalmine","Oct","mean",3.69,-0.09,8.25,1.91,918.64,86.5,1.42,0,340.02,3.04,26.01,0.1,NA,NA,6.03,NA,NA
"Coalmine","Oct","max",16.44,11.98,22.39,22.4,935.8,99.98,11.38,0.1,89.25,7.05,62.33,0.15,-Inf,-Inf,8.88,-Inf,-Inf
"Coalmine","Oct","min",-13.09,-19.15,-5.88,0,894.88,51,-15.37,0,273.49,0,4,0.02,Inf,Inf,3.39,Inf,Inf
"Coalmine","Oct","obs_na",0,0,0,0,0,0,0,0,0,0,0,46,233,233,202,233,233
"Coalmine","Nov","mean",-1.63,-4.34,1.04,2.11,916.57,91.36,-2.91,0,336.89,3.04,7.54,0.11,NA,NA,2.45,NA,NA
"Coalmine","Nov","max",8.98,6.31,12.24,25.4,942.86,100,5.08,0.04,88.5,7.05,25.71,0.14,-Inf,-Inf,4.8,-Inf,-Inf
"Coalmine","Nov","min",-18.84,-25.9,-14.08,0,894.58,70.6,-20.78,0,273.28,0,0.6,0.01,Inf,Inf,1.15,Inf,Inf
"Coalmine","Nov","obs_na",0,0,0,0,0,0,0,0,10,0,0,67,230,230,200,230,230
"Coalmine","Dec","mean",-5.48,-8.66,-2.76,1.37,914.92,90.93,-6.77,0,334.65,2.54,4.1,0.09,NA,NA,1.15,NA,NA
"Coalmine","Dec","max",4.31,1.83,8.17,30,945.91,100,2.49,0.12,89.94,7.05,14.98,0.14,-Inf,-Inf,1.45,-Inf,-Inf
"Coalmine","Dec","min",-37.86,-41.27,-31.84,0,878.32,68.16,-40.83,0,270.12,0,0.76,0.01,Inf,Inf,0.85,Inf,Inf
"Coalmine","Dec","obs_na",0,0,0,0,0,0,0,0,31,0,0,70,236,236,205,236,236
"Crooked Lake","Jan","mean",-22.25,-27.1,-18.37,0.26,935.49,86.82,-19.26,0.08,354.14,1.18,9.99,NA,NA,NA,NA,NA,NA
"Crooked Lake","Jan","max",-2.56,-6.96,6.39,8,965.29,97.3,40.89,1.17,81.13,6.54,28,-Inf,-Inf,-Inf,-Inf,-Inf,-Inf
"Crooked Lake","Jan","min",-42.75,-46.41,-37.39,0,915.44,77.68,-41.83,0,270.03,0,2.59,Inf,Inf,Inf,Inf,Inf,Inf
"Crooked Lake","Jan","obs_na",0,0,0,0,1,0,0,0,0,0,0,31,31,31,31,31,31
"Crooked Lake","Feb","mean",-13.3,-20.13,-6.17,0.29,932.67,80.13,-16.29,0.28,11.06,-Inf,46.75,NA,NA,NA,NA,NA,NA
"Crooked Lake","Feb","max",-0.16,-4.58,7.36,5.6,949.3,92.2,-6.1,2.03,85.7,11.58,89.93,-Inf,-Inf,-Inf,-Inf,-Inf,-Inf
"Crooked Lake","Feb","min",-29.03,-39.41,-18.04,0,916.82,55.67,-33.39,0,275.05,-Inf,9.57,Inf,Inf,Inf,Inf,Inf,Inf
"Crooked Lake","Feb","obs_na",0,0,0,3,3,0,0,3,3,0,3,32,32,32,32,32,32
"Crooked Lake","Mar","mean",-7.31,-15.14,1.03,0.12,931.69,66.13,-13.23,0.63,4.62,-Inf,131.34,NA,NA,NA,NA,NA,NA
"Crooked Lake","Mar","max",3.12,-2.12,11.3,4.2,945.96,87.36,-1.91,2.43,88.56,16.61,194.36,-Inf,-Inf,-Inf,-Inf,-Inf,-Inf
"Crooked Lake","Mar","min",-26.59,-38.46,-20.46,0,914.71,50.39,-31.99,0.02,276.15,-Inf,66.19,Inf,Inf,Inf,Inf,Inf,Inf
"Crooked Lake","Mar","obs_na",0,0,0,16,16,0,0,16,16,0,16,62,62,62,62,62,62
"Crooked Lake","Apr","mean",2.34,-4.71,8.94,0.27,932.96,62.83,-5.31,0.66,22.58,6.74,183.39,NA,NA,NA,NA,NA,NA
"Crooked Lake","Apr","max",7.09,2.55,16.93,4,953.8,95.37,1.38,2.39,87.68,12.08,278.64,-Inf,-Inf,-Inf,-Inf,-Inf,-Inf
"Crooked Lake","Apr","min",-6.62,-19.33,1.55,0,920.66,44.08,-13.58,0.04,276.57,2.52,56.14,Inf,Inf,Inf,Inf,Inf,Inf
"Crooked Lake","Apr","obs_na",0,0,0,0,0,0,0,0,0,0,0,60,60,60,60,60,60
"Crooked Lake","May","mean",8.23,1.17,14.06,1.39,931.13,64.65,0.74,0.69,16.77,7.7,202.88,NA,NA,NA,NA,NA,NA
"Crooked Lake","May","max",14.19,9.85,24.14,11.4,940.68,96.04,8.06,2.29,77.45,13.09,294.17,-Inf,-Inf,-Inf,-Inf,-Inf,-Inf
"Crooked Lake","May","min",3.85,-4.52,6.46,0,919.29,37.07,-5.92,0.08,297.7,3.52,71.55,Inf,Inf,Inf,Inf,Inf,Inf
"Crooked Lake","May","obs_na",0,0,0,0,0,0,0,0,0,0,0,62,62,62,62,62,62
"Crooked Lake","Jun","mean",13.18,6.34,18.94,1.55,933.9,63.17,5.25,0.7,17.38,6.99,227.02,NA,NA,NA,NA,NA,NA
"Crooked Lake","Jun","max",18.53,13.21,26.14,26.81,944.6,96.74,11.58,2.33,89.2,12.58,347.44,-Inf,-Inf,-Inf,-Inf,-Inf,-Inf
"Crooked Lake","Jun","min",8.57,-1.41,12.56,0,918.34,40.29,-2.13,0.04,277.92,3.02,32.7,Inf,Inf,Inf,Inf,Inf,Inf
"Crooked Lake","Jun","obs_na",0,0,0,0,0,0,0,0,0,0,0,54,54,54,54,54,54
"Crooked Lake","Jul","mean",14.12,7.6,20.2,2.96,935.81,75.39,9.09,0.47,7.67,6.12,217.73,NA,NA,NA,NA,NA,NA
"Crooked Lake","Jul","max",20.3,10.87,29.77,27,945.21,99.08,12.02,1.32,65.4,9.56,321.81,-Inf,-Inf,-Inf,-Inf,-Inf,-Inf
"Crooked Lake","Jul","min",8.53,2.06,11.89,0,921.99,59.76,6.39,0.02,279.03,2.52,42.49,Inf,Inf,Inf,Inf,Inf,Inf
"Crooked Lake","Jul","obs_na",0,0,0,0,0,0,0,0,0,0,0,31,31,31,31,31,31
"Crooked Lake","Aug","mean",13.59,6.37,20.74,1.32,935.38,72.89,7.81,0.48,15.94,6.15,181.01,NA,NA,NA,NA,NA,NA
"Crooked Lake","Aug","max",18.95,14.46,30.34,21,945.54,98.44,14.11,1.61,87.51,11.58,286.81,-Inf,-Inf,-Inf,-Inf,-Inf,-Inf
"Crooked Lake","Aug","min",8.61,-0.62,12.07,0,926.08,45.09,2.3,0.02,273.42,2.52,51.56,Inf,Inf,Inf,Inf,Inf,Inf
"Crooked Lake","Aug","obs_na",0,0,0,0,0,0,0,0,0,0,0,74,74,74,74,74,74
"Crooked Lake","Sep","mean",8.49,2.07,15.31,0.67,930.9,77.35,4.04,0.42,10.36,6.03,116.74,NA,NA,NA,NA,NA,NA
"Crooked Lake","Sep","max",16.02,9.1,26.64,7.8,945.95,98.46,9.34,2.16,87.33,14.09,207.6,-Inf,-Inf,-Inf,-Inf,-Inf,-Inf
"Crooked Lake","Sep","min",1.29,-3.43,6.48,0,915.65,47.06,-2.32,0,272.14,2.52,27.9,Inf,Inf,Inf,Inf,Inf,Inf
"Crooked Lake","Sep","obs_na",0,0,0,0,0,0,0,0,0,0,0,90,90,90,90,90,90
"Crooked Lake","Oct","mean",0.32,-4.24,5.5,0.43,930.75,82.92,-2.6,0.35,4.09,5.15,57.55,NA,NA,NA,NA,NA,NA
"Crooked Lake","Oct","max",9.44,5.41,15.9,6.4,951.72,98.72,6.99,2.1,89.19,13.59,123.47,-Inf,-Inf,-Inf,-Inf,-Inf,-Inf
"Crooked Lake","Oct","min",-12.94,-17.26,-6.83,0,910.94,48.94,-17.6,0,271.55,2.01,14,Inf,Inf,Inf,Inf,Inf,Inf
"Crooked Lake","Oct","obs_na",0,0,0,0,0,0,0,0,0,0,0,89,89,89,89,89,89
"Crooked Lake","Nov","mean",-6.48,-10.83,-2.8,0.18,928.68,89.68,-8.09,0.31,351.22,4.21,17.73,NA,NA,NA,NA,NA,NA
"Crooked Lake","Nov","max",2.84,-0.58,6.28,3.6,945.35,99.75,0.12,2.12,72.11,13.09,57.53,-Inf,-Inf,-Inf,-Inf,-Inf,-Inf
"Crooked Lake","Nov","min",-26.82,-30.89,-22.2,0,913.04,51.27,-28.55,0,279.51,1.01,3.95,Inf,Inf,Inf,Inf,Inf,Inf
"Crooked Lake","Nov","obs_na",0,0,0,0,2,0,0,0,0,0,0,35,35,35,35,35,35
"Crooked Lake","Dec","mean",-13.24,-18.84,-8.05,0,925.3,89.26,-14.72,0.15,17.85,4.04,6.27,NA,NA,NA,NA,NA,NA
"Crooked Lake","Dec","max",-2.67,-10.04,1.78,0,935.52,95.7,-6.58,0.82,88.26,10.07,12.06,-Inf,-Inf,-Inf,-Inf,-Inf,-Inf
"Crooked Lake","Dec","min",-29.06,-32.52,-23.5,0,904.86,74.51,-30.91,0,288.96,0.5,1.85,Inf,Inf,Inf,Inf,Inf,Inf
"Crooked Lake","Dec","obs_na",0,0,0,0,8,0,0,0,0,0,0,31,31,31,31,31,31
"Crystal Lake","Jan","mean",-7.87,Inf,-Inf,1.47,926.21,88.01,-9.54,0.61,349.22,-Inf,26.18,0.1,NA,NA,0.45,31.36,NA
"Crystal Lake","Jan","max",7.66,Inf,9.98,30.8,950.02,97.89,4.78,3.49,89.98,17.63,76.29,0.2,-Inf,-Inf,0.6,100,-Inf
"Crystal Lake","Jan","min",-37.79,-44.87,-Inf,0,898.89,49.42,-41.27,0,270.2,-Inf,0.6,0.04,Inf,Inf,0.36,0,Inf
"Crystal Lake","Jan","obs_na",33,0,0,33,33,33,33,33,127,0,33,219,465,465,434,33,465
"Crystal Lake","Feb","mean",-8.16,Inf,-Inf,0.99,926.83,82.7,-10.71,0.8,356.64,-Inf,66.67,0.1,NA,NA,0.28,22.57,NA
"Crystal Lake","Feb","max",5.4,Inf,10.86,25.4,948.49,97.29,3.23,4.19,88.5,16.88,139.26,0.16,-Inf,-Inf,0.38,100,-Inf
"Crystal Lake","Feb","min",-27.98,-39.42,-Inf,0,899.74,52.92,-31.08,0,271.19,-Inf,12.43,0.05,Inf,Inf,0.22,0,Inf
"Crystal Lake","Feb","obs_na",56,0,0,56,56,56,56,56,141,0,56,226,424,424,396,56,424
"Crystal Lake","Mar","mean",-2.18,Inf,-Inf,1.03,923.75,74.9,-6.51,0.95,359.64,-Inf,122.96,0.1,NA,NA,0.28,22.77,NA
"Crystal Lake","Mar","max",7.92,Inf,18.51,16.6,943.81,97.27,3.82,3.27,88.34,17.38,229,0.16,-Inf,-Inf,0.31,100,-Inf
"Crystal Lake","Mar","min",-21.99,-33.53,-Inf,0,902.1,44.05,-26.53,0,270.13,-Inf,27.7,0.05,Inf,Inf,0.25,0,Inf
"Crystal Lake","Mar","obs_na",62,0,0,62,62,62,62,62,155,0,76,248,465,465,434,62,465
"Crystal Lake","Apr","mean",2.9,Inf,-Inf,1.14,925.75,68.01,-3.22,1.05,1.69,-Inf,192.93,0.13,NA,NA,4.05,22.18,NA
"Crystal Lake","Apr","max",15.66,Inf,24.63,22.6,943.65,95.59,7.5,3.71,89.74,18.37,315.68,0.17,-Inf,-Inf,9.2,95.96,-Inf
"Crystal Lake","Apr","min",-12.41,-26.19,-Inf,0,899.28,32.25,-19.15,0.14,271.39,-Inf,43.69,0.08,Inf,Inf,0.25,0,Inf
"Crystal Lake","Apr","obs_na",62,0,0,62,62,62,62,62,152,0,110,243,451,451,421,62,451
"Crystal Lake","May","mean",9.58,Inf,-Inf,1.65,926.13,66.11,2.37,1.07,5.07,-Inf,231.3,0.12,NA,NA,9.74,24.77,NA
"Crystal Lake","May","max",20.96,Inf,29.59,25.8,940.95,95.55,11.48,4.22,83.65,15.77,423.19,0.15,-Inf,-Inf,11.73,98.58,-Inf
"Crystal Lake","May","min",2.1,-8.26,-Inf,0,911.44,30.79,-9.95,0.17,270.31,-Inf,53.01,0.08,Inf,Inf,7.76,0,Inf
"Crystal Lake","May","obs_na",54,0,0,54,54,54,54,63,156,0,81,280,496,496,480,54,496
"Crystal Lake","Jun","mean",13.16,4.92,20.03,2.12,926,68.58,6.52,1.05,11.06,-Inf,247.55,0.11,NA,NA,15.24,27.62,NA
"Crystal Lake","Jun","max",27.69,15.27,38.31,35.8,937.4,95.24,16.75,3.87,89.32,18.74,402.18,0.16,-Inf,-Inf,17.68,100,-Inf
"Crystal Lake","Jun","min",4.85,-4.71,8.27,0,908.32,42.53,-0.56,0.07,270.84,-Inf,39.26,0.06,Inf,Inf,10.41,0,Inf
"Crystal Lake","Jun","obs_na",0,0,0,0,0,0,0,5,120,0,30,240,480,480,450,0,480
"Crystal Lake","Jul","mean",15.57,7.5,22.69,2.05,928.16,70.92,9.34,0.91,11.25,7.17,240.38,0.11,NA,NA,17.05,30.85,NA
"Crystal Lake","Jul","max",24.22,16.94,35.69,20.8,938.88,94.71,14.68,3,89.38,15.11,375.41,0.16,-Inf,-Inf,22.18,96.05,-Inf
"Crystal Lake","Jul","min",8.76,-1.27,10.39,0,916.43,34.39,1,0.03,270.02,2.77,60.52,0.07,Inf,Inf,14.03,0,Inf
"Crystal Lake","Jul","obs_na",0,0,0,0,0,0,0,0,124,0,31,248,496,496,465,0,496
"Crystal Lake","Aug","mean",14.65,6.4,22.34,1.47,927.78,72.6,8.9,0.81,11.21,6.68,199.76,0.1,NA,NA,17.46,33.41,NA
"Crystal Lake","Aug","max",22.28,15.75,34.68,27.4,938.79,95.9,16.01,2.67,87.34,18,321.29,0.17,-Inf,-Inf,20.52,94.39,-Inf
"Crystal Lake","Aug","min",7.06,-2.39,10.81,0,912.12,43.08,0.42,0.04,272.95,2.27,43.07,0.04,Inf,Inf,13.29,0,Inf
"Crystal Lake","Aug","obs_na",0,0,0,31,0,0,0,0,124,0,31,248,496,496,461,31,496
"Crystal Lake","Sep","mean",9.56,2.7,16.63,2.13,926.86,79.43,5.65,0.75,3.56,6.37,132.78,0.1,NA,NA,13.08,42.44,NA
"Crystal Lake","Sep","max",19.35,11.18,31.46,53.4,945.14,97.68,12.81,3.59,87.22,16.51,246.19,0.15,-Inf,-Inf,19.4,100,-Inf
"Crystal Lake","Sep","min",0.42,-9,6.08,0,902.65,47.88,-6.17,0.01,274.47,2.27,25.46,0.05,Inf,Inf,5.83,0,Inf
"Crystal Lake","Sep","obs_na",0,0,0,0,0,0,0,0,103,0,0,223,480,480,420,0,480
"Crystal Lake","Oct","mean",3.26,-1.7,8.44,2.39,926.18,84.35,0.63,0.73,356.71,6.03,70.74,0.11,NA,NA,5.33,44.71,NA
"Crystal Lake","Oct","max",16.11,10.76,22.15,28,944.45,98.04,9.92,4.2,87.69,14.66,164.73,0.16,-Inf,-Inf,10.59,100,-Inf
"Crystal Lake","Oct","min",-16.73,-25.27,-7.87,0,902.6,50.54,-18.81,0,270.24,0,8.06,0.07,Inf,Inf,2.03,0,Inf
"Crystal Lake","Oct","obs_na",0,0,0,0,0,0,0,0,93,0,0,217,492,492,434,0,492
"Crystal Lake","Nov","mean",-3.64,-7.52,-0.29,1.91,924.87,88.62,-5.31,0.71,352.66,-Inf,29.59,0.11,NA,NA,1.53,39.91,NA
"Crystal Lake","Nov","max",11.27,6.76,16.23,31,952.04,97.8,6.52,3.46,85.45,16.12,90.82,0.18,-Inf,-Inf,4.05,100,-Inf
"Crystal Lake","Nov","min",-28.54,-34.76,-20.17,0,900.7,51.96,-30.75,0,274.31,-Inf,3.37,0,Inf,Inf,0.86,0,Inf
"Crystal Lake","Nov","obs_na",0,0,0,0,0,0,0,3,94,0,0,210,450,450,420,0,450
"Crystal Lake","Dec","mean",-8.02,Inf,-Inf,1.13,925.03,89.31,-9.48,0.51,350.22,-Inf,19.23,0.1,NA,NA,0.67,30.16,NA
"Crystal Lake","Dec","max",5.23,Inf,8.96,41.8,955.4,97.71,2.77,2.5,87.57,26.72,55.45,0.15,-Inf,-Inf,0.85,100,-Inf
"Crystal Lake","Dec","min",-35.5,-43.3,-Inf,0,897.7,67.12,-38.59,0,273.75,-Inf,1.6,0.02,Inf,Inf,0.6,0,Inf
"Crystal Lake","Dec","obs_na",4,0,0,4,4,4,4,21,123,0,4,217,465,465,434,4,465
"Dennis","Jan","mean",-5.72,Inf,-Inf,1.08,908.67,92.24,-6.78,0.13,358.72,3.69,20.74,0.31,0.36,0.37,1.28,NA,NA
"Dennis","Jan","max",2.97,Inf,7.07,22,929.93,98.99,2.38,1.03,88.41,8.56,61.86,0.4,0.54,0.52,2.05,-Inf,-Inf
"Dennis","Jan","min",-30.05,-33.14,-Inf,0,881.95,80.03,-32.31,0,271.48,0,2.85,0.24,0.24,0.23,0.42,Inf,Inf
"Dennis","Jan","obs_na",31,0,0,0,0,31,31,0,0,0,0,0,31,31,0,124,124
"Dennis","Feb","mean",-7.91,Inf,-Inf,1.12,907.72,86.18,-9.92,0.22,356.71,4.88,55.61,0.31,0.32,0.39,1.01,NA,NA
"Dennis","Feb","max",2.17,Inf,6.64,15,931.47,98.42,1.54,1.32,86.98,10.07,118.11,0.4,0.56,0.52,1.55,-Inf,-Inf
"Dennis","Feb","min",-25.06,-31.12,-Inf,0,890.18,56.77,-27.81,0,271.13,0,8.68,0.23,0.25,0.29,0.02,Inf,Inf
"Dennis","Feb","obs_na",28,0,0,0,0,28,28,0,0,0,0,0,49,28,0,113,113
"Dennis","Mar","mean",-2.67,Inf,-Inf,0.6,905.31,75.31,-6.91,0.31,353.18,5.51,122.69,0.31,0.26,0.38,0.95,NA,NA
"Dennis","Mar","max",3.34,Inf,15.61,8.2,922.98,95.88,0.71,1.39,88.85,9.56,212.9,0.41,0.27,0.52,1.46,-Inf,-Inf
"Dennis","Mar","min",-17.1,-25.79,-Inf,0,890.01,52.94,-20.65,0,272.32,2.52,39.88,0.25,0.26,0.29,0.36,Inf,Inf
"Dennis","Mar","obs_na",31,0,0,0,0,31,31,0,0,0,0,0,93,31,0,124,124
"Dennis","Apr","mean",1.7,Inf,-Inf,1.23,907.91,73.43,-3.19,0.39,3.84,6.37,177.75,0.36,0.33,0.49,1.07,NA,NA
"Dennis","Apr","max",7.74,Inf,19.27,12.2,928.8,93.12,1.7,1.32,85.06,11.58,291.14,0.54,0.41,0.52,2.78,-Inf,-Inf
"Dennis","Apr","min",-4.54,-13.7,-Inf,0,876.87,46.6,-10.51,0.02,274.22,3.52,60.45,0.27,0.28,0.3,0.52,Inf,Inf
"Dennis","Apr","obs_na",30,0,0,0,0,30,30,0,0,0,0,0,72,30,0,120,120
"Dennis","May","mean",7.29,Inf,-Inf,0.87,909.25,69.43,1.23,0.48,18.28,6.18,219.59,0.38,0.33,0.48,5.06,NA,NA
"Dennis","May","max",16.13,Inf,29.16,15.2,926.34,89.81,6.6,1.74,89.32,10.57,348.33,0.56,0.57,0.52,10.45,-Inf,-Inf
"Dennis","May","min",2.64,-3.84,-Inf,0,891.9,49.43,-3.7,0,272.13,2.52,86.87,0.27,0.26,0.34,0.84,Inf,Inf
"Dennis","May","obs_na",31,0,0,0,0,31,31,0,0,0,0,0,53,31,0,124,124
"Dennis","Jun","mean",11.26,Inf,-Inf,1.04,910.72,66.61,4.27,0.48,28.62,6.43,237.3,0.3,0.29,0.36,9.81,NA,NA
"Dennis","Jun","max",17.34,Inf,27.53,11.4,922.66,89.34,10.6,1.84,86.33,10.07,375.92,0.4,0.39,0.52,13.05,-Inf,-Inf
"Dennis","Jun","min",4.82,-2.92,-Inf,0,892.65,44.25,-1.8,0.02,270.3,3.02,66.24,0.21,0.22,0.26,6.4,Inf,Inf
"Dennis","Jun","obs_na",30,0,0,0,0,30,30,0,0,0,0,0,30,2,0,120,120
"Dennis","Jul","mean",13.93,Inf,-Inf,1.21,913.5,72.14,8.17,0.42,32.34,5.94,221.77,0.25,0.3,0.28,12.31,NA,NA
"Dennis","Jul","max",20.7,Inf,31.41,17.4,922.62,94.03,12.72,1.78,89.55,9.06,361.56,0.4,0.55,0.52,14.97,-Inf,-Inf
"Dennis","Jul","min",8.09,0.36,-Inf,0,901.92,46.95,2.82,0,270.08,3.52,77.91,0.12,0.13,0.22,9.95,Inf,Inf
"Dennis","Jul","obs_na",5,0,0,0,0,5,5,0,0,0,0,0,31,0,0,148,148
"Dennis","Aug","mean",13.54,6.4,21.04,1.05,913.17,73.93,8.16,0.3,22.6,5.39,187.65,0.2,0.27,0.23,12.42,NA,NA
"Dennis","Aug","max",19.36,12.87,31.13,23.2,923.91,95.65,12.5,1.36,87.74,11.07,312.29,0.37,0.46,0.36,14.73,-Inf,-Inf
"Dennis","Aug","min",5.77,0.6,9.93,0,897.8,51.2,3.34,0,275.7,2.52,41.4,0.09,0.08,0.16,10.32,Inf,Inf
"Dennis","Aug","obs_na",0,0,0,0,0,0,0,0,0,0,0,0,31,10,0,155,155
"Dennis","Sep","mean",8.94,Inf,-Inf,2.27,909.54,81.31,5.37,0.19,11.53,4.94,121.66,0.2,0.29,0.26,9.91,NA,NA
"Dennis","Sep","max",16.7,Inf,30.92,45.2,925.08,97.73,10.43,1.22,85.56,9.06,223.85,0.39,0.57,0.51,12.8,-Inf,-Inf
"Dennis","Sep","min",-0.06,-2.86,-Inf,0,884.4,52.48,-0.96,0,280.67,1.51,16.29,0.07,0.07,0.19,6.84,Inf,Inf
"Dennis","Sep","obs_na",28,0,0,0,0,28,28,0,0,0,0,0,30,30,0,142,142
"Dennis","Oct","mean",2.95,Inf,-Inf,2.13,907.56,88.47,1.06,0.15,356.97,4.69,63.02,0.28,0.36,0.34,5.8,NA,NA
"Dennis","Oct","max",10.46,Inf,20.6,19,926.75,98.1,8.41,1.68,88.33,11.07,135.56,0.4,0.56,0.51,9.55,-Inf,-Inf
"Dennis","Oct","min",-8.64,-14.95,-Inf,0,877.63,70.15,-11.82,0,270.68,0,3.74,0.16,0.22,0.22,1.75,Inf,Inf
"Dennis","Oct","obs_na",31,0,0,0,0,31,31,0,0,0,0,0,31,31,0,124,124
"Dennis","Nov","mean",-4.22,Inf,-Inf,1.82,906.01,92.21,-5.32,0.13,353.28,4.08,25.7,0.31,0.39,0.37,2.42,NA,NA
"Dennis","Nov","max",3.17,Inf,8.62,23.2,936.81,99.13,2.77,1.26,89.67,14.09,75.5,0.4,0.59,0.52,3.89,-Inf,-Inf
"Dennis","Nov","min",-18.74,-25.61,-Inf,0,880.71,72.68,-21.4,0,270.32,0,1.81,0.24,0.26,0.23,1.44,Inf,Inf
"Dennis","Nov","obs_na",30,0,0,0,0,30,30,0,0,0,0,0,30,30,0,120,120
"Dennis","Dec","mean",-6.77,Inf,-Inf,0.62,904.66,93.2,-7.68,0.09,357.27,2.61,9.51,0.31,0.35,0.36,1.7,NA,NA
"Dennis","Dec","max",2.19,Inf,3.98,32.2,936.64,99.95,1.44,1.93,89.16,10.07,24.05,0.4,0.55,0.52,2.34,-Inf,-Inf
"Dennis","Dec","min",-29.8,-35.44,-Inf,0,872.45,75.24,-32.48,0,272.82,0,1.49,0.24,0.24,0.24,0.49,Inf,Inf
"Dennis","Dec","obs_na",31,0,0,0,0,31,31,0,0,0,0,0,31,31,0,124,124
"Dunster","Jan","mean",-4.93,-7.27,-2.79,0.76,911.99,88.72,-6.52,0.7,325.37,5.82,19.09,0.12,NA,NA,0.12,NA,33.35
"Dunster","Jan","max",3.9,3.14,5.15,20.4,929.87,97.17,2.68,2.37,81.55,15.21,56.13,0.24,-Inf,-Inf,0.37,-Inf,44.08
"Dunster","Jan","min",-30.94,-32.6,-29.32,0,883.67,58.92,-33.37,0,270.15,0,2.9,0,Inf,Inf,-0.06,Inf,19.3
"Dunster","Jan","obs_na",0,0,0,0,0,0,0,0,0,0,0,93,320,320,289,320,279
"Dunster","Feb","mean",-7.13,-10.33,-3.88,0.73,911.05,83.02,-9.6,0.66,344.87,5.76,47.75,0.13,NA,NA,-0.11,NA,40.5
"Dunster","Feb","max",4.65,2.66,8.64,24.8,931.13,97.08,2.61,3.13,88.03,12.8,137.22,0.21,-Inf,-Inf,0.2,-Inf,43.75
"Dunster","Feb","min",-26.04,-28.6,-24.43,0,887.38,48.92,-28.33,0,270.01,1.01,4.83,0.02,Inf,Inf,-0.25,Inf,28.85
"Dunster","Feb","obs_na",0,0,0,0,0,0,0,0,0,0,0,85,282,282,254,282,254
"Dunster","Mar","mean",-0.76,-4.81,3.76,0.97,909.58,75.21,-4.91,0.73,346.62,5.93,108.1,0.15,NA,NA,0.12,NA,29.73
"Dunster","Mar","max",8.25,4.19,16.51,11,926.67,95.45,4.18,2.22,89.22,13.17,246.67,0.23,-Inf,-Inf,0.28,-Inf,39.09
"Dunster","Mar","min",-18.05,-22.94,-13.73,0,891.48,43.18,-26.91,0,270.25,2.01,9.42,0.05,Inf,Inf,-0.07,Inf,23.79
"Dunster","Mar","obs_na",0,0,0,0,0,0,0,0,0,0,0,93,310,310,279,310,279
"Dunster","Apr","mean",4.7,-0.46,10.57,0.89,910.92,65.43,-1.92,0.75,355.59,6.35,183.95,0.21,NA,NA,4.4,NA,2.71
"Dunster","Apr","max",15.28,7.47,25.89,18.4,927.52,93.37,7.27,2.37,87.74,13.73,323.65,0.41,-Inf,-Inf,8.49,-Inf,22.24
"Dunster","Apr","min",-8.63,-15.14,-3.75,0,893.99,37.78,-16.77,0,270.66,2.52,48.59,0.12,Inf,Inf,0.06,Inf,0
"Dunster","Apr","obs_na",0,0,0,0,0,0,0,0,0,0,0,90,311,311,281,311,270
"Dunster","May","mean",11.07,4.68,17.83,1.22,911.75,63.78,3.53,0.59,357.27,5.96,227.69,0.13,NA,NA,10.37,NA,0
"Dunster","May","max",19.69,11.66,29.97,27,925.57,95.63,11.77,2.2,89.96,14.1,379.1,0.26,-Inf,-Inf,14.36,-Inf,0
"Dunster","May","min",1.75,-2.33,4.04,0,896.5,33.87,-7.66,0,270.2,2.01,42.91,0.01,Inf,Inf,6.83,Inf,0
"Dunster","May","obs_na",0,0,0,0,0,0,0,0,0,0,0,93,341,341,310,341,279
"Dunster","Jun","mean",13.52,7.62,19.98,1.79,911.64,69.63,7.35,0.53,6.63,5.79,231.86,0.11,NA,NA,14.6,NA,0
"Dunster","Jun","max",27.01,18.75,37.21,22.4,923.56,96.3,15.81,2.59,89.68,12.43,399.61,0.25,-Inf,-Inf,17.78,-Inf,0
"Dunster","Jun","min",6.13,0.63,7.14,0,893.71,33.33,-0.24,0,270.62,1.48,50.51,0.01,Inf,Inf,11.25,Inf,0
"Dunster","Jun","obs_na",0,0,0,0,0,0,0,0,0,0,0,90,344,344,314,344,284
"Dunster","Jul","mean",16.02,10.25,22.75,1.6,913.54,72.11,10.31,0.43,10.3,5.38,222.48,0.11,NA,NA,15.65,NA,0
"Dunster","Jul","max",24.93,18.25,36.58,24,922.88,96.98,15.18,2.3,89.27,13.92,405.03,0.27,-Inf,-Inf,17.34,-Inf,0
"Dunster","Jul","min",7.93,5.2,9.83,0,902.76,38.69,2.71,0,270.26,1.01,30.09,0,Inf,Inf,14.43,Inf,0
"Dunster","Jul","obs_na",0,0,0,0,0,0,0,0,0,0,0,93,372,372,341,372,292
"Dunster","Aug","mean",14.98,9.66,21.39,1.69,913.33,76.12,10.33,0.36,12.15,5.21,179.38,0.11,NA,NA,14.36,NA,0
"Dunster","Aug","max",22.45,17.06,33.47,30,923.4,95.83,16.63,1.64,89.45,12.99,343.05,0.27,-Inf,-Inf,16.33,-Inf,0
"Dunster","Aug","min",7.74,2.5,9.76,0,900.75,45.21,4.68,0,270.14,1.01,22.59,0,Inf,Inf,12.02,Inf,0
"Dunster","Aug","obs_na",0,0,0,0,0,0,0,0,0,0,0,69,372,372,341,372,279
"Dunster","Sep","mean",10.02,5.85,15.09,2.2,912.28,82.74,7,0.39,357.55,4.89,111.92,0.15,NA,NA,12.96,NA,0
"Dunster","Sep","max",19.31,13.81,27.63,37.41,928.8,96.65,12.81,5.72,89.55,11.13,262.86,0.26,-Inf,-Inf,13.86,-Inf,0
"Dunster","Sep","min",-0.21,-3.57,5.31,0,890.5,56.93,-4.91,0,270.26,1.01,22.38,0.03,Inf,Inf,12.23,Inf,0
"Dunster","Sep","obs_na",0,0,0,0,0,0,0,0,0,0,0,85,381,381,374,381,292
"Dunster","Oct","mean",4.17,1.05,7.46,2.08,912.37,84.88,1.72,0.54,347.82,5.69,53.52,0.18,NA,NA,2.18,NA,0
"Dunster","Oct","max",13.42,11.2,18.56,25,927.79,97.36,10.47,2.04,87.96,13.59,169.21,0.3,-Inf,-Inf,4.01,-Inf,0
"Dunster","Oct","min",-10.96,-14.63,-8.7,0,889.26,58.08,-13.69,0,270.38,1.86,9.83,0.02,Inf,Inf,1.09,Inf,0
"Dunster","Oct","obs_na",0,0,0,0,0,0,0,0,0,0,0,93,372,372,361,372,279
"Dunster","Nov","mean",-2.26,-4.45,-0.17,1.42,911.11,88.77,-3.9,0.51,335.54,5.28,20.19,0.17,NA,NA,1.13,NA,4.12
"Dunster","Nov","max",10.81,8.12,14.65,32.6,935.43,97.61,5.29,2.48,89.96,11.87,58.53,0.3,-Inf,-Inf,2.8,-Inf,14.37
"Dunster","Nov","min",-25.59,-28.6,-23.14,0,888.76,66.06,-27.57,0,271.14,0,1.6,0,Inf,Inf,-0.02,Inf,0
"Dunster","Nov","obs_na",0,0,0,0,0,0,0,0,0,0,0,90,360,360,330,360,270
"Dunster","Dec","mean",-5.76,-7.89,-3.84,0.72,911.01,89.48,-7.22,0.51,327.07,5.17,12.01,0.12,NA,NA,0.55,NA,21.37
"Dunster","Dec","max",3.08,1.97,5.05,20.8,937.07,97.5,2.36,2.57,89.8,13.92,39.62,0.2,-Inf,-Inf,0.71,-Inf,43.42
"Dunster","Dec","min",-30.66,-32.07,-29.12,0,883,72.51,-33.19,0,271.51,0,1.65,0,Inf,Inf,0.19,Inf,3.03
"Dunster","Dec","obs_na",0,0,0,0,0,0,0,0,0,0,0,98,372,372,341,372,279
"Endako","Jan","mean",-7.49,-11.79,-3.57,0.92,914.44,87.84,-9.17,0.44,3.6,3.66,25.98,0.1,NA,NA,1,38.17,NA
"Endako","Jan","max",3.85,2.29,9.88,28,935.75,96.59,2.12,3.6,89.97,15.21,126.91,0.23,-Inf,-Inf,1,100,-Inf
"Endako","Jan","min",-33.43,-40.06,-25.67,0,879.18,64.17,-37.21,0,270.25,0,2.17,0.01,Inf,Inf,1,0,Inf
"Endako","Jan","obs_na",0,0,0,0,31,0,0,0,8,0,0,341,558,558,556,0,558
"Endako","Feb","mean",-7.48,-13.43,-1.61,0.61,914.75,80.99,-10.3,0.6,2.55,4.58,65.31,0.09,NA,NA,NA,26.03,NA
"Endako","Feb","max",4.57,1.99,10.2,25,936.68,96.17,1.41,3.99,89.79,14.47,156.97,0.24,-Inf,-Inf,-Inf,100,-Inf
"Endako","Feb","min",-29.41,-37.25,-21.37,0,887.75,47.55,-32.84,0,270.44,0.5,5.5,0,Inf,Inf,Inf,0,Inf
"Endako","Feb","obs_na",0,0,0,0,28,0,0,0,3,0,0,287,509,509,509,0,509
"Endako","Mar","mean",-2.32,-8.58,3.94,0.47,912.54,72.11,-7.05,0.83,3,5.71,128.12,0.13,NA,NA,NA,20.36,NA
"Endako","Mar","max",7.39,1.91,20.17,9,933.47,94.3,2.94,3.25,89.79,18.37,253.15,0.49,-Inf,-Inf,-Inf,99.73,-Inf
"Endako","Mar","min",-22.48,-30.06,-18.7,0,883.44,45.85,-29.45,0,270.32,1.26,16.5,0,Inf,Inf,Inf,0,Inf
"Endako","Mar","obs_na",0,0,0,0,31,0,0,0,2,0,0,310,558,558,558,0,558
"Endako","Apr","mean",2.34,-4.21,8.74,0.75,914.95,68.27,-3.54,0.91,356.93,6.24,187.07,0.26,NA,NA,NA,23.18,NA
"Endako","Apr","max",11.47,4.48,22.13,13,933.58,94.09,5.94,4.01,89.8,15.96,319.37,0.52,-Inf,-Inf,-Inf,94.63,-Inf
"Endako","Apr","min",-12.33,-22.63,-4.11,0,890.41,38.02,-17.76,0,270.25,1.51,52.38,0.02,Inf,Inf,Inf,0,Inf
"Endako","Apr","obs_na",0,0,0,0,30,0,0,0,0,0,0,300,540,540,540,0,540
"Endako","May","mean",8.37,0.3,15.62,1.33,916.66,67.06,1.76,0.91,359.93,-Inf,232.34,0.12,NA,NA,NA,26.85,NA
"Endako","May","max",18.97,10.12,31.64,35,931.39,95.08,10.15,3.26,89.8,13.92,388.02,0.39,-Inf,-Inf,-Inf,100,-Inf
"Endako","May","min",0.64,-7.22,3.75,0,898.25,36.08,-7.49,0,270.15,-Inf,24.42,0.02,Inf,Inf,Inf,0,Inf
"Endako","May","obs_na",0,0,0,0,31,0,0,5,5,0,0,304,558,558,558,0,558
"Endako","Jun","mean",11.57,Inf,-Inf,1.61,916.6,69.17,5.35,0.82,3.27,5.97,255.19,0.11,NA,NA,NA,27.82,NA
"Endako","Jun","max",25.4,Inf,36.77,30.2,927.48,95.08,16.15,3.01,89.62,16.14,419.68,0.41,-Inf,-Inf,-Inf,98.87,-Inf
"Endako","Jun","min",4.69,-5.02,-Inf,0,898.4,38.93,-3,0,270.56,1.51,50.3,0,Inf,Inf,Inf,0.2,Inf
"Endako","Jun","obs_na",8,0,0,0,5,8,8,0,0,0,0,270,540,540,540,0,540
"Endako","Jul","mean",14.19,Inf,-Inf,1.64,918.73,70.58,8.08,0.76,357.58,5.58,251.31,0.09,NA,NA,NA,30.25,NA
"Endako","Jul","max",24.87,Inf,36.09,40.2,928.73,96.56,13.55,3.51,89.73,12.8,407.65,0.51,-Inf,-Inf,-Inf,100,-Inf
"Endako","Jul","min",5.94,-2.8,-Inf,0,904.98,42.3,0.56,0,270.2,1.51,36.3,0.03,Inf,Inf,Inf,0.61,Inf
"Endako","Jul","obs_na",1,0,0,14,0,1,1,0,0,0,0,279,557,557,557,0,557
"Endako","Aug","mean",13.59,4.79,21.81,1.07,917.87,70.34,7.43,0.71,356.36,5.32,209.43,0.06,NA,NA,NA,30.8,NA
"Endako","Aug","max",22.63,13.69,32.9,26.6,929.55,94.66,13.03,2.97,89.67,15.77,352.08,0.35,-Inf,-Inf,-Inf,95.39,-Inf
"Endako","Aug","min",3.63,-2.71,7.82,0,899.83,42.27,-0.44,0,270.61,0,50.88,0,Inf,Inf,Inf,0,Inf
"Endako","Aug","obs_na",0,0,0,12,0,0,0,0,0,0,0,279,539,539,539,0,539
"Endako","Sep","mean",8.67,1.43,16.08,1.22,916.5,77.6,4.46,0.68,355.73,5.14,135.58,0.06,NA,NA,NA,41.53,NA
"Endako","Sep","max",18.09,10.37,30.57,20.4,935.75,96.08,11.55,3.02,89.32,12.62,260.77,0.13,-Inf,-Inf,-Inf,100,-Inf
"Endako","Sep","min",-0.6,-8.16,2.42,0,889.48,52.02,-7.19,0,270.32,0.76,13.84,0.03,Inf,Inf,Inf,0.44,Inf
"Endako","Sep","obs_na",0,0,0,0,0,0,0,0,0,0,0,287,519,519,519,0,519
"Endako","Oct","mean",2.29,-2.52,7.49,1.56,915.06,83.57,-0.41,0.66,2.12,4.9,68.05,0.12,NA,NA,NA,46.4,NA
"Endako","Oct","max",13.61,9.85,23.02,34,935.74,96.2,9.98,3.44,89.2,15.59,176.24,0.49,-Inf,-Inf,-Inf,100,-Inf
"Endako","Oct","min",-11.62,-19.19,-6.45,0,891.49,52.08,-14.97,0,270.09,0,6.86,0.01,Inf,Inf,Inf,0,Inf
"Endako","Oct","obs_na",0,0,0,0,27,0,0,0,0,0,0,310,532,532,532,0,532
"Endako","Nov","mean",-3.66,-7.57,0.01,0.96,913.12,88.35,-5.34,0.51,2.76,4.25,30.82,0.15,NA,NA,NA,50.18,NA
"Endako","Nov","max",7.48,4.97,11.56,20,942.34,97.23,5.19,3.75,89.74,13.17,93.11,0.49,-Inf,-Inf,-Inf,100,-Inf
"Endako","Nov","min",-24.88,-30.34,-16.95,0,887.15,65.94,-27.12,0,270.03,0,2.49,0,Inf,Inf,Inf,0.25,Inf
"Endako","Nov","obs_na",0,0,0,0,30,0,0,0,0,0,0,300,540,540,540,0,540
"Endako","Dec","mean",-8.99,-13.34,-5.21,0.41,913.05,88.46,-10.55,0.38,1.77,3.11,18.68,0.12,NA,NA,NA,40.01,NA
"Endako","Dec","max",2.92,1.24,5.95,21.2,943.42,97.15,2.52,3.36,89.86,14.66,76.07,0.43,-Inf,-Inf,-Inf,100,-Inf
"Endako","Dec","min",-34.22,-38.31,-26.08,0,887.22,70.92,-37.23,0,270.09,0,1.7,0,Inf,Inf,Inf,0,Inf
"Endako","Dec","obs_na",0,0,0,0,31,0,0,0,1,0,0,338,558,558,558,0,558
"George Lake","Jan","mean",-7.7,Inf,-Inf,0.83,911.13,89.66,-9.15,0.34,359.42,2.87,19.76,0.1,NA,NA,-0.03,41.23,NA
"George Lake","Jan","max",4.21,Inf,9.9,26.8,931.78,100,3.08,3.09,89.15,15.03,82.69,0.22,-Inf,-Inf,0.36,100,-Inf
"George Lake","Jan","min",-34.1,-39.22,-Inf,0,875.77,59.72,-37.22,0,270.1,0,1.7,0.02,Inf,Inf,-0.92,0,Inf
"George Lake","Jan","obs_na",31,0,0,31,0,31,31,0,51,0,31,341,558,558,502,31,558
"George Lake","Feb","mean",-7.35,Inf,-Inf,0.61,911.49,82.59,-9.99,0.38,356.54,3.41,46.9,0.1,NA,NA,-0.19,31.36,NA
"George Lake","Feb","max",4.99,Inf,11.18,18.4,932.96,99.97,1.9,2.98,88.58,13.73,137.18,0.19,-Inf,-Inf,0.16,100,-Inf
"George Lake","Feb","min",-29.82,-36.6,-Inf,0,885.23,55.87,-32.2,0,270.14,0,3.26,0.02,Inf,Inf,-0.53,0,Inf
"George Lake","Feb","obs_na",28,0,0,39,0,28,28,0,40,0,28,325,509,509,481,28,509
"George Lake","Mar","mean",-2.03,Inf,-Inf,0.59,909.34,71.93,-6.93,0.51,2.29,4.44,96.62,0.1,NA,NA,-0.05,20.99,NA
"George Lake","Mar","max",8.25,Inf,21.2,12.6,929.53,98.73,3.32,3.32,89.32,15.21,220.1,0.19,-Inf,-Inf,0,100,-Inf
"George Lake","Mar","min",-23.57,-32.83,-Inf,0,880.48,46.39,-30.49,0,270.1,0,7.59,0.02,Inf,Inf,-0.12,0,Inf
"George Lake","Mar","obs_na",31,0,0,62,0,31,31,0,31,0,31,341,558,558,527,31,558
"George Lake","Apr","mean",2.68,Inf,-Inf,0.77,911.51,65.92,-3.9,0.49,2.46,4.8,154.92,0.13,NA,NA,0.04,22.5,NA
"George Lake","Apr","max",11.87,Inf,25.65,14.8,929.71,98.46,7.27,4.39,89.69,13.54,301.13,0.23,-Inf,-Inf,0.13,100,-Inf
"George Lake","Apr","min",-12.39,-20.21,-Inf,0,886.48,39.01,-17.81,0,270.37,0,28.58,0.03,Inf,Inf,0,0,Inf
"George Lake","Apr","obs_na",30,0,0,60,0,30,30,0,30,0,30,318,528,528,498,30,528
"George Lake","May","mean",8.78,Inf,-Inf,1.14,912.87,63.99,1.24,0.52,3.25,4.79,196.15,0.12,NA,NA,5.25,23.5,NA
"George Lake","May","max",20.44,Inf,29.11,15.6,927.54,97.37,10.41,3.01,89.9,11.13,361.35,0.23,-Inf,-Inf,8.78,100,-Inf
"George Lake","May","min",0.27,-5.45,-Inf,0,894.49,29.56,-8.17,0,270.07,0.5,40.62,0.03,Inf,Inf,0.24,0,Inf
"George Lake","May","obs_na",60,0,0,36,0,60,60,0,31,0,41,310,509,509,478,31,509
"George Lake","Jun","mean",12.32,Inf,-Inf,1.89,912.88,67.48,5.58,0.47,5.74,4.48,210.14,0.12,NA,NA,10.26,24.89,NA
"George Lake","Jun","max",28.31,Inf,38.25,66.61,923.88,98.12,14.78,2.57,89.72,12.99,375.52,0.22,-Inf,-Inf,12.69,99.53,-Inf
"George Lake","Jun","min",3.52,-1.7,-Inf,0,894.64,40.11,-3.73,0,270.9,0.5,48.23,0.03,Inf,Inf,7.66,0,Inf
"George Lake","Jun","obs_na",60,0,0,30,0,60,60,0,41,0,60,311,520,520,480,30,520
"George Lake","Jul","mean",15.16,Inf,-Inf,1.36,915.11,68.03,8.39,0.38,10.6,4.06,196.11,0.09,NA,NA,12.87,25.21,NA
"George Lake","Jul","max",23.29,Inf,34.86,27.4,926.18,97.94,14.02,2.1,89.39,10.95,340.3,0.21,-Inf,-Inf,15.64,98.36,-Inf
"George Lake","Jul","min",6.69,-0.17,-Inf,0,902.04,37.46,0.28,0,270.31,0.5,47.17,0,Inf,Inf,10.9,0,Inf
"George Lake","Jul","obs_na",68,0,0,42,0,68,68,0,62,0,42,342,558,558,496,31,558
"George Lake","Aug","mean",14.57,Inf,-Inf,0.94,914.36,68.88,8.01,0.37,5.83,3.91,161.75,0.07,NA,NA,12.82,27.3,NA
"George Lake","Aug","max",23.51,Inf,33.99,24.8,926.49,98.18,13.53,2.12,89.9,10.39,307.9,0.15,-Inf,-Inf,14.69,97.84,-Inf
"George Lake","Aug","min",6.27,-0.87,-Inf,0,897.29,44.33,0.43,0,270.44,0.5,39.36,0,Inf,Inf,10.95,0,Inf
"George Lake","Aug","obs_na",94,0,0,52,0,94,94,0,42,0,31,402,558,558,486,41,558
"George Lake","Sep","mean",9.65,Inf,-Inf,1.1,913.15,76.69,5.13,0.37,6.19,3.76,104.98,0.06,NA,NA,10.37,39.87,NA
"George Lake","Sep","max",18.15,Inf,30.72,18,932.04,99.01,12.01,2.14,89.97,12.25,237.39,0.13,-Inf,-Inf,13.17,100,-Inf
"George Lake","Sep","min",0.04,-6.42,-Inf,0,886.68,29.87,-5.69,0,270.67,0,16.13,0,Inf,Inf,6.61,0.44,Inf
"George Lake","Sep","obs_na",60,0,0,27,0,60,60,0,30,0,30,384,556,556,466,17,556
"George Lake","Oct","mean",2.91,Inf,-Inf,1.48,911.98,83.94,0.17,0.41,357.71,3.8,52.66,0.1,NA,NA,5.83,43.97,NA
"George Lake","Oct","max",14.21,Inf,23.3,28.6,931,100,10.35,3.38,89.48,15.03,155.56,0.21,-Inf,-Inf,8.91,100,-Inf
"George Lake","Oct","min",-10.55,-16,-Inf,0,887.59,46.91,-13.65,0,270.28,0,4.72,0,Inf,Inf,0.81,0,Inf
"George Lake","Oct","obs_na",37,0,0,31,0,37,37,0,36,0,31,339,572,572,496,25,572
"George Lake","Nov","mean",-3.32,Inf,-Inf,1.08,909.8,90.26,-4.77,0.35,4.04,3.26,23.08,0.12,NA,NA,1.34,51.36,NA
"George Lake","Nov","max",7.04,Inf,13.88,22.8,937.85,100,5.81,3.39,89.72,13.17,83.42,0.27,-Inf,-Inf,2.92,100,-Inf
"George Lake","Nov","min",-25.47,-29.72,-Inf,0,884.88,62.39,-27.59,0,270.08,0,0.92,0.03,Inf,Inf,-0.17,0.05,Inf
"George Lake","Nov","obs_na",30,0,0,30,0,30,30,0,38,0,30,300,540,540,480,30,540
"George Lake","Dec","mean",-8.53,Inf,-Inf,0.45,910.38,90.48,-9.83,0.3,3.78,2.44,13.86,0.11,NA,NA,0.35,37.64,NA
"George Lake","Dec","max",3,Inf,6.36,23,940.04,100,2.17,4.31,89.89,14.66,51.96,0.25,-Inf,-Inf,2.85,100,-Inf
"George Lake","Dec","min",-32.52,-38.02,-Inf,0,883.95,59.76,-34.84,0,270.09,0,0.97,0,Inf,Inf,-0.5,0,Inf
"George Lake","Dec","obs_na",31,0,0,31,0,31,31,0,47,0,31,330,558,558,496,31,558
"Gnat Pass","Jan","mean",-6.92,-8.86,-5,0.09,823.65,86.87,-8.97,2.4,9.13,7.79,19.63,NA,NA,NA,NA,NA,NA
"Gnat Pass","Jan","max",5.02,2.07,8.39,9.4,841.33,97.91,0.2,10.1,88.56,36.55,54,-Inf,-Inf,-Inf,-Inf,-Inf,-Inf
"Gnat Pass","Jan","min",-22.07,-30.41,-19.75,0,799.98,29.4,-27.14,0,271.14,0,4.88,Inf,Inf,Inf,Inf,Inf,Inf
"Gnat Pass","Jan","obs_na",0,0,0,0,0,0,0,0,0,0,0,124,124,124,124,124,124
"Gnat Pass","Feb","mean",-9.11,-11.17,-7.01,0.01,823.42,81.63,-12.04,3,11.88,9.37,59.71,NA,NA,NA,NA,NA,NA
"Gnat Pass","Feb","max",-0.67,-1.7,1.51,0.4,842.32,96.36,-1.53,8.61,85.52,23.38,122.95,-Inf,-Inf,-Inf,-Inf,-Inf,-Inf
"Gnat Pass","Feb","min",-23.71,-27.09,-22.22,0,791.07,23.74,-31.05,0,270.28,0,18.32,Inf,Inf,Inf,Inf,Inf,Inf
"Gnat Pass","Feb","obs_na",0,0,0,0,1,0,0,0,0,0,0,113,113,113,113,113,113
"Gnat Pass","Mar","mean",-7.74,-10.13,-5.1,0.07,822.87,78.01,-11.16,3.43,13.38,10.18,129.24,NA,NA,NA,NA,NA,NA
"Gnat Pass","Mar","max",8.07,4.12,11.59,2,838.66,96.16,-0.73,10.9,89.37,25.05,228.68,-Inf,-Inf,-Inf,-Inf,-Inf,-Inf
"Gnat Pass","Mar","min",-22.26,-24.99,-20.64,0,805.74,36.7,-29.85,0,273.19,0,46.81,Inf,Inf,Inf,Inf,Inf,Inf
"Gnat Pass","Mar","obs_na",0,0,0,0,7,0,0,0,0,0,0,124,124,124,124,124,124
"Gnat Pass","Apr","mean",-3.6,-6.17,-0.78,0.5,824.37,79.8,-6.81,4.41,13.16,12.62,185.64,NA,NA,NA,NA,NA,NA
"Gnat Pass","Apr","max",5.5,3.25,8.57,11.8,844.36,95.94,0.66,12.22,85.46,33.21,308.44,-Inf,-Inf,-Inf,-Inf,-Inf,-Inf
"Gnat Pass","Apr","min",-12.09,-14.95,-10.51,0,809.7,46.94,-16,0,273.47,0,100.09,Inf,Inf,Inf,Inf,Inf,Inf
"Gnat Pass","Apr","obs_na",0,0,0,0,9,0,0,0,0,0,0,120,120,120,120,120,120
"Gnat Pass","May","mean",4.12,1.15,7.5,0.91,832.04,67.53,-2.1,3.63,11.86,11.57,256.49,NA,NA,NA,NA,NA,NA
"Gnat Pass","May","max",12.17,9.36,17.18,14.8,842.46,95.48,4.87,8.81,89.84,19.85,389.47,-Inf,-Inf,-Inf,-Inf,-Inf,-Inf
"Gnat Pass","May","min",-6.22,-9.51,-2.22,0,818.57,26.1,-12.1,0.68,270.37,6.12,97.8,Inf,Inf,Inf,Inf,Inf,Inf
"Gnat Pass","May","obs_na",0,0,0,0,0,0,0,0,0,0,0,124,124,124,124,124,124
"Gnat Pass","Jun","mean",6.89,3.69,10.7,1.7,831.8,74.33,2.26,3.62,14.99,11.72,239.14,NA,NA,NA,NA,NA,NA
"Gnat Pass","Jun","max",15.25,11.08,20.08,16,841.19,96.76,9.04,7.67,89.73,19.67,396.76,-Inf,-Inf,-Inf,-Inf,-Inf,-Inf
"Gnat Pass","Jun","min",0.06,-2.57,2.45,0,821.79,41.85,-3.19,1.27,270.08,5.38,77.02,Inf,Inf,Inf,Inf,Inf,Inf
"Gnat Pass","Jun","obs_na",0,0,0,0,0,0,0,0,0,0,0,120,120,120,120,120,120
"Gnat Pass","Jul","mean",8.8,5.92,12.1,2.94,833.37,78.43,4.87,3.3,11.52,11.15,205.13,NA,NA,NA,NA,NA,NA
"Gnat Pass","Jul","max",17.41,13.59,21.51,17.6,842.13,97.75,9.16,8.81,88.97,22.26,365.99,-Inf,-Inf,-Inf,-Inf,-Inf,-Inf
"Gnat Pass","Jul","min",1.89,-0.34,4.32,0,823.91,43.67,-0.38,0.72,270.14,6.68,47.55,Inf,Inf,Inf,Inf,Inf,Inf
"Gnat Pass","Jul","obs_na",0,0,0,0,0,0,0,0,0,0,0,137,137,137,137,137,137
"Gnat Pass","Aug","mean",8.13,5.52,11.37,2.25,832.41,80.54,4.63,3.39,14.82,11.03,172.57,NA,NA,NA,NA,NA,NA
"Gnat Pass","Aug","max",17.99,14.19,22.01,21.4,846.79,98.3,9.43,9.29,84.59,25.05,338.12,-Inf,-Inf,-Inf,-Inf,-Inf,-Inf
"Gnat Pass","Aug","min",-0.13,-1.79,2.98,0,806.26,39.05,-1.34,0.74,270.03,5.57,32.65,Inf,Inf,Inf,Inf,Inf,Inf
"Gnat Pass","Aug","obs_na",0,0,0,0,0,0,0,0,0,0,0,155,155,155,155,155,155
"Gnat Pass","Sep","mean",3.75,1.36,6.7,1.51,827.88,83.87,1,4.18,9.1,12.24,113.86,NA,NA,NA,NA,NA,NA
"Gnat Pass","Sep","max",14.36,10.25,18.68,19.6,840.49,98.61,7.57,11.31,88.39,33.77,251.76,-Inf,-Inf,-Inf,-Inf,-Inf,-Inf
"Gnat Pass","Sep","min",-2.67,-4.35,-1.02,0,802.8,37.04,-5.28,0,271.66,0,32.18,Inf,Inf,Inf,Inf,Inf,Inf
"Gnat Pass","Sep","obs_na",0,0,0,0,0,0,0,0,0,0,0,143,143,143,143,143,143
"Gnat Pass","Oct","mean",-2.1,-3.98,-0.12,0.57,825.08,85.66,-4.32,3.85,358.21,11.38,63.68,NA,NA,NA,NA,NA,NA
"Gnat Pass","Oct","max",10,5.82,13.26,8.4,844.18,97.96,5.37,10.01,77.5,28.76,148.58,-Inf,-Inf,-Inf,-Inf,-Inf,-Inf
"Gnat Pass","Oct","min",-20.82,-22.52,-18.97,0,801.53,51.27,-22.75,0,270.08,0,17.23,Inf,Inf,Inf,Inf,Inf,Inf
"Gnat Pass","Oct","obs_na",0,0,0,0,1,0,0,0,0,0,0,124,124,124,124,124,124
"Gnat Pass","Nov","mean",-8.14,-10.38,-6.04,0.01,822.2,82.79,-11.11,2.81,8.86,8.94,28.24,NA,NA,NA,NA,NA,NA
"Gnat Pass","Nov","max",2.44,-0.79,6.94,0.2,841.58,96.56,-2.33,9.73,88.08,31.91,71.86,-Inf,-Inf,-Inf,-Inf,-Inf,-Inf
"Gnat Pass","Nov","min",-25.64,-27.46,-23.36,0,799.95,12.34,-27.95,0,270.3,0,6.75,Inf,Inf,Inf,Inf,Inf,Inf
"Gnat Pass","Nov","obs_na",0,0,0,0,4,0,0,0,0,0,0,120,120,120,120,120,120
"Gnat Pass","Dec","mean",-9.92,-12.1,-7.86,0,819.24,86.25,-11.91,2.26,6.32,7.74,14.49,NA,NA,NA,NA,NA,NA
"Gnat Pass","Dec","max",-1.51,-2.65,-0.31,0.2,847.56,96.61,-2.43,8.66,89.5,25.6,45.03,-Inf,-Inf,-Inf,-Inf,-Inf,-Inf
"Gnat Pass","Dec","min",-22,-24.77,-19.89,0,800.15,33.04,-23.78,0,270.2,0,3.83,Inf,Inf,Inf,Inf,Inf,Inf
"Gnat Pass","Dec","obs_na",0,0,0,0,0,0,0,0,0,0,0,124,124,124,124,124,124
"Gunnel","Jan","mean",-11.46,-15.07,-7.75,0.03,838.36,71.26,-16.21,3.1,357.12,11.04,18.59,NA,NA,NA,NA,NA,NA
"Gunnel","Jan","max",4.44,3.09,5.49,1.4,855.86,99.65,-1.96,6.41,89.09,23.58,49.62,-Inf,-Inf,-Inf,-Inf,-Inf,-Inf
"Gunnel","Jan","min",-36.08,-36.78,-35.27,0,817.38,28.7,-38.75,0.01,278.33,0.39,3.74,Inf,Inf,Inf,Inf,Inf,Inf
"Gunnel","Jan","obs_na",0,0,0,0,0,0,0,0,0,0,0,124,124,124,124,124,124
"Gunnel","Feb","mean",-13.55,-17.23,-9.66,0.03,841.56,73.01,-17.86,3.55,1.57,11.94,47.78,NA,NA,NA,NA,NA,NA
"Gunnel","Feb","max",2.91,0.3,5.08,0.4,862.26,94.62,-5.18,7.18,88.98,28.07,97.43,-Inf,-Inf,-Inf,-Inf,-Inf,-Inf
"Gunnel","Feb","min",-35.91,-37.82,-33.3,0,815.62,37.35,-38.67,0.52,274.24,2.34,9.88,Inf,Inf,Inf,Inf,Inf,Inf
"Gunnel","Feb","obs_na",0,0,0,0,0,0,0,0,0,0,0,113,113,113,113,113,113
"Gunnel","Mar","mean",-8.09,-11.6,-4.56,0.04,842.06,66.55,-14.1,3.11,3.2,11.19,116.99,NA,NA,NA,NA,NA,NA
"Gunnel","Mar","max",10.58,8.27,13.67,1.4,860.45,95.05,-4.87,7.54,88.08,25.53,193.28,-Inf,-Inf,-Inf,-Inf,-Inf,-Inf
"Gunnel","Mar","min",-26.93,-31.48,-24.76,0,824.1,20.82,-29.05,1.31,272.48,5.26,37.8,Inf,Inf,Inf,Inf,Inf,Inf
"Gunnel","Mar","obs_na",0,0,0,0,0,0,0,0,0,0,0,124,124,124,124,124,124
"Gunnel","Apr","mean",-4.41,-7.48,-1.24,0.23,844,68.96,-10.09,2.77,5.73,9.87,177.2,NA,NA,NA,NA,NA,NA
"Gunnel","Apr","max",9.3,8.1,12.24,4.8,864.35,99.77,-1.48,5.9,86.11,19.49,272.6,-Inf,-Inf,-Inf,-Inf,-Inf,-Inf
"Gunnel","Apr","min",-19.49,-22.73,-18.16,0,821.34,28.86,-21.11,0.02,270.79,0.39,34.78,Inf,Inf,Inf,Inf,Inf,Inf
"Gunnel","Apr","obs_na",0,0,0,0,0,0,0,0,0,0,0,120,120,120,120,120,120
"Gunnel","May","mean",3.25,0.33,6.1,1.23,846.59,72.85,-1.97,2.97,5.22,10.54,206.17,NA,NA,NA,NA,NA,NA
"Gunnel","May","max",18.34,14.65,22.78,18,865.2,100,4.34,7.65,89.37,49.31,335.98,-Inf,-Inf,-Inf,-Inf,-Inf,-Inf
"Gunnel","May","min",-11.66,-14.08,-9.99,0,835.55,24.43,-12.41,0.38,272.48,2.92,45.3,Inf,Inf,Inf,Inf,Inf,Inf
"Gunnel","May","obs_na",0,0,0,0,0,0,0,0,0,0,0,124,124,124,124,124,124
"Gunnel","Jun","mean",8.98,6.06,12.03,4.35,846.86,72.8,3.62,2.79,1.26,10.36,214.76,NA,NA,NA,NA,NA,NA
"Gunnel","Jun","max",23.91,18.68,29.66,51.2,857.87,100,14.87,6.07,84.58,17.54,382.34,-Inf,-Inf,-Inf,-Inf,-Inf,-Inf
"Gunnel","Jun","min",-0.74,-3.21,0.3,0,835.45,35.67,-4.89,1.19,270.85,5.07,42.49,Inf,Inf,Inf,Inf,Inf,Inf
"Gunnel","Jun","obs_na",0,0,0,0,0,0,0,0,0,0,0,120,120,120,120,120,120
"Gunnel","Jul","mean",11.08,8.29,14.08,4.45,848.36,73.5,6.02,2.65,8.26,9.78,212.47,NA,NA,NA,NA,NA,NA
"Gunnel","Jul","max",21.41,17.7,24.07,57.41,858.45,100,11.18,9.57,89.27,22.8,363.8,-Inf,-Inf,-Inf,-Inf,-Inf,-Inf
"Gunnel","Jul","min",0.13,-1.53,1.15,0,837.11,38.85,-1.51,1.01,273.01,4.87,31.82,Inf,Inf,Inf,Inf,Inf,Inf
"Gunnel","Jul","obs_na",0,0,0,0,0,0,0,0,0,0,0,124,124,124,124,124,124
"Gunnel","Aug","mean",9.84,7.02,12.81,3.66,846.78,74.45,4.91,2.79,356.59,10.69,168.54,NA,NA,NA,NA,NA,NA
"Gunnel","Aug","max",22.86,20.53,24.58,75,858.22,100,12.42,6.45,88.62,20.27,302.23,-Inf,-Inf,-Inf,-Inf,-Inf,-Inf
"Gunnel","Aug","min",-3.89,-5.61,-2.31,0,835.15,28.85,-3.97,0.78,270.67,4.87,24.89,Inf,Inf,Inf,Inf,Inf,Inf
"Gunnel","Aug","obs_na",0,0,0,0,0,0,0,0,0,0,0,140,140,140,140,140,140
"Gunnel","Sep","mean",5.16,2.47,8.14,1.24,845.97,71.02,-0.25,2.64,4.18,10.19,127.43,NA,NA,NA,NA,NA,NA
"Gunnel","Sep","max",14.54,13.11,18.53,50.41,860.12,100,9.27,6.64,89.08,23,215.77,-Inf,-Inf,-Inf,-Inf,-Inf,-Inf
"Gunnel","Sep","min",-6.36,-9.61,-3.36,0,828.75,38.57,-9.73,0,273.78,0.39,16.08,Inf,Inf,Inf,Inf,Inf,Inf
"Gunnel","Sep","obs_na",0,0,0,0,0,0,0,0,0,0,0,147,147,147,147,147,147
"Gunnel","Oct","mean",-1.08,-3.52,1.62,0.29,842.64,68.25,-6.99,2.7,1.06,10.82,64.26,NA,NA,NA,NA,NA,NA
"Gunnel","Oct","max",12.22,8.52,15.87,7.6,859.68,99.91,4.52,6.3,87.97,21.83,127.17,-Inf,-Inf,-Inf,-Inf,-Inf,-Inf
"Gunnel","Oct","min",-14.71,-17.08,-13.7,0,823.95,21.03,-18.22,0,271.96,0,16.76,Inf,Inf,Inf,Inf,Inf,Inf
"Gunnel","Oct","obs_na",0,0,0,0,0,0,0,0,0,0,0,124,124,124,124,124,124
"Gunnel","Nov","mean",-6.85,-10.46,-3.28,0.03,838.94,73.58,-11.66,2.76,1.97,9.89,23.16,NA,NA,NA,NA,NA,NA
"Gunnel","Nov","max",9.98,8,13.33,1.4,857.67,97.64,-1.97,7.02,89.5,22.8,65.4,-Inf,-Inf,-Inf,-Inf,-Inf,-Inf
"Gunnel","Nov","min",-24.13,-26.08,-20.74,0,821.93,13.73,-26.04,0,271.61,0.19,3.78,Inf,Inf,Inf,Inf,Inf,Inf
"Gunnel","Nov","obs_na",0,0,0,0,0,0,0,0,0,0,0,120,120,120,120,120,120
"Gunnel","Dec","mean",-9.64,-12.95,-6.42,0,835.99,68.06,-15.04,3.07,1.02,11.33,13.47,NA,NA,NA,NA,NA,NA
"Gunnel","Dec","max",6.89,5.13,8.92,0.2,852.83,95.17,-2.9,5.89,83.71,21.83,25.97,-Inf,-Inf,-Inf,-Inf,-Inf,-Inf
"Gunnel","Dec","min",-33.02,-34.76,-31.26,0,812.34,33.38,-35.62,0,271.72,0.19,2.9,Inf,Inf,Inf,Inf,Inf,Inf
"Gunnel","Dec","obs_na",0,0,0,0,0,0,0,0,0,0,0,124,124,124,124,124,124
"Hourglass","Jan","mean",-7.21,-11.01,-3.42,0.24,881.47,76.48,-10.85,2.22,22.17,-Inf,30.1,0.09,NA,NA,-0.79,NA,31.35
"Hourglass","Jan","max",7.62,5.28,12.68,7.2,903.4,93.4,0.95,10.41,89.72,26.27,74.67,0.17,-Inf,-Inf,-0.46,-Inf,61.71
"Hourglass","Jan","min",-35.21,-37.63,-33.85,0,855.23,29.15,-38.39,0,270.59,-Inf,6.28,0.02,Inf,Inf,-1.02,Inf,2.08
"Hourglass","Jan","obs_na",0,0,0,0,0,0,0,31,62,0,0,248,408,408,403,408,130
"Hourglass","Feb","mean",-8.97,-13.3,-4.88,0.16,881.54,73.89,-13.04,2.06,23.18,-Inf,65.61,0.08,NA,NA,NA,NA,38.31
"Hourglass","Feb","max",6.93,2.72,10.3,8.8,904.16,90.77,1.42,10.15,89.38,21.52,139.05,0.17,-Inf,-Inf,-Inf,-Inf,69.94
"Hourglass","Feb","min",-33.76,-36.69,-30.41,0,858.05,25.75,-36.92,0,270.54,-Inf,11.13,0.01,Inf,Inf,Inf,Inf,6.15
"Hourglass","Feb","obs_na",0,0,0,0,0,0,0,29,56,0,0,225,367,367,367,367,115
"Hourglass","Mar","mean",-4.56,-9.35,0.13,0.31,881.44,69.45,-9.77,1.91,21.1,-Inf,126.95,0.09,NA,NA,NA,NA,36.74
"Hourglass","Mar","max",10.88,5.85,18.53,6.4,902.99,91.87,1.7,8.17,89.79,22.46,235.46,0.21,-Inf,-Inf,-Inf,-Inf,73.22
"Hourglass","Mar","min",-28.15,-34.43,-24.21,0,861.4,23.01,-33.49,0,271.36,-Inf,16.86,0,Inf,Inf,Inf,Inf,0
"Hourglass","Mar","obs_na",0,0,0,0,0,0,0,31,62,0,0,240,403,403,403,403,124
"Hourglass","Apr","mean",1.22,-3.57,5.82,0.55,882.59,64.3,-5.46,2.12,21.45,-Inf,188.36,0.19,NA,NA,NA,NA,16.46
"Hourglass","Apr","max",15.38,7.72,22.85,10,902.05,94.64,3.54,8.8,88.95,21.32,318.48,0.55,-Inf,-Inf,-Inf,-Inf,59.9
"Hourglass","Apr","min",-15.91,-21.62,-12.05,0,858.51,31.15,-19.92,0.21,270.26,-Inf,29.16,0,Inf,Inf,Inf,Inf,0
"Hourglass","Apr","obs_na",0,0,0,0,0,0,0,30,60,0,0,213,390,390,390,390,120
"Hourglass","May","mean",8.64,3.02,13.82,1.57,884.49,60.12,0.34,1.9,16.21,-Inf,229.25,0.23,NA,NA,NA,NA,0.39
"Hourglass","May","max",19.92,15.01,29.39,42.6,900.32,95.93,8.5,7.3,89.04,19.85,364.58,0.45,-Inf,-Inf,-Inf,-Inf,14.74
"Hourglass","May","min",-4.75,-7.28,-2.19,0,868.86,25.81,-13.07,0,270.97,-Inf,16.81,0.11,Inf,Inf,Inf,Inf,0
"Hourglass","May","obs_na",0,0,0,0,0,0,0,31,60,0,0,223,406,406,406,406,130
"Hourglass","Jun","mean",12.1,6.84,17.09,2.58,884.01,63.99,4.74,2.06,27.87,-Inf,239.74,0.2,NA,NA,NA,NA,0.04
"Hourglass","Jun","max",29.7,21.84,36.74,106.6,895.65,96.23,15.09,6.87,89.14,15.96,399.84,0.42,-Inf,-Inf,-Inf,-Inf,8.13
"Hourglass","Jun","min",0.76,-2.04,3.38,0,867.1,33.58,-4.78,0.22,270.78,-Inf,0.6,0.08,Inf,Inf,Inf,Inf,0
"Hourglass","Jun","obs_na",0,0,0,3,0,0,0,33,63,0,3,267,420,420,420,420,150
"Hourglass","Jul","mean",14.67,9.34,19.88,1.95,886.56,66.42,7.76,1.85,25.63,-Inf,236.88,0.21,NA,NA,15.74,NA,0
"Hourglass","Jul","max",25.06,18.53,32.92,57,898.27,95.41,14.93,4.75,89.67,15.4,389.57,0.46,-Inf,-Inf,18.97,-Inf,0
"Hourglass","Jul","min",4.58,0.3,7.17,0,873.15,29.57,0.58,0.03,270.55,-Inf,34.42,0.09,Inf,Inf,13.24,Inf,0
"Hourglass","Jul","obs_na",0,0,0,27,9,0,0,32,80,0,18,244,434,434,421,434,155
"Hourglass","Aug","mean",14,8.73,19.22,1.49,886.16,67.43,7.44,1.74,28.89,8.09,198.74,0.21,NA,NA,15.09,NA,0
"Hourglass","Aug","max",23.25,17.03,29.99,48,900.26,99.23,15.5,5.7,89.43,19.67,319.83,0.37,-Inf,-Inf,17.5,-Inf,0
"Hourglass","Aug","min",4.24,-0.12,5.82,0,869.58,32.58,1.11,0.13,271.42,3.27,34.47,0.09,Inf,Inf,11.81,Inf,0
"Hourglass","Aug","obs_na",0,0,0,31,31,0,0,0,52,0,0,217,434,434,403,434,155
"Hourglass","Sep","mean",9.3,4.58,14.21,1.21,884.25,69.58,3.43,1.78,32.18,-Inf,139.04,0.17,NA,NA,12.26,NA,0.06
"Hourglass","Sep","max",21.87,16.23,28.32,34.6,901.55,98,10.72,6.58,89.02,17.51,253.8,0.35,-Inf,-Inf,16.72,-Inf,8.84
"Hourglass","Sep","min",-4.91,-9.75,-3.45,0,862,29.21,-7.31,0.04,270.43,-Inf,14.05,0.07,Inf,Inf,6.64,Inf,0
"Hourglass","Sep","obs_na",0,0,0,8,8,0,0,21,60,0,0,210,420,420,390,420,150
"Hourglass","Oct","mean",2.25,-1.56,6.15,1.05,882.67,75.01,-2.12,1.74,24.95,-Inf,76.68,0.18,NA,NA,4.09,NA,2.58
"Hourglass","Oct","max",15.38,10.17,22.06,25.2,900.27,95.53,8.49,6.2,87.52,20.59,168.16,0.3,-Inf,-Inf,8.71,-Inf,33.13
"Hourglass","Oct","min",-16.08,-20.4,-15.3,0,861.74,28.47,-18.1,0,270.95,-Inf,9.51,0.09,Inf,Inf,1.53,Inf,0
"Hourglass","Oct","obs_na",0,0,0,0,0,0,0,31,62,0,0,217,434,434,403,434,150
"Hourglass","Nov","mean",-4.65,-8.28,-1.24,0.39,880.68,78.12,-8.13,1.85,25.77,-Inf,37.22,0.17,NA,NA,-0.66,NA,12.88
"Hourglass","Nov","max",10.41,8.74,13.71,13,910.11,94.55,5.48,8.86,87.52,24.74,87.17,0.33,-Inf,-Inf,1.77,-Inf,40.67
"Hourglass","Nov","min",-28.23,-34.93,-25.61,0,859.62,19.06,-30.82,0,270.19,-Inf,5.4,0.04,Inf,Inf,-3.65,Inf,0
"Hourglass","Nov","obs_na",0,0,0,0,0,0,0,30,60,0,0,214,420,420,390,420,120
"Hourglass","Dec","mean",-8.81,-12.65,-5.13,0.18,879.54,77.24,-12.24,1.95,23.64,-Inf,22.56,0.11,NA,NA,-1.41,NA,23.18
"Hourglass","Dec","max",7.08,4.35,11.22,11.8,907.36,92.27,2.34,7.65,87.74,25.13,62.06,0.23,-Inf,-Inf,-0.47,-Inf,59.7
"Hourglass","Dec","min",-35.91,-38.91,-30,0,853.2,38.15,-39.01,0,270.02,-Inf,4.05,0.05,Inf,Inf,-2.32,Inf,3.31
"Hourglass","Dec","obs_na",0,0,0,0,0,0,0,31,62,0,0,240,434,434,403,434,126
"Hudson Bay Mountain","Jan","mean",-7.28,-9.46,-5.13,0.29,821.21,91.81,-8.59,4.87,13.49,-Inf,29.35,NA,NA,NA,NA,NA,NA
"Hudson Bay Mountain","Jan","max",4.85,0.93,8.42,25.61,839.12,100,0.31,15.88,88.1,48.14,83.89,-Inf,-Inf,-Inf,-Inf,-Inf,-Inf
"Hudson Bay Mountain","Jan","min",-30.35,-32.07,-29.32,0,796.79,34.96,-32.33,0,271.02,-Inf,7.38,Inf,Inf,Inf,Inf,Inf,Inf
"Hudson Bay Mountain","Jan","obs_na",0,0,0,0,0,0,0,14,0,0,0,222,222,222,222,222,222
"Hudson Bay Mountain","Feb","mean",-10.37,-12.88,-7.76,0.1,821.49,85.04,-12.71,5.9,17.81,-Inf,70.33,NA,NA,NA,NA,NA,NA
"Hudson Bay Mountain","Feb","max",0.35,-1.36,2.18,14.8,838.45,100,-0.2,17.39,89.92,43.07,134.47,-Inf,-Inf,-Inf,-Inf,-Inf,-Inf
"Hudson Bay Mountain","Feb","min",-30.24,-31.92,-28.73,0,801.44,33.6,-32.32,0.89,270.48,-Inf,12.9,Inf,Inf,Inf,Inf,Inf,Inf
"Hudson Bay Mountain","Feb","obs_na",0,0,0,0,0,0,0,28,0,0,0,197,197,197,197,197,197
"Hudson Bay Mountain","Mar","mean",-6.27,-8.54,-3.87,0.05,821.8,83.23,-9,4.85,15.53,-Inf,131.59,NA,NA,NA,NA,NA,NA
"Hudson Bay Mountain","Mar","max",6.15,3.41,10.79,2.8,837.27,100,-0.4,12.04,89.25,25.73,250.93,-Inf,-Inf,-Inf,-Inf,-Inf,-Inf
"Hudson Bay Mountain","Mar","min",-23.06,-24.99,-20.74,0,805.06,37.42,-26.23,1.46,270.96,-Inf,52.07,Inf,Inf,Inf,Inf,Inf,Inf
"Hudson Bay Mountain","Mar","obs_na",0,0,0,0,0,0,0,31,0,0,0,217,217,217,217,217,217
"Hudson Bay Mountain","Apr","mean",-3.38,-5.91,-0.81,0.19,824.31,78.27,-7.13,5.35,11.97,-Inf,189.58,NA,NA,NA,NA,NA,NA
"Hudson Bay Mountain","Apr","max",9.57,7.54,12,3.8,841.55,100,1.17,10.56,89.5,49.31,304.62,-Inf,-Inf,-Inf,-Inf,-Inf,-Inf
"Hudson Bay Mountain","Apr","min",-16.03,-19.19,-12.94,0,800.92,37.69,-20.18,1.92,270.08,-Inf,82.33,Inf,Inf,Inf,Inf,Inf,Inf
"Hudson Bay Mountain","Apr","obs_na",0,0,0,0,0,0,0,30,0,0,0,210,210,210,210,210,210
"Hudson Bay Mountain","May","mean",2.7,0.05,5.57,0.63,827.58,77.08,-1.41,4.99,20.75,-Inf,233.31,NA,NA,NA,NA,NA,NA
"Hudson Bay Mountain","May","max",17.03,14.86,20.46,11.4,841.08,100,5.78,13.65,89.27,23.19,372.03,-Inf,-Inf,-Inf,-Inf,-Inf,-Inf
"Hudson Bay Mountain","May","min",-4.04,-6.48,-2.68,0,813.46,35.13,-8.52,1.8,271.42,-Inf,89.63,Inf,Inf,Inf,Inf,Inf,Inf
"Hudson Bay Mountain","May","obs_na",0,0,0,13,0,0,0,31,0,0,0,217,217,217,217,217,217
"Hudson Bay Mountain","Jun","mean",6.43,3.46,9.8,1.19,829.32,76.78,2.14,4.87,17.47,-Inf,238.75,NA,NA,NA,NA,NA,NA
"Hudson Bay Mountain","Jun","max",23.66,20.53,27.58,14.8,840.26,99.92,11.98,16.17,89.21,40.34,398.28,-Inf,-Inf,-Inf,-Inf,-Inf,-Inf
"Hudson Bay Mountain","Jun","min",-0.76,-2.57,0.55,0,810.8,31.45,-3.34,1.79,270.83,-Inf,59.68,Inf,Inf,Inf,Inf,Inf,Inf
"Hudson Bay Mountain","Jun","obs_na",0,0,0,30,0,0,0,30,0,0,0,210,210,210,210,210,210
"Hudson Bay Mountain","Jul","mean",9.96,7.03,13.38,1.54,832.6,76.31,5.46,4.5,17.74,-Inf,228.91,NA,NA,NA,NA,NA,NA
"Hudson Bay Mountain","Jul","max",20.16,17.23,24.24,21.4,841.22,99.97,11.19,10.77,89.92,30.6,380.88,-Inf,-Inf,-Inf,-Inf,-Inf,-Inf
"Hudson Bay Mountain","Jul","min",1.98,0.02,3.43,0,817.07,31.63,0.07,1.27,270.02,-Inf,57.92,Inf,Inf,Inf,Inf,Inf,Inf
"Hudson Bay Mountain","Jul","obs_na",0,0,0,31,0,0,0,31,0,0,0,217,217,217,217,217,217
"Hudson Bay Mountain","Aug","mean",9.83,6.88,13.07,1.37,831.63,74.7,4.9,4.69,16.13,-Inf,194.43,NA,NA,NA,NA,NA,NA
"Hudson Bay Mountain","Aug","max",19.84,16.34,23.83,21.6,840.98,100,11.47,10.78,89.68,28.07,332.38,-Inf,-Inf,-Inf,-Inf,-Inf,-Inf
"Hudson Bay Mountain","Aug","min",1.34,-0.17,3.04,0,818.65,30.38,-3.79,1.35,271.02,-Inf,25.3,Inf,Inf,Inf,Inf,Inf,Inf
"Hudson Bay Mountain","Aug","obs_na",0,0,0,31,0,0,0,31,0,0,0,237,237,237,237,237,237
"Hudson Bay Mountain","Sep","mean",5.06,2.82,7.66,1.64,828.22,83.29,2.03,4.92,24.69,-Inf,122.99,NA,NA,NA,NA,NA,NA
"Hudson Bay Mountain","Sep","max",19.55,17.08,22.7,29.6,846.23,100,8.99,11.92,89.5,43.27,252.65,-Inf,-Inf,-Inf,-Inf,-Inf,-Inf
"Hudson Bay Mountain","Sep","min",-5.49,-8.46,-3.6,0,810.32,29,-9.65,1.18,270.03,-Inf,14.31,Inf,Inf,Inf,Inf,Inf,Inf
"Hudson Bay Mountain","Sep","obs_na",0,0,0,12,0,0,0,1,0,0,0,270,270,270,270,270,270
"Hudson Bay Mountain","Oct","mean",-0.67,-2.59,1.36,0.7,825.24,86.47,-3.16,5.4,20.21,-Inf,77.25,NA,NA,NA,NA,NA,NA
"Hudson Bay Mountain","Oct","max",12.04,10.05,15.1,20.8,842.82,100,7.65,13.77,88.98,39.37,177.95,-Inf,-Inf,-Inf,-Inf,-Inf,-Inf
"Hudson Bay Mountain","Oct","min",-13.88,-15.95,-11.61,0,801.28,14.92,-18.92,0,271.78,-Inf,7.12,Inf,Inf,Inf,Inf,Inf,Inf
"Hudson Bay Mountain","Oct","obs_na",0,0,0,0,0,0,0,21,21,0,0,279,279,279,279,279,279
"Hudson Bay Mountain","Nov","mean",-5.56,-7.47,-3.67,0.28,820.94,93.37,-6.68,4.81,21.11,-Inf,36.54,NA,NA,NA,NA,NA,NA
"Hudson Bay Mountain","Nov","max",3.42,1.24,6.76,11.4,847.35,100,2.34,16.78,89.85,42.49,91.03,-Inf,-Inf,-Inf,-Inf,-Inf,-Inf
"Hudson Bay Mountain","Nov","min",-23.9,-24.38,-23.46,0,801.75,15.35,-25.54,0,270.15,-Inf,6.96,Inf,Inf,Inf,Inf,Inf,Inf
"Hudson Bay Mountain","Nov","obs_na",0,0,0,0,0,0,0,21,21,0,0,261,261,261,261,261,261
"Hudson Bay Mountain","Dec","mean",-8.3,-10.48,-6.04,0.09,819.96,90.3,-9.84,4.68,16.62,13.41,22.15,NA,NA,NA,NA,NA,NA
"Hudson Bay Mountain","Dec","max",4.29,2.15,6.58,8,844.99,100,2.45,23.81,89.45,49.31,54.31,-Inf,-Inf,-Inf,-Inf,-Inf,-Inf
"Hudson Bay Mountain","Dec","min",-30.29,-31.84,-28.99,0,795.68,36.6,-32.56,0,270.73,0,5.14,Inf,Inf,Inf,Inf,Inf,Inf
"Hudson Bay Mountain","Dec","obs_na",0,0,0,0,0,0,0,0,0,0,0,248,248,248,248,248,248
"IBB1 Sweeney Lake","Jan","mean",-4.17,-6.36,-2.16,2.82,892.36,93.27,-5.19,0.07,10.9,1.65,1.76,0.23,NA,NA,NA,27.92,NA
"IBB1 Sweeney Lake","Jan","max",2.46,0.65,4.91,51,902.75,99.85,1.01,0.35,77.84,5.34,3.73,0.26,-Inf,-Inf,-Inf,72.33,-Inf
"IBB1 Sweeney Lake","Jan","min",-14.47,-15.39,-13.02,0,869.9,69.57,-15.44,0,275.58,0,0.76,0.22,Inf,Inf,Inf,5.78,Inf
"IBB1 Sweeney Lake","Jan","obs_na",0,0,0,0,0,0,0,0,0,0,0,0,31,31,31,0,31
"IBB1 Sweeney Lake","Feb","mean",-9.65,-11.73,-7.02,1.94,884.53,86.69,-11.48,0.01,358.91,1.12,4.05,0.22,NA,NA,NA,17.55,NA
"IBB1 Sweeney Lake","Feb","max",1.02,-0.11,3.42,15,901.98,100,0.29,0.18,84.3,3.34,8.22,0.23,-Inf,-Inf,-Inf,97.25,-Inf
"IBB1 Sweeney Lake","Feb","min",-22.92,-24.35,-21.96,0,868.77,72.25,-25.44,0,274.95,0,1.6,0.21,Inf,Inf,Inf,1.3,Inf
"IBB1 Sweeney Lake","Feb","obs_na",0,0,0,0,0,0,0,0,0,0,0,0,28,28,28,0,28
"IBB1 Sweeney Lake","Mar","mean",-2.12,-4.15,0.43,0.48,878.76,86.96,-4.09,0.02,3.08,1.62,8.09,0.22,NA,NA,NA,11.57,NA
"IBB1 Sweeney Lake","Mar","max",1.97,-0.21,6.17,6.6,888.85,100,0.42,0.11,87.67,3.01,14.26,0.22,-Inf,-Inf,-Inf,61.4,-Inf
"IBB1 Sweeney Lake","Mar","min",-7.63,-9.58,-5.78,0,867.06,74.16,-8.59,0,280.44,0.67,3.43,0.22,Inf,Inf,Inf,3.75,Inf
"IBB1 Sweeney Lake","Mar","obs_na",0,0,0,0,0,0,0,0,0,0,0,0,31,31,31,0,31
"IBB1 Sweeney Lake","Apr","mean",1.75,-1.24,5.2,0.18,887.82,74.61,-2.64,0.1,19.1,2.19,16.35,0.24,NA,NA,NA,11.72,NA
"IBB1 Sweeney Lake","Apr","max",4.68,1.87,11.49,2.2,895.08,96.53,1.57,0.49,89.2,3.67,26.65,0.27,-Inf,-Inf,-Inf,66.59,-Inf
"IBB1 Sweeney Lake","Apr","min",-1.8,-5.23,-0.36,0,875.51,52.31,-7.51,0,271.02,1,3.52,0.22,Inf,Inf,Inf,3.48,Inf
"IBB1 Sweeney Lake","Apr","obs_na",0,0,0,0,0,0,0,0,0,0,0,0,30,30,30,0,30
"IBB1 Sweeney Lake","May","mean",4.29,1.22,7.67,0.08,885.92,77.27,0.4,0.07,13.03,2.14,18.72,0.24,NA,NA,NA,13.89,NA
"IBB1 Sweeney Lake","May","max",11.01,6.52,17.51,0.8,893.39,92.94,6.67,0.22,86.56,3.67,32.96,0.26,-Inf,-Inf,-Inf,54.02,-Inf
"IBB1 Sweeney Lake","May","min",1,-1.55,3.83,0,878.26,57.49,-4.19,0,274.83,1,7.75,0.22,Inf,Inf,Inf,3.43,Inf
"IBB1 Sweeney Lake","May","obs_na",0,0,0,0,0,0,0,0,0,0,0,0,31,31,31,0,31
"IBB1 Sweeney Lake","Jun","mean",9.75,5.7,13.89,0.03,889.85,66.55,3.3,0.1,19.22,2.38,30.13,0.21,NA,NA,NA,7.07,NA
"IBB1 Sweeney Lake","Jun","max",15.65,10.33,21.62,0.8,896.97,85.78,8.75,0.35,61.8,4.34,48.85,0.22,-Inf,-Inf,-Inf,29.07,-Inf
"IBB1 Sweeney Lake","Jun","min",4.73,0.93,8.9,0,885.33,44.88,-1.93,0,302.42,1,10.94,0.19,Inf,Inf,Inf,3.11,Inf
"IBB1 Sweeney Lake","Jun","obs_na",0,0,0,0,0,0,0,0,0,0,0,0,30,30,30,0,30
"IBB1 Sweeney Lake","Jul","mean",12.88,8.9,17.36,0.01,890.13,69.17,6.93,0.09,27.71,2.16,26.69,0.16,NA,NA,NA,10,NA
"IBB1 Sweeney Lake","Jul","max",18.58,13.12,25.19,0.2,897.38,87.07,12.04,0.35,81.84,3.67,43.43,0.19,-Inf,-Inf,-Inf,38.48,-Inf
"IBB1 Sweeney Lake","Jul","min",7.79,3.01,11.24,0,883.51,51.11,2.15,0,281.25,1,6.5,0.13,Inf,Inf,Inf,3.65,Inf
"IBB1 Sweeney Lake","Jul","obs_na",0,0,0,0,0,0,0,0,0,0,0,0,31,31,31,0,31
"IBB1 Sweeney Lake","Aug","mean",13.53,9.67,17.96,0.72,890.9,71.72,7.79,0.08,27.46,1.83,18.82,0.14,NA,NA,NA,17.9,NA
"IBB1 Sweeney Lake","Aug","max",20.4,15.46,27.74,6.2,898.87,97.61,11.86,0.39,89.32,3.67,38.89,0.2,-Inf,-Inf,-Inf,96.84,-Inf
"IBB1 Sweeney Lake","Aug","min",7.12,4.4,8.4,0,876.91,42.89,5.34,0,270.26,0,4.73,0.13,Inf,Inf,Inf,3.33,Inf
"IBB1 Sweeney Lake","Aug","obs_na",0,0,0,0,0,0,0,0,0,0,0,0,31,31,31,0,31
"IBB1 Sweeney Lake","Sep","mean",9.27,6.21,12.83,3.17,886.53,77.49,4.91,0.06,28.85,1.71,11.78,0.17,NA,NA,NA,22.3,NA
"IBB1 Sweeney Lake","Sep","max",20.12,16.14,27.95,24.8,894.89,98.93,10.74,0.19,89.95,3.01,24.36,0.26,-Inf,-Inf,-Inf,100,-Inf
"IBB1 Sweeney Lake","Sep","min",0.6,-0.44,3.16,0,875.3,45.02,0.15,0,273.64,0,1.55,0.11,Inf,Inf,Inf,1.72,Inf
"IBB1 Sweeney Lake","Sep","obs_na",0,0,0,0,0,0,0,0,0,0,0,0,35,35,35,0,35
"IBB1 Sweeney Lake","Oct","mean",2,0.35,3.78,4.26,883.21,93.35,0.98,0.03,5.11,1.79,4.56,0.25,NA,NA,NA,31.21,NA
"IBB1 Sweeney Lake","Oct","max",8.54,6.34,10.62,35.2,893.27,100,8.25,0.16,87.87,3.67,8.9,0.27,-Inf,-Inf,-Inf,77.92,-Inf
"IBB1 Sweeney Lake","Oct","min",-1.98,-4.97,-1.13,0,871.19,75.09,-5.41,0,273.76,0,0.71,0.2,Inf,Inf,Inf,2.37,Inf
"IBB1 Sweeney Lake","Oct","obs_na",0,0,0,0,0,0,0,0,0,0,0,0,32,32,32,0,32
"IBB1 Sweeney Lake","Nov","mean",-3.66,-5.26,-2.13,1.62,879.84,95.9,-4.24,0.03,2.14,1.37,1.57,0.24,NA,NA,NA,50.98,NA
"IBB1 Sweeney Lake","Nov","max",5.48,2.64,7.62,30.6,890.25,99.87,4.39,0.39,89.18,4.01,4.46,0.26,-Inf,-Inf,-Inf,79.66,-Inf
"IBB1 Sweeney Lake","Nov","min",-13.34,-14.76,-12.53,0,864.96,91.22,-14.49,0,270.68,0,0.6,0.23,Inf,Inf,Inf,5.54,Inf
"IBB1 Sweeney Lake","Nov","obs_na",0,0,0,0,0,0,0,0,0,0,0,0,30,30,30,0,30
"IBB1 Sweeney Lake","Dec","mean",-2.66,-4.18,-1.22,1.83,881.29,97.03,-3.09,0.01,355.98,1.03,1.18,0.24,NA,NA,NA,27.55,NA
"IBB1 Sweeney Lake","Dec","max",4.05,2.93,6,44.6,896.9,100,3.47,0.19,73.29,3.67,2.64,0.27,-Inf,-Inf,-Inf,65.17,-Inf
"IBB1 Sweeney Lake","Dec","min",-10.03,-12.37,-8.4,0,864.38,87.67,-10.81,0,272.43,0,0.6,0.22,Inf,Inf,Inf,3.7,Inf
"IBB1 Sweeney Lake","Dec","obs_na",0,0,0,0,0,0,0,0,0,0,0,0,31,31,31,0,31
"IBB2 Ganokwa Canyon","Jan","mean",-4.85,-6.84,-3.11,0.85,909.9,96.25,-5.37,0.05,9.51,1.24,2.06,0.44,NA,NA,1.37,19.58,NA
"IBB2 Ganokwa Canyon","Jan","max",1.56,0.9,2.91,16.8,921.39,100,0.95,0.3,76.11,2.34,3.32,0.46,-Inf,-Inf,1.72,93.58,-Inf
"IBB2 Ganokwa Canyon","Jan","min",-15.28,-17.24,-13.47,0,888.82,86.01,-17.13,0,279.92,0.33,0.81,0.43,Inf,Inf,0.98,4.56,Inf
"IBB2 Ganokwa Canyon","Jan","obs_na",0,0,0,0,0,0,0,0,0,0,0,0,31,31,0,0,31
"IBB2 Ganokwa Canyon","Feb","mean",-8.75,-10.93,-6.01,0.32,902.8,86.31,-10.65,0.05,357.96,1.36,4.25,0.26,NA,NA,0.28,10.67,NA
"IBB2 Ganokwa Canyon","Feb","max",2.24,0.84,4.83,6.8,921.32,99.94,1.03,0.32,89.68,3.34,8.58,0.44,-Inf,-Inf,0.87,48.28,-Inf
"IBB2 Ganokwa Canyon","Feb","min",-21.99,-24.56,-19.59,0,885.04,69.92,-23.97,0,271.42,0,1.02,0.17,Inf,Inf,0.02,2.94,Inf
"IBB2 Ganokwa Canyon","Feb","obs_na",0,0,0,0,0,0,0,0,0,0,0,0,28,28,0,0,28
"IBB2 Ganokwa Canyon","Mar","mean",-0.51,-2.88,2.27,0.08,896.18,74.83,-4.64,0.09,351.8,1.87,10.92,0.21,NA,NA,0.33,9.75,NA
"IBB2 Ganokwa Canyon","Mar","max",4.87,1.03,9.77,1.4,906.43,100,1.46,0.57,89.85,4.68,17.75,0.26,-Inf,-Inf,0.42,85.2,-Inf
"IBB2 Ganokwa Canyon","Mar","min",-6.29,-9.06,-4.15,0,884,55.03,-11.24,0,273.61,0,6.75,0.17,Inf,Inf,0.27,3.46,Inf
"IBB2 Ganokwa Canyon","Mar","obs_na",0,0,0,0,0,0,0,0,0,0,0,0,31,31,0,0,31
"IBB2 Ganokwa Canyon","Apr","mean",3.51,-0.07,7.84,0.67,904.65,68.02,-2.4,0.1,354.16,1.81,21.41,0.42,NA,NA,0.6,13.1,NA
"IBB2 Ganokwa Canyon","Apr","max",7.58,3.33,14.56,8,912.83,97.15,3.09,0.42,87.69,3.34,37.54,0.47,-Inf,-Inf,1.19,68.09,-Inf
"IBB2 Ganokwa Canyon","Apr","min",0.07,-3.59,2.42,0,892.35,47.32,-7.87,0,271.65,1,12.02,0.25,Inf,Inf,0.44,3.23,Inf
"IBB2 Ganokwa Canyon","Apr","obs_na",0,0,0,0,0,0,0,0,0,0,0,0,30,30,0,0,30
"IBB2 Ganokwa Canyon","May","mean",6.77,3.05,11.11,0.26,902.37,69.86,1.18,0.08,342.23,1.84,26.43,0.4,NA,NA,3.39,15.23,NA
"IBB2 Ganokwa Canyon","May","max",13.93,8.94,21.25,3.6,910.15,89.4,7.85,0.28,88.77,2.67,48.47,0.46,-Inf,-Inf,5,41.79,-Inf
"IBB2 Ganokwa Canyon","May","min",2.86,-0.89,7.24,0,895.19,44.5,-4.8,0,281.25,1,15.77,0.37,Inf,Inf,1.48,3.09,Inf
"IBB2 Ganokwa Canyon","May","obs_na",0,0,0,0,0,0,0,0,0,0,0,0,31,31,0,0,31
"IBB2 Ganokwa Canyon","Jun","mean",11.69,7.15,16.86,0.53,906.2,63.81,4.27,0.07,11.22,1.69,35.74,0.36,NA,NA,6.08,11.42,NA
"IBB2 Ganokwa Canyon","Jun","max",17.44,12.5,23.74,7,913.89,89.53,10.53,0.18,89.16,3.01,57.14,0.37,-Inf,-Inf,7.21,44.46,-Inf
"IBB2 Ganokwa Canyon","Jun","min",7.65,3.2,11.72,0,901.4,36.86,-2.3,0,274.99,0.33,11.45,0.36,Inf,Inf,4.7,2.92,Inf
"IBB2 Ganokwa Canyon","Jun","obs_na",0,0,0,0,0,0,0,0,0,0,0,0,30,30,0,0,30
"IBB2 Ganokwa Canyon","Jul","mean",14.22,10.29,18.83,0.48,905.55,70.82,8.52,0.06,354.85,1.62,29.53,0.3,NA,NA,8.2,12.4,NA
"IBB2 Ganokwa Canyon","Jul","max",20.84,15.21,29.76,5,914.49,88.22,11.83,0.19,89.05,2.67,51.3,0.35,-Inf,-Inf,9.71,39.68,-Inf
"IBB2 Ganokwa Canyon","Jul","min",9.15,3.69,12.01,0,898.18,47.44,2.57,0,272.89,0,13.58,0.2,Inf,Inf,6.98,2.35,Inf
"IBB2 Ganokwa Canyon","Jul","obs_na",0,0,0,0,0,0,0,0,0,0,0,0,37,37,0,0,37
"IBB2 Ganokwa Canyon","Aug","mean",14.73,10.52,19.84,1.41,907.29,67.23,7.85,0.04,333.74,1.51,23.88,0.24,NA,NA,9.14,16.69,NA
"IBB2 Ganokwa Canyon","Aug","max",21.12,16.67,28.9,15,915.81,98.11,11.79,0.25,83.83,3.67,45.62,0.4,-Inf,-Inf,10.33,96.84,-Inf
"IBB2 Ganokwa Canyon","Aug","min",8.05,4.76,10.2,0,893.92,36.63,2.8,0,270.66,1,8.79,0.17,Inf,Inf,8.3,0.96,Inf
"IBB2 Ganokwa Canyon","Aug","obs_na",0,0,0,0,0,0,0,0,0,0,0,0,62,62,0,0,62
"IBB2 Ganokwa Canyon","Sep","mean",10.83,7.55,14.75,1.89,903.67,78.61,6.76,0.02,342.3,0.99,12.25,0.22,NA,NA,8.8,23.97,NA
"IBB2 Ganokwa Canyon","Sep","max",20.57,16.54,27.27,20,915.49,99.99,11.28,0.29,85.94,3.01,23.69,0.3,-Inf,-Inf,10.65,100,-Inf
"IBB2 Ganokwa Canyon","Sep","min",1.96,-0.71,2.94,0,891.88,49.65,0.62,0,270.79,0,2.43,0.17,Inf,Inf,6.35,2.1,Inf
"IBB2 Ganokwa Canyon","Sep","obs_na",0,0,0,0,0,0,0,0,0,0,0,0,54,54,2,0,54
"IBB2 Ganokwa Canyon","Oct","mean",2.69,0.76,4.66,1.14,900.34,93.85,1.73,0.05,21.21,1.55,5.27,0.25,NA,NA,5.4,37.01,NA
"IBB2 Ganokwa Canyon","Oct","max",10.49,9.39,11.5,16.2,910.32,100,9.4,0.39,84.49,4.34,8.58,0.26,-Inf,-Inf,6.55,97.77,-Inf
"IBB2 Ganokwa Canyon","Oct","min",-2.63,-5.45,-1.21,0,888.68,79.02,-3.59,0,271.44,0.67,0.76,0.24,Inf,Inf,3.99,4.14,Inf
"IBB2 Ganokwa Canyon","Oct","obs_na",0,0,0,0,0,0,0,0,0,0,0,0,31,31,0,0,31
"IBB2 Ganokwa Canyon","Nov","mean",-3.26,-4.87,-1.82,0.99,897.4,96.66,-3.74,0.08,20.84,1.6,2.12,0.33,NA,NA,3.07,29.04,NA
"IBB2 Ganokwa Canyon","Nov","max",5.25,3.39,7.31,11.8,907.49,100,5.25,0.6,87.55,5.34,5.03,0.45,-Inf,-Inf,4.01,78.06,-Inf
"IBB2 Ganokwa Canyon","Nov","min",-13.92,-15.43,-12.3,0,881.47,82.81,-14.82,0,282,0.33,0.6,0.26,Inf,Inf,1.84,4.54,Inf
"IBB2 Ganokwa Canyon","Nov","obs_na",0,0,0,0,0,0,0,0,0,0,0,0,30,30,0,0,30
"IBB2 Ganokwa Canyon","Dec","mean",-2.78,-4.17,-1.44,0.69,898.92,98.72,-2.97,0.09,16.9,1.23,1.16,0.45,NA,NA,2,27.66,NA
"IBB2 Ganokwa Canyon","Dec","max",3.22,2.81,3.76,11.6,915.28,100,3.22,0.42,84.47,2.67,2.22,0.48,-Inf,-Inf,2.39,93.8,-Inf
"IBB2 Ganokwa Canyon","Dec","min",-10.43,-12.39,-7.4,0,880.99,95.15,-10.77,0,277.81,0,0.6,0.3,Inf,Inf,1.58,5.58,Inf
"IBB2 Ganokwa Canyon","Dec","obs_na",0,0,0,0,0,0,0,0,0,0,0,0,31,31,0,0,31
"IBB3 Pine Creek","Jan","mean",-6.74,-8.58,-4.88,1.07,907.8,98.02,-7,0,0.86,0.44,0.97,0.14,NA,NA,0.66,21.51,NA
"IBB3 Pine Creek","Jan","max",3.03,1.49,4.63,15.2,924.65,100,3.03,0.04,87.68,3.01,2.18,0.18,-Inf,-Inf,1.32,100,-Inf
"IBB3 Pine Creek","Jan","min",-27.5,-28.65,-25.1,0,887.27,88.88,-28.81,0,272.7,0,0.6,0.08,Inf,Inf,-0.52,3.63,Inf
"IBB3 Pine Creek","Jan","obs_na",0,0,0,0,0,0,0,0,0,0,0,0,62,62,0,0,62
"IBB3 Pine Creek","Feb","mean",-7.88,-10.65,-4.62,0.31,904.81,90.03,-9.34,0,347.24,0.48,2.21,0.14,NA,NA,0.15,14.8,NA
"IBB3 Pine Creek","Feb","max",1.7,0.73,4.57,9.8,924.84,100,1.43,0.07,88.53,3.34,4.1,0.18,-Inf,-Inf,0.95,100,-Inf
"IBB3 Pine Creek","Feb","min",-22.77,-25.52,-19.64,0,885.09,57.69,-24.15,0,273.8,0,0.71,0.1,Inf,Inf,-0.17,2.79,Inf
"IBB3 Pine Creek","Feb","obs_na",0,0,0,0,0,0,0,0,0,0,0,0,57,57,0,0,57
"IBB3 Pine Creek","Mar","mean",-1.72,-4.74,1.61,0.24,901.07,80.3,-5.03,0.02,354,0.66,4.45,0.15,NA,NA,0,11.06,NA
"IBB3 Pine Creek","Mar","max",5.07,0.02,12.21,12.8,915.84,100,1.56,0.29,88.19,2,8.58,0.24,-Inf,-Inf,0.34,97.16,-Inf
"IBB3 Pine Creek","Mar","min",-16.31,-20.88,-15.32,0,886.01,48.77,-18.43,0,271.9,0,0.87,0.07,Inf,Inf,-0.78,2.79,Inf
"IBB3 Pine Creek","Mar","obs_na",0,0,0,0,0,0,0,0,0,0,0,0,62,62,0,0,62
"IBB3 Pine Creek","Apr","mean",1.98,-1.57,5.88,0.18,907.15,72.26,-3.16,0.04,29.46,1.37,8.01,0.2,NA,NA,0.22,12.54,NA
"IBB3 Pine Creek","Apr","max",5.79,1.77,12.63,2.8,923.7,99.98,2.57,0.29,89.8,3.01,14.99,0.22,-Inf,-Inf,0.97,87.23,-Inf
"IBB3 Pine Creek","Apr","min",-1.9,-6.54,0.39,0,895.5,34.75,-11.83,0,275.62,0,1.75,0.16,Inf,Inf,-0.09,2.5,Inf
"IBB3 Pine Creek","Apr","obs_na",0,0,0,0,0,0,0,0,0,0,0,0,60,60,0,0,60
"IBB3 Pine Creek","May","mean",5.89,1.76,10.2,0.01,906.32,73.71,1.12,0.03,25.63,1.57,9.12,0.19,NA,NA,2.55,10.21,NA
"IBB3 Pine Creek","May","max",12.28,7.47,18.94,0.6,921.36,94.1,6.6,0.17,88.97,2.67,14.01,0.22,-Inf,-Inf,5,44.95,-Inf
"IBB3 Pine Creek","May","min",2.59,-1.62,6.05,0,892.13,50.66,-3.86,0,271.72,0.67,4.05,0.17,Inf,Inf,0.02,3.16,Inf
"IBB3 Pine Creek","May","obs_na",0,0,0,0,0,0,0,0,0,0,0,0,62,62,0,0,62
"IBB3 Pine Creek","Jun","mean",10.36,6.01,14.4,0.3,907.81,72.89,5.04,0.04,27.08,1.3,9.66,0.16,NA,NA,5.85,15.04,NA
"IBB3 Pine Creek","Jun","max",16.03,10.86,22.32,3.2,917.35,99.13,11.15,0.3,89.39,2.34,15.72,0.19,-Inf,-Inf,7.75,73.09,-Inf
"IBB3 Pine Creek","Jun","min",5.66,0.6,6.99,0,888.78,38.67,-1.54,0,271.25,0,4.67,0.14,Inf,Inf,3.51,3.53,Inf
"IBB3 Pine Creek","Jun","obs_na",0,0,0,0,0,0,0,0,0,0,0,0,60,60,0,0,60
"IBB3 Pine Creek","Jul","mean",14.34,9.47,19.09,0.06,910.01,69.17,8.08,0.04,18.55,1.48,8.81,0.12,NA,NA,8.71,10.17,NA
"IBB3 Pine Creek","Jul","max",20.9,14.62,27.93,1.2,917.77,90.78,12.81,0.21,87.33,3.01,13.79,0.16,-Inf,-Inf,10.57,36.49,-Inf
"IBB3 Pine Creek","Jul","min",8.02,3.77,11.51,0,901.21,39.38,3.15,0,270.48,0.67,4.53,0.09,Inf,Inf,7.07,3.04,Inf
"IBB3 Pine Creek","Jul","obs_na",0,0,0,0,0,0,0,0,0,0,0,0,62,62,0,0,62
"IBB3 Pine Creek","Aug","mean",13.94,8.99,18.77,0.53,910.44,71.48,8.13,0.03,21.55,1.27,7.52,0.09,NA,NA,9.69,14.53,NA
"IBB3 Pine Creek","Aug","max",20.03,13.12,26.94,11.8,919.13,99.94,12.15,0.15,81.06,2,12.12,0.1,-Inf,-Inf,11.48,98.16,-Inf
"IBB3 Pine Creek","Aug","min",7.11,3.49,9.65,0,897.04,43.95,3.24,0,270.55,0.33,0.76,0.07,Inf,Inf,8.29,3.21,Inf
"IBB3 Pine Creek","Aug","obs_na",0,0,0,0,0,0,0,0,0,0,0,0,62,62,0,0,62
"IBB3 Pine Creek","Sep","mean",9.51,5.72,13.55,1.78,906.18,83.4,6.42,0.03,3.22,0.92,4.52,0.08,NA,NA,8.77,22.41,NA
"IBB3 Pine Creek","Sep","max",18.4,12.63,25.81,56.6,918.48,100,11.15,0.19,89.31,2,8.22,0.1,-Inf,-Inf,11.58,100,-Inf
"IBB3 Pine Creek","Sep","min",0.11,-1.39,1.14,0,894.87,56.41,-0.02,0,271.83,0,0.6,0.06,Inf,Inf,5.86,1.03,Inf
"IBB3 Pine Creek","Sep","obs_na",0,0,0,0,0,0,0,0,0,0,0,0,63,63,0,0,63
"IBB3 Pine Creek","Oct","mean",2.42,-0.01,5.08,0.95,905.76,91.64,1.08,0,19.53,0.48,2.6,0.11,NA,NA,5.22,28.95,NA
"IBB3 Pine Creek","Oct","max",11.75,9.56,17.44,11.8,921.7,100,9.06,0.03,88.64,2,4.88,0.17,-Inf,-Inf,7.8,100,-Inf
"IBB3 Pine Creek","Oct","min",-7.41,-11.73,-5.86,0,889.56,67.1,-10.62,0,283.42,0,0.6,0.05,Inf,Inf,2.2,1.88,Inf
"IBB3 Pine Creek","Oct","obs_na",0,0,0,0,0,0,0,0,0,0,0,0,62,62,0,0,62
"IBB3 Pine Creek","Nov","mean",-2.39,-3.94,-0.88,1.05,902.27,98.48,-2.62,0,0.6,0.34,1.04,0.13,NA,NA,2.43,42.98,NA
"IBB3 Pine Creek","Nov","max",4.14,2.57,7.23,34,922.39,100,4.14,0.12,89.43,2.34,2.28,0.18,-Inf,-Inf,3.24,100,-Inf
"IBB3 Pine Creek","Nov","min",-14.71,-16.54,-12.65,0,884.52,74.51,-15.41,0,270.01,0,0.6,0.06,Inf,Inf,0.8,2.35,Inf
"IBB3 Pine Creek","Nov","obs_na",0,0,0,0,0,0,0,0,0,0,0,0,60,60,0,0,60
"IBB3 Pine Creek","Dec","mean",-3.52,-5.18,-2.06,1.23,901.16,99.85,-3.55,0,357.94,0.23,0.74,0.14,NA,NA,1.08,35.43,NA
"IBB3 Pine Creek","Dec","max",2.86,1.81,4.42,18.2,918.65,100,2.86,0,88.28,1.34,1.18,0.18,-Inf,-Inf,1.62,100,-Inf
"IBB3 Pine Creek","Dec","min",-9.14,-11.26,-8.57,0,884.06,98.64,-9.3,0,272.4,0,0.6,0.09,Inf,Inf,0.42,7.8,Inf
"IBB3 Pine Creek","Dec","obs_na",0,0,0,0,0,0,0,0,0,0,0,0,62,62,0,0,62
"Inklin","Jan","mean",-8.67,-11.39,-6.06,2.21,1007.47,90.64,-9.96,0.02,9,1.19,7.6,NA,NA,NA,NA,NA,NA
"Inklin","Jan","max",2.91,0.91,6.69,36.2,1032.44,100,1.73,0.33,63.51,10.07,30.82,-Inf,-Inf,-Inf,-Inf,-Inf,-Inf
"Inklin","Jan","min",-29.1,-32.44,-25.9,0,976.15,67.28,-31.39,0,275.69,0,1.49,Inf,Inf,Inf,Inf,Inf,Inf
"Inklin","Jan","obs_na",0,0,0,0,0,0,0,0,0,0,0,62,62,62,62,62,62
"Inklin","Feb","mean",-8.22,-11.56,-3.69,0.93,1006.01,84.38,-10.46,0.01,359.96,1.54,35.37,NA,NA,NA,NA,NA,NA
"Inklin","Feb","max",3.22,0.44,8.12,12,1036.05,99.16,1.19,0.29,89.2,6.54,75.55,-Inf,-Inf,-Inf,-Inf,-Inf,-Inf
"Inklin","Feb","min",-22.39,-25.67,-18.61,0,978.65,67.7,-25.72,0,278.27,0,4.05,Inf,Inf,Inf,Inf,Inf,Inf
"Inklin","Feb","obs_na",0,0,0,0,0,0,0,0,0,0,0,57,57,57,57,57,57
"Inklin","Mar","mean",-0.58,-4.91,6.16,0.94,998.47,78.46,-4.29,0.03,2.04,2.64,87.95,NA,NA,NA,NA,NA,NA
"Inklin","Mar","max",5.33,3.75,14.27,28.2,1016.24,96.65,1.79,0.78,89.89,9.06,167.08,-Inf,-Inf,-Inf,-Inf,-Inf,-Inf
"Inklin","Mar","min",-17.87,-22.89,-10.65,0,980.98,53.34,-22.64,0,271.04,0,27.02,Inf,Inf,Inf,Inf,Inf,Inf
"Inklin","Mar","obs_na",0,0,0,0,0,0,0,0,0,0,0,62,62,62,62,62,62
"Inklin","Apr","mean",5.2,-0.54,12.65,0.67,1003.03,69.22,-0.73,0.1,2.26,-Inf,134.41,NA,NA,NA,NA,NA,NA
"Inklin","Apr","max",9.95,6.76,24.99,6,1024.87,89.51,4.34,0.42,88.1,7.05,214.99,-Inf,-Inf,-Inf,-Inf,-Inf,-Inf
"Inklin","Apr","min",1.52,-3.99,5,0,988.08,55.77,-5.35,0,271.03,-Inf,35.41,Inf,Inf,Inf,Inf,Inf,Inf
"Inklin","Apr","obs_na",0,0,0,12,0,0,0,12,12,0,12,60,60,60,60,60,60
"Inklin","May","mean",9.33,2.97,17.52,0.24,1000.29,67.43,2.86,0.11,12.46,-Inf,158.12,NA,NA,NA,NA,NA,NA
"Inklin","May","max",13.04,8.57,29.34,1.4,1010.21,83.1,7.48,0.4,88.35,6.54,249.57,-Inf,-Inf,-Inf,-Inf,-Inf,-Inf
"Inklin","May","min",6.54,-3.21,9.26,0,983.68,49.63,-1.54,0,273.52,-Inf,91.2,Inf,Inf,Inf,Inf,Inf,Inf
"Inklin","May","obs_na",0,0,0,31,0,0,0,31,31,0,31,62,62,62,62,62,62
"Inklin","Jun","mean",13.45,Inf,-Inf,0.94,1002.5,73.4,8.49,0.19,350.67,-Inf,174.58,NA,NA,NA,NA,NA,NA
"Inklin","Jun","max",17.97,Inf,34.68,18,1015.25,96.5,14.93,0.55,89.9,7.05,265.2,-Inf,-Inf,-Inf,-Inf,-Inf,-Inf
"Inklin","Jun","min",6.82,0.41,-Inf,0,979.69,51.66,2.36,0,270.54,-Inf,34,Inf,Inf,Inf,Inf,Inf,Inf
"Inklin","Jun","obs_na",15,0,0,30,0,0,15,30,30,0,30,75,75,75,75,75,75
"Inklin","Jul","mean",14.97,Inf,-Inf,0.85,1004.64,74.47,10.68,0.2,15.56,-Inf,165.65,NA,NA,NA,NA,NA,NA
"Inklin","Jul","max",19.87,Inf,27.11,12.4,1014.56,98.5,14.91,0.69,89.37,7.55,257.96,-Inf,-Inf,-Inf,-Inf,-Inf,-Inf
"Inklin","Jul","min",10.35,5.18,-Inf,0,991.89,55.58,7.23,0,271.62,-Inf,26.04,Inf,Inf,Inf,Inf,Inf,Inf
"Inklin","Jul","obs_na",31,0,0,31,0,0,31,31,31,0,31,87,87,87,87,87,87
"Inklin","Aug","mean",14.19,Inf,-Inf,0.93,1004.85,76.64,9.44,0.14,358.94,-Inf,125.24,NA,NA,NA,NA,NA,NA
"Inklin","Aug","max",17.86,Inf,35.9,16.6,1012.57,97.18,11.6,0.81,84.64,6.54,248.88,-Inf,-Inf,-Inf,-Inf,-Inf,-Inf
"Inklin","Aug","min",9.74,2.9,-Inf,0,994.64,58.83,6.26,0,270.06,-Inf,25.31,Inf,Inf,Inf,Inf,Inf,Inf
"Inklin","Aug","obs_na",31,0,0,9,0,0,31,9,9,0,9,62,62,62,62,62,62
"Inklin","Sep","mean",9.35,Inf,-Inf,3.35,998.82,88.25,7.53,0.03,9,3.18,65.43,NA,NA,NA,NA,NA,NA
"Inklin","Sep","max",12.26,Inf,18.46,37.8,1013.82,98.1,11.31,0.65,89.26,7.55,137.48,-Inf,-Inf,-Inf,-Inf,-Inf,-Inf
"Inklin","Sep","min",5.13,0.3,-Inf,0,980.82,61.16,3.48,0,273.65,0,16.91,Inf,Inf,Inf,Inf,Inf,Inf
"Inklin","Sep","obs_na",30,0,0,4,4,4,30,0,0,0,0,60,60,60,60,60,60
"Inklin","Oct","mean",2.76,Inf,-Inf,2.26,998.09,93.38,1.74,0.01,356.84,1.54,33.84,NA,NA,NA,NA,NA,NA
"Inklin","Oct","max",6.38,Inf,12.44,17.8,1016.82,99.75,5.99,0.25,81.63,6.54,68.74,-Inf,-Inf,-Inf,-Inf,-Inf,-Inf
"Inklin","Oct","min",-5.66,-9.34,-Inf,0,991.17,79.67,-8.61,0,272.24,0,8.32,Inf,Inf,Inf,Inf,Inf,Inf
"Inklin","Oct","obs_na",31,0,0,31,31,31,31,0,0,0,0,62,62,62,62,62,62
"Inklin","Nov","mean",-3.76,-5.49,-1.44,1.23,1000.24,94.57,-4.51,0,4.84,0.7,11.29,NA,NA,NA,NA,NA,NA
"Inklin","Nov","max",3.26,1.48,6.94,18.4,1024.39,100,1.39,0.29,88.1,6.04,29.98,-Inf,-Inf,-Inf,-Inf,-Inf,-Inf
"Inklin","Nov","min",-22.99,-25.21,-19.93,0,977.37,81.8,-24.83,0,271.55,0,0.6,Inf,Inf,Inf,Inf,Inf,Inf
"Inklin","Nov","obs_na",0,0,0,0,0,0,0,0,0,0,0,60,60,60,60,60,60
"Inklin","Dec","mean",-6.31,-8.33,-4.21,1.25,996.57,95.25,-6.96,0.01,15.57,0.67,3.54,NA,NA,NA,NA,NA,NA
"Inklin","Dec","max",0.36,-0.12,3.25,35.2,1022.85,100,0.17,0.38,87.12,8.56,11.85,-Inf,-Inf,-Inf,-Inf,-Inf,-Inf
"Inklin","Dec","min",-22.09,-24.99,-19.56,0,972.47,85.22,-23.63,0,272.78,0,0.71,Inf,Inf,Inf,Inf,Inf,Inf
"Inklin","Dec","obs_na",0,0,0,0,0,0,0,0,0,0,0,62,62,62,62,62,62
"Kluskus","Jan","mean",-7.95,-13.9,-2.45,0.81,885.71,86.83,-9.87,0.47,356.5,5.16,28.8,0.2,NA,NA,0.26,NA,NA
"Kluskus","Jan","max",5.18,3.19,9.78,17.2,906.1,99.49,2.17,3.42,88.27,16.7,72.22,0.46,-Inf,-Inf,0.36,-Inf,-Inf
"Kluskus","Jan","min",-38.42,-45.99,-27.96,0,858.82,46.42,-41.39,0,270.26,0,3.84,0.06,Inf,Inf,0.16,Inf,Inf
"Kluskus","Jan","obs_na",0,0,0,0,0,0,0,0,124,0,0,186,434,434,403,434,434
"Kluskus","Feb","mean",-7.92,-14.91,-1.27,0.53,886.17,80.61,-10.89,0.61,359.76,5.95,65.22,0.19,NA,NA,0.02,NA,NA
"Kluskus","Feb","max",6.55,3.62,12.58,18.2,906.29,99.34,1.93,3.82,89.27,16.37,133.06,0.45,-Inf,-Inf,0.16,-Inf,-Inf
"Kluskus","Feb","min",-31.47,-40.27,-23.67,0,858.65,54.36,-34.86,0,272.12,0,3.99,0.05,Inf,Inf,-0.07,Inf,Inf
"Kluskus","Feb","obs_na",0,0,0,0,0,0,0,0,113,0,0,170,396,396,368,396,396
"Kluskus","Mar","mean",-3.3,-10.9,3.72,0.61,884.07,73.83,-7.86,0.67,5.07,6.51,122.43,0.23,NA,NA,0.08,NA,NA
"Kluskus","Mar","max",6.71,1.29,19.41,9.2,901.9,96.79,2.96,3.09,89.4,16.37,238.9,0.46,-Inf,-Inf,0.11,-Inf,-Inf
"Kluskus","Mar","min",-25.72,-35.79,-19.52,0,858.71,51.73,-28.87,0,271.43,2.27,13.58,0.08,Inf,Inf,0,Inf,Inf
"Kluskus","Mar","obs_na",0,0,0,0,0,0,0,0,151,0,0,213,461,461,430,461,461
"Kluskus","Apr","mean",1.39,-5.45,7.75,0.84,886.59,69.38,-4.33,0.76,10.54,7.03,182.95,0.41,NA,NA,1.7,NA,NA
"Kluskus","Apr","max",12.5,4.09,21.51,19.2,905.07,96.92,5.33,3.87,89.78,16.51,303.33,0.49,-Inf,-Inf,6.69,-Inf,-Inf
"Kluskus","Apr","min",-14.37,-25.67,-6.23,0,862.44,42.55,-19.06,0.02,270.26,2.52,37.9,0.15,Inf,Inf,0.11,Inf,Inf
"Kluskus","Apr","obs_na",0,0,0,0,0,0,0,0,152,0,0,210,450,450,420,450,450
"Kluskus","May","mean",7.63,-0.25,14.4,1.32,888.69,67.88,1.16,0.72,2.46,6.9,227.93,0.38,NA,NA,6.8,NA,NA
"Kluskus","May","max",18.22,8.84,28.89,19,903.9,96.9,9.07,3.26,89.9,28.71,374.42,0.47,-Inf,-Inf,7.72,-Inf,-Inf
"Kluskus","May","min",-0.54,-7.87,1.59,0,874.75,38.38,-8.42,0.07,270.12,3.15,38.22,0.2,Inf,Inf,6.17,Inf,Inf
"Kluskus","May","obs_na",0,0,0,10,0,0,0,0,203,0,17,217,465,465,451,465,465
"Kluskus","Jun","mean",11.02,3.15,17.58,1.66,888.96,67.95,4.48,0.74,17.77,6.99,240.33,0.26,NA,NA,10.97,NA,NA
"Kluskus","Jun","max",26.52,12.87,36.15,35.4,900.24,96.64,14.08,2.72,89.97,14.1,379.73,0.47,-Inf,-Inf,12.61,-Inf,-Inf
"Kluskus","Jun","min",2.45,-5.51,4.79,0,872.35,38.2,-4.09,0.04,270.37,2.77,80.36,0.13,Inf,Inf,9.35,Inf,Inf
"Kluskus","Jun","obs_na",0,0,0,30,0,0,0,0,180,0,25,209,450,450,427,450,450
"Kluskus","Jul","mean",13.68,Inf,-Inf,1.69,891.44,68.53,7.03,0.65,15.39,-Inf,237.92,0.24,NA,NA,13.12,NA,NA
"Kluskus","Jul","max",21.92,Inf,34.28,35.6,901.79,94.67,12.14,2.39,89.78,12.34,385.52,0.47,-Inf,-Inf,14.32,-Inf,-Inf
"Kluskus","Jul","min",5.91,-2.74,-Inf,0,877.92,37.72,0.88,0,270.56,-Inf,64.52,0.06,Inf,Inf,11.9,Inf,Inf
"Kluskus","Jul","obs_na",23,0,0,36,28,23,23,51,186,0,28,242,481,481,419,481,481
"Kluskus","Aug","mean",13.39,Inf,-Inf,1.23,890.91,68.4,6.71,0.61,18.55,-Inf,198.34,0.16,NA,NA,12.64,NA,NA
"Kluskus","Aug","max",21.15,Inf,34.25,30.61,902.18,97.05,12.35,1.96,89.79,14.1,321.35,0.46,-Inf,-Inf,13.75,-Inf,-Inf
"Kluskus","Aug","min",5.48,-4.2,-Inf,0,873.7,40.9,-0.29,0,270.38,-Inf,64,0.02,Inf,Inf,11.6,Inf,Inf
"Kluskus","Aug","obs_na",31,0,0,31,31,31,31,62,176,0,31,238,486,486,424,486,486
"Kluskus","Sep","mean",8.35,Inf,-Inf,1.32,889.37,75.81,3.6,0.54,8.22,-Inf,136.98,0.17,NA,NA,10.87,NA,NA
"Kluskus","Sep","max",17.4,Inf,32.67,17,906.78,98.49,11.45,2.29,89.75,14.61,240.3,0.46,-Inf,-Inf,12.7,-Inf,-Inf
"Kluskus","Sep","min",-2.36,-13.12,-Inf,0,873.08,44.89,-8.55,0.01,270.2,-Inf,26.81,0.02,Inf,Inf,7.39,Inf,Inf
"Kluskus","Sep","obs_na",24,0,0,17,17,24,24,41,137,0,17,191,437,437,390,437,437
"Kluskus","Oct","mean",2.27,-3.42,8.36,1.21,886.99,81.75,-0.93,0.53,4.15,6.09,75.1,0.26,NA,NA,5.77,NA,NA
"Kluskus","Oct","max",12.53,9.24,24.12,25,905.08,99.98,8.48,3.49,89.83,16.7,163.37,0.5,-Inf,-Inf,8.09,-Inf,-Inf
"Kluskus","Oct","min",-15.29,-22.83,-7.58,0,862.92,48.43,-17.61,0,270.02,1.51,11.5,0.1,Inf,Inf,3.19,Inf,Inf
"Kluskus","Oct","obs_na",0,0,0,0,0,0,0,0,124,0,0,166,434,434,403,434,434
"Kluskus","Nov","mean",-4.56,-9.58,0.44,0.85,884.61,86.91,-6.52,0.49,356.46,5.61,34.25,0.3,NA,NA,1.71,NA,NA
"Kluskus","Nov","max",6.75,4.64,13.93,20.8,912.5,99.92,4.15,2.94,86.75,16.7,91.71,0.52,-Inf,-Inf,3.24,-Inf,-Inf
"Kluskus","Nov","min",-29.86,-35.79,-21.22,0,861.08,64.07,-32,0,270.85,0,2.17,0.11,Inf,Inf,0.19,Inf,Inf
"Kluskus","Nov","obs_na",0,0,0,0,0,0,0,0,120,0,0,172,420,420,390,420,420
"Kluskus","Dec","mean",-9.22,-15.11,-3.75,0.54,884.3,88.18,-10.89,0.36,353.51,4.74,22.17,0.21,NA,NA,0.42,NA,NA
"Kluskus","Dec","max",3.4,0.72,8.22,18,913.34,100,1.7,3.36,89.6,18.37,47.28,0.46,-Inf,-Inf,0.58,-Inf,-Inf
"Kluskus","Dec","min",-37.8,-44.47,-25.96,0,859.56,57.83,-41.2,0,270.51,0,2.58,0.06,Inf,Inf,0.25,Inf,Inf
"Kluskus","Dec","obs_na",0,0,0,0,0,0,0,0,124,0,0,186,434,434,403,434,434
"Mackenzie Junction","Jan","mean",-7.95,-12.22,-4.35,1.09,931.67,87.35,-9.71,0.75,343.82,-Inf,22.43,0.09,NA,NA,0.46,38.46,NA
"Mackenzie Junction","Jan","max",6.21,3.41,10.54,26.6,954.8,97.97,4.05,3.56,89.74,13.73,72.07,0.22,-Inf,-Inf,0.81,100,-Inf
"Mackenzie Junction","Jan","min",-34.99,-40.82,-27.27,0,899.97,47.88,-38.5,0,270.02,-Inf,2.9,0.01,Inf,Inf,0.27,0,Inf
"Mackenzie Junction","Jan","obs_na",0,0,0,31,0,0,0,22,3,0,0,248,465,465,434,0,465
"Mackenzie Junction","Feb","mean",-8.68,-14.71,-3.34,0.73,932.05,81.61,-11.38,0.86,349.4,-Inf,59.81,0.1,NA,NA,0.12,24.42,NA
"Mackenzie Junction","Feb","max",5.29,2.4,11.35,23,956.8,97.49,3.01,2.91,89.9,15.4,134,0.18,-Inf,-Inf,0.27,100,-Inf
"Mackenzie Junction","Feb","min",-30.52,-37.06,-23.57,0,904.51,53.46,-34.15,0,270.07,-Inf,7.07,0.03,Inf,Inf,0,0,Inf
"Mackenzie Junction","Feb","obs_na",0,0,0,29,0,0,0,24,0,0,0,208,406,406,378,0,406
"Mackenzie Junction","Mar","mean",-3.04,-9.76,3.62,0.69,929.22,73.66,-7.51,0.9,341.79,-Inf,122.97,0.1,NA,NA,0.13,24.52,NA
"Mackenzie Junction","Mar","max",7.97,4.66,18.08,16,952.58,96.38,3.45,3.4,89.79,14.47,226.71,0.14,-Inf,-Inf,0.19,100,-Inf
"Mackenzie Junction","Mar","min",-24.27,-36.24,-15.91,0,905.26,43.25,-29.56,0,270.08,-Inf,17.75,0.03,Inf,Inf,0.08,0,Inf
"Mackenzie Junction","Mar","obs_na",0,0,0,31,0,0,0,31,0,0,0,217,434,434,403,0,434
"Mackenzie Junction","Apr","mean",2.95,-4.01,9.63,0.78,930.31,67.82,-3.12,1.07,338.05,-Inf,182.34,0.11,NA,NA,2.98,23.16,NA
"Mackenzie Junction","Apr","max",12.75,6.48,23.83,17.8,950.35,95.82,7.01,3.52,89.78,13.54,320.71,0.16,-Inf,-Inf,6.76,98.5,-Inf
"Mackenzie Junction","Apr","min",-13.56,-27.21,-5.61,0,906.53,46.98,-20.17,0,270.77,-Inf,36.19,0.05,Inf,Inf,0.13,0,Inf
"Mackenzie Junction","Apr","obs_na",0,0,0,30,0,0,0,25,0,0,0,212,422,422,392,0,422
"Mackenzie Junction","May","mean",9.84,1.21,17.29,1.15,931.15,64.44,2.32,1.1,335.37,-Inf,225.25,0.1,NA,NA,9.6,23.17,NA
"Mackenzie Junction","May","max",20.18,12.15,33.03,18.6,947.72,95.45,11.29,3.03,89.13,13.54,352.81,0.15,-Inf,-Inf,13.39,100,-Inf
"Mackenzie Junction","May","min",1.41,-8.6,5.2,0,917,32.88,-10.31,0,270.9,-Inf,22.44,0.07,Inf,Inf,7.26,0,Inf
"Mackenzie Junction","May","obs_na",0,0,0,31,0,0,0,26,0,0,0,226,465,465,434,0,465
"Mackenzie Junction","Jun","mean",13.41,5.5,20.42,1.88,930.62,69.19,6.98,1.12,337.58,-Inf,235.5,0.1,NA,NA,13.53,28.3,NA
"Mackenzie Junction","Jun","max",27.46,17.3,38.7,46.4,942.71,95.94,17.12,2.63,89.56,18,381.55,0.16,-Inf,-Inf,15.86,100,-Inf
"Mackenzie Junction","Jun","min",4.17,-3.42,6.51,0,913.79,42.38,-1.12,0,271.72,-Inf,37.45,0.02,Inf,Inf,10.74,0,Inf
"Mackenzie Junction","Jun","obs_na",0,0,0,11,4,0,0,31,0,0,12,201,450,450,420,0,450
"Mackenzie Junction","Jul","mean",15.91,7.91,23.37,1.71,932.8,71.21,9.82,0.99,331.57,-Inf,224.63,0.09,NA,NA,15.84,30.5,NA
"Mackenzie Junction","Jul","max",24.46,16.13,35.02,33,944.99,95.86,16.62,2.66,89.9,14.29,368.65,0.16,-Inf,-Inf,19.26,100,-Inf
"Mackenzie Junction","Jul","min",9.02,0.91,11.66,0,921.4,41.5,1.13,0,271.14,-Inf,33.53,0,Inf,Inf,13.6,0,Inf
"Mackenzie Junction","Jul","obs_na",0,0,0,0,31,0,0,23,0,0,55,186,465,465,436,0,465
"Mackenzie Junction","Aug","mean",14.69,6.73,22.54,1.43,932.14,73.39,9.18,1,330.82,-Inf,189.59,0.08,NA,NA,15.39,35.97,NA
"Mackenzie Junction","Aug","max",22.83,14.96,33.57,25.2,945.67,96.65,16.54,2.63,89.36,15.4,361.48,0.16,-Inf,-Inf,18.63,100,-Inf
"Mackenzie Junction","Aug","min",6.05,-2.07,10.27,0,915.44,42.95,0.49,0,270.03,-Inf,41.29,0,Inf,Inf,12.07,0,Inf
"Mackenzie Junction","Aug","obs_na",0,0,0,0,5,0,0,58,0,0,62,246,489,489,458,0,489
"Mackenzie Junction","Sep","mean",9.52,2.82,16.57,1.53,931.27,79.47,5.66,0.93,329.89,-Inf,121.01,0.08,NA,NA,12.27,44.44,NA
"Mackenzie Junction","Sep","max",20.01,14.07,30.82,26.2,951.64,97.37,12.83,2.95,89.85,18.74,231.6,0.17,-Inf,-Inf,16.11,100,-Inf
"Mackenzie Junction","Sep","min",-2.34,-9.85,4.45,0,904.26,47.45,-7.6,0,270.2,-Inf,15.92,0.01,Inf,Inf,6.56,0,Inf
"Mackenzie Junction","Sep","obs_na",0,0,0,0,0,0,0,30,0,0,60,210,480,480,450,0,480
"Mackenzie Junction","Oct","mean",3.06,-1.66,7.96,1.85,930.76,83.62,0.32,0.88,338.5,-Inf,62.7,0.1,NA,NA,4.04,46.84,NA
"Mackenzie Junction","Oct","max",14.36,10.25,22.18,29.2,952.05,97.53,9.93,3.29,89.25,14.29,159.52,0.17,-Inf,-Inf,8.65,100,-Inf
"Mackenzie Junction","Oct","min",-14.93,-22.63,-9.68,0,908.43,55.61,-17.83,0,270.15,-Inf,6.96,0,Inf,Inf,1.69,0,Inf
"Mackenzie Junction","Oct","obs_na",0,0,0,31,0,0,0,28,0,0,41,218,491,491,451,0,491
"Mackenzie Junction","Nov","mean",-4.06,-7.66,-0.94,1.41,929.9,88.06,-5.8,0.79,348.22,-Inf,25.42,0.09,NA,NA,1.21,44.03,NA
"Mackenzie Junction","Nov","max",9.75,6.48,14.07,28.2,959.71,97.84,7.34,3.29,89.96,15.03,78.73,0.16,-Inf,-Inf,3.2,100,-Inf
"Mackenzie Junction","Nov","min",-23.97,-29.93,-19.42,0,904.02,52.31,-28.04,0,270.43,-Inf,3.16,0.03,Inf,Inf,0.44,0,Inf
"Mackenzie Junction","Nov","obs_na",0,0,0,30,0,0,0,30,1,0,0,210,450,450,420,0,450
"Mackenzie Junction","Dec","mean",-8.38,-12.16,-5.17,0.77,930.22,88.66,-9.93,0.65,340.71,-Inf,16.04,0.08,NA,NA,0.83,40.54,NA
"Mackenzie Junction","Dec","max",3.62,2.4,6.96,28.4,961,97.85,1.71,3.19,89.74,12.43,47.27,0.15,-Inf,-Inf,0.96,100,-Inf
"Mackenzie Junction","Dec","min",-34.92,-40.94,-28.34,0,902.71,60,-38.09,0,271.14,-Inf,1.81,0,Inf,Inf,0.55,0,Inf
"Mackenzie Junction","Dec","obs_na",0,0,0,31,0,0,0,31,8,0,0,243,465,465,434,0,465
"Middlefork Creek","Jan","mean",-16.22,Inf,-Inf,0.2,898.03,82.71,-18.65,0.83,349.1,-Inf,22.04,0.12,NA,NA,-0.77,NA,NA
"Middlefork Creek","Jan","max",6.18,Inf,11.77,10.6,927.18,100,-0.78,3.83,89.97,18.74,83.11,0.14,-Inf,-Inf,0.41,-Inf,-Inf
"Middlefork Creek","Jan","min",-43.7,-53.55,-Inf,0,868.99,44.29,-48.3,0,270.35,-Inf,0.6,0.09,Inf,Inf,-4.12,Inf,Inf
"Middlefork Creek","Jan","obs_na",31,0,0,31,31,31,31,31,31,0,31,341,527,527,186,527,527
"Middlefork Creek","Feb","mean",-15.3,Inf,-Inf,0.12,898.93,76.97,-18.8,0.98,358.52,-Inf,63.24,0.11,NA,NA,-1.21,NA,NA
"Middlefork Creek","Feb","max",6.08,Inf,11.77,4,925.07,99.49,-2.2,4.28,89.58,15.4,119.87,0.14,-Inf,-Inf,0.08,-Inf,-Inf
"Middlefork Creek","Feb","min",-37.7,-50.4,-Inf,0,872.81,40.04,-41.58,0,270.42,-Inf,9.83,0.08,Inf,Inf,-5.12,Inf,Inf
"Middlefork Creek","Feb","obs_na",28,0,0,28,28,28,28,28,28,0,28,311,481,481,171,481,481
"Middlefork Creek","Mar","mean",-10.43,Inf,-Inf,0.17,898.43,71.9,-15.29,1.17,356.7,-Inf,123.97,0.11,NA,NA,-1.07,NA,NA
"Middlefork Creek","Mar","max",4.71,Inf,19.77,4.8,924.39,97.71,-2.01,4.94,89.56,15.4,222.54,0.14,-Inf,-Inf,-0.12,-Inf,-Inf
"Middlefork Creek","Mar","min",-34.55,-47.71,-Inf,0,871.35,44.67,-41.25,0.13,270.02,-Inf,23.53,0.08,Inf,Inf,-3.97,Inf,Inf
"Middlefork Creek","Mar","obs_na",31,0,0,31,31,31,31,31,31,0,31,341,527,527,186,527,527
"Middlefork Creek","Apr","mean",-1.36,Inf,-Inf,0.48,899.77,69.16,-7.61,1.27,358.47,-Inf,182.74,0.14,NA,NA,-0.42,NA,NA
"Middlefork Creek","Apr","max",8.98,Inf,22.09,10.6,921.44,100,3.11,4.05,89.97,17.07,307.33,0.27,-Inf,-Inf,-0.09,-Inf,-Inf
"Middlefork Creek","Apr","min",-20.45,-38.11,-Inf,0,876.15,44.12,-25.75,0,270.09,-Inf,26.62,0.09,Inf,Inf,-2.3,Inf,Inf
"Middlefork Creek","Apr","obs_na",30,0,0,30,30,30,30,30,30,0,30,330,510,510,187,510,510
"Middlefork Creek","May","mean",6.3,Inf,-Inf,1.52,900.94,66.9,-1.2,1.21,1.37,-Inf,225.76,0.3,NA,NA,1.51,NA,NA
"Middlefork Creek","May","max",16.45,Inf,28.74,29.6,921.05,100,8.36,3.76,89.39,18.18,364.01,0.46,-Inf,-Inf,5.61,-Inf,-Inf
"Middlefork Creek","May","min",-5.97,-19.49,-Inf,0,887.18,35.77,-15.02,0.12,270.38,-Inf,22.03,0.13,Inf,Inf,-0.49,Inf,Inf
"Middlefork Creek","May","obs_na",31,0,0,31,31,31,31,31,31,0,31,315,501,501,191,501,501
"Middlefork Creek","Jun","mean",10.53,Inf,-Inf,3.72,900.15,72.43,4.33,1.04,5.18,-Inf,217.55,0.26,NA,NA,5.47,NA,NA
"Middlefork Creek","Jun","max",23.89,Inf,36.5,94.2,914.33,100,15.38,4.37,89.97,16.1,384.94,0.43,-Inf,-Inf,9.47,-Inf,-Inf
"Middlefork Creek","Jun","min",0.64,-9.95,-Inf,0,884.96,33.17,-6.67,0,270.73,-Inf,24.53,0.22,Inf,Inf,1.99,Inf,Inf
"Middlefork Creek","Jun","obs_na",30,0,0,30,30,30,30,30,30,0,30,300,480,480,197,480,480
"Middlefork Creek","Jul","mean",12.71,Inf,-Inf,3.56,902.45,75.58,7.28,0.88,5.29,-Inf,215.72,0.25,NA,NA,7.65,NA,NA
"Middlefork Creek","Jul","max",19.51,Inf,32.35,60,916.58,100,15.13,2.62,89.91,13.92,374.53,0.42,-Inf,-Inf,10.98,-Inf,-Inf
"Middlefork Creek","Jul","min",4.83,-6.31,-Inf,0,889.1,45.8,-3.48,0.08,270.05,-Inf,20.51,0.17,Inf,Inf,5.29,Inf,Inf
"Middlefork Creek","Jul","obs_na",31,0,0,31,31,31,31,31,31,0,31,330,516,516,215,516,516
"Middlefork Creek","Aug","mean",11.12,Inf,-Inf,2.58,901.5,76.96,6.08,0.9,7.15,-Inf,184.8,0.24,NA,NA,8.56,NA,NA
"Middlefork Creek","Aug","max",20.37,Inf,31.28,80.2,915.86,100,14.32,3.25,89.62,13.09,308.23,0.35,-Inf,-Inf,11.03,-Inf,-Inf
"Middlefork Creek","Aug","min",-0.65,-8.46,-Inf,0,879.32,53.79,-2.31,0.04,270.56,-Inf,17.18,0.17,Inf,Inf,6.62,Inf,Inf
"Middlefork Creek","Aug","obs_na",6,0,0,6,6,6,6,6,6,0,6,320,503,503,147,503,503
"Middlefork Creek","Sep","mean",5.87,-3.43,15.13,1.22,899.79,76.61,0.86,0.98,1.14,6.76,130.42,0.24,NA,NA,6.45,NA,NA
"Middlefork Creek","Sep","max",16.55,9.82,32.59,49.4,916.78,100,9.47,3.9,89.92,13.73,247.7,0.37,-Inf,-Inf,9.49,-Inf,-Inf
"Middlefork Creek","Sep","min",-8.05,-18.05,-0.15,0,876.87,45.75,-12.57,0,270.08,3.02,10.71,0.16,Inf,Inf,3.89,Inf,Inf
"Middlefork Creek","Sep","obs_na",0,0,0,0,0,0,0,0,0,0,0,318,498,498,115,498,498
"Middlefork Creek","Oct","mean",-1.61,-9.34,6.44,0.48,898.6,80.5,-5.24,0.99,353.13,6.09,69.73,0.24,NA,NA,3.15,NA,NA
"Middlefork Creek","Oct","max",14.4,6.1,25.5,10.2,920.44,100,5.85,4.01,89.5,16.1,147.9,0.33,-Inf,-Inf,6.26,-Inf,-Inf
"Middlefork Creek","Oct","min",-26.41,-35.06,-15.36,0,872.88,38.15,-29.54,0,270.01,0,5.56,0.14,Inf,Inf,0.16,Inf,Inf
"Middlefork Creek","Oct","obs_na",0,0,0,0,0,0,0,0,0,0,0,341,527,527,143,527,527
"Middlefork Creek","Nov","mean",-12.86,-20.9,-5.01,0.21,897.05,85.3,-14.99,0.82,353.72,5.24,29.3,0.17,NA,NA,0.79,NA,NA
"Middlefork Creek","Nov","max",4.88,-0.61,11.56,7.6,931.27,100,0.67,3.22,89.97,12.06,124.4,0.32,-Inf,-Inf,2.74,-Inf,-Inf
"Middlefork Creek","Nov","min",-35.79,-43.3,-26.31,0,872.28,48.77,-39.23,0,270.45,0,4.41,0.12,Inf,Inf,-0.7,Inf,Inf
"Middlefork Creek","Nov","obs_na",0,0,0,0,0,0,0,0,0,0,0,330,510,510,175,510,510
"Middlefork Creek","Dec","mean",-18.65,Inf,-Inf,0.08,897.61,82.85,-20.93,0.67,350.09,-Inf,10.67,0.12,NA,NA,-0.14,NA,NA
"Middlefork Creek","Dec","max",5.42,Inf,10.99,8.8,929.74,99.8,0.28,3.94,89.98,14.29,48.67,0.16,-Inf,-Inf,1,-Inf,-Inf
"Middlefork Creek","Dec","min",-46.5,-50.4,-Inf,0,868.75,48.44,-51.27,0,270.07,-Inf,0.6,0.1,Inf,Inf,-2.51,Inf,Inf
"Middlefork Creek","Dec","obs_na",15,0,0,15,18,15,15,15,15,0,16,341,527,527,186,527,527
"Mt Edziza","Jan","mean",-8.12,-10.02,-6.31,NA,820.51,89.12,-9.89,0.75,NA,3.27,17.92,NA,NA,NA,NA,NA,NA
"Mt Edziza","Jan","max",1.89,0.66,3.22,-Inf,842.1,100,-0.38,9.04,-Inf,20.18,34.41,-Inf,-Inf,-Inf,-Inf,-Inf,-Inf
"Mt Edziza","Jan","min",-26.04,-28.79,-22.99,Inf,795.48,32.31,-27.78,0,Inf,0,5.6,Inf,Inf,Inf,Inf,Inf,Inf
"Mt Edziza","Jan","obs_na",0,0,0,93,0,0,0,0,93,0,62,93,93,93,93,93,93
"Mt Edziza","Feb","mean",-10.27,-12.68,-7.92,NA,822.89,85.77,-12.54,1.16,NA,6.26,49.41,NA,NA,NA,NA,NA,NA
"Mt Edziza","Feb","max",-1.07,-1.96,0.61,-Inf,841.21,100,-1.24,9.87,-Inf,29.69,101.6,-Inf,-Inf,-Inf,-Inf,-Inf,-Inf
"Mt Edziza","Feb","min",-23.3,-26.91,-20.26,Inf,802.62,26.96,-27.53,0,Inf,0,9.77,Inf,Inf,Inf,Inf,Inf,Inf
"Mt Edziza","Feb","obs_na",0,0,0,85,2,0,0,0,85,0,56,85,85,85,85,85,85
"Mt Edziza","Mar","mean",-8.17,-10.47,-5.51,NA,819.85,86.92,-10.16,1.62,NA,7.45,110.78,NA,NA,NA,NA,NA,NA
"Mt Edziza","Mar","max",9.19,5.8,14.55,-Inf,838.59,99.43,-0.11,8.06,-Inf,19.03,197.7,-Inf,-Inf,-Inf,-Inf,-Inf,-Inf
"Mt Edziza","Mar","min",-23.67,-25.73,-22.22,Inf,805.32,39,-25.47,0,Inf,0,58.27,Inf,Inf,Inf,Inf,Inf,Inf
"Mt Edziza","Mar","obs_na",0,0,0,93,49,0,0,0,93,0,62,93,93,93,93,93,93
"Mt Edziza","Apr","mean",-2.57,-5.31,0.36,NA,825.61,82.58,-5.38,1.44,NA,8.22,157.6,NA,NA,NA,NA,NA,NA
"Mt Edziza","Apr","max",5.42,3.12,11.57,-Inf,834.3,99.87,1.83,6.66,-Inf,19.8,244.16,-Inf,-Inf,-Inf,-Inf,-Inf,-Inf
"Mt Edziza","Apr","min",-11.51,-13.66,-9.54,Inf,812.92,56.59,-17.34,0,Inf,0,86.76,Inf,Inf,Inf,Inf,Inf,Inf
"Mt Edziza","Apr","obs_na",0,0,0,90,32,0,0,0,90,0,60,90,90,90,90,90,90
"Mt Edziza","May","mean",2.7,-0.11,5.81,NA,829.88,78.47,-1.33,2.43,NA,11.26,195.79,NA,NA,NA,NA,NA,NA
"Mt Edziza","May","max",11.41,8,15.77,-Inf,841.75,100,3.08,12.1,-Inf,24.74,306.61,-Inf,-Inf,-Inf,-Inf,-Inf,-Inf
"Mt Edziza","May","min",-2.69,-6.33,-0.7,Inf,811.07,33.9,-6.88,0,Inf,0,59.1,Inf,Inf,Inf,Inf,Inf,Inf
"Mt Edziza","May","obs_na",0,0,0,93,33,0,0,0,93,0,62,93,93,93,93,93,93
"Mt Edziza","Jun","mean",5.86,2.48,9.61,NA,830.88,77.83,1.82,2.37,NA,10.99,212.78,NA,NA,NA,NA,NA,NA
"Mt Edziza","Jun","max",19.06,15.63,25.02,-Inf,842.53,99.17,7.61,9.01,-Inf,20.56,346.25,-Inf,-Inf,-Inf,-Inf,-Inf,-Inf
"Mt Edziza","Jun","min",-0.77,-2.45,0.36,Inf,820.7,33.1,-2.8,0,Inf,4.57,103.89,Inf,Inf,Inf,Inf,Inf,Inf
"Mt Edziza","Jun","obs_na",0,0,0,90,30,0,0,0,90,0,60,90,90,90,90,90,90
"Mt Edziza","Jul","mean",7.64,4.91,11.04,NA,833.52,86.14,5.21,1.87,NA,9.48,152.56,NA,NA,NA,NA,NA,NA
"Mt Edziza","Jul","max",15.38,11.88,19.67,-Inf,845.41,100,9.7,8.99,-Inf,18.65,321.61,-Inf,-Inf,-Inf,-Inf,-Inf,-Inf
"Mt Edziza","Jul","min",1.79,0.16,2.37,Inf,826.11,48.99,-1.23,0,Inf,0.76,40.4,Inf,Inf,Inf,Inf,Inf,Inf
"Mt Edziza","Jul","obs_na",0,0,0,75,13,0,0,0,75,0,44,75,75,75,75,75,75
"Mt Edziza","Aug","mean",8.54,5.72,11.52,2.65,834.13,81.81,5.1,2.76,NA,10.49,135.79,NA,NA,NA,NA,NA,NA
"Mt Edziza","Aug","max",18.17,14.24,22.85,17.6,847.4,100,8.2,9.12,-Inf,23.98,275.78,-Inf,-Inf,-Inf,-Inf,-Inf,-Inf
"Mt Edziza","Aug","min",1.84,0.44,3.09,0,824.27,43.45,0.52,0,Inf,3.05,50.98,Inf,Inf,Inf,Inf,Inf,Inf
"Mt Edziza","Aug","obs_na",0,0,0,36,0,0,0,0,62,0,31,62,62,62,62,62,62
"Mt Edziza","Sep","mean",2.81,0.89,5.04,1.62,828.69,89.22,1.04,3.7,NA,11.79,80.97,NA,NA,NA,NA,NA,NA
"Mt Edziza","Sep","max",14.66,12,19.18,13,840.65,100,7.83,12.04,-Inf,25.89,153.17,-Inf,-Inf,-Inf,-Inf,-Inf,-Inf
"Mt Edziza","Sep","min",-3.46,-4.96,-2.22,0,814.25,64.46,-4.9,0,Inf,1.9,21.23,Inf,Inf,Inf,Inf,Inf,Inf
"Mt Edziza","Sep","obs_na",0,0,0,51,0,0,0,0,81,0,30,81,81,81,81,81,81
"Mt Edziza","Oct","mean",-2.02,-3.58,-0.26,0.06,824.95,88.1,-4,2.31,NA,8.23,58.05,NA,NA,NA,NA,NA,NA
"Mt Edziza","Oct","max",6.84,4.43,9.41,0.4,843.17,100,4.1,10.67,-Inf,26.27,132.33,-Inf,-Inf,-Inf,-Inf,-Inf,-Inf
"Mt Edziza","Oct","min",-7,-8.5,-5.82,0,801.1,35.99,-13.35,0,Inf,0,14.41,Inf,Inf,Inf,Inf,Inf,Inf
"Mt Edziza","Oct","obs_na",0,0,0,62,0,0,0,0,93,0,31,93,93,93,93,93,93
"Mt Edziza","Nov","mean",-7.88,-9.7,-6.08,0.01,819.36,92.07,-9.16,1.57,NA,5.35,23.87,NA,NA,NA,NA,NA,NA
"Mt Edziza","Nov","max",-0.25,-1.79,1.04,0.2,839.6,100,-1.65,11.56,-Inf,24.36,45.09,-Inf,-Inf,-Inf,-Inf,-Inf,-Inf
"Mt Edziza","Nov","min",-20.58,-23.46,-16.33,0,802.09,27.95,-22.1,0,Inf,0,4.98,Inf,Inf,Inf,Inf,Inf,Inf
"Mt Edziza","Nov","obs_na",0,0,0,60,0,0,0,0,90,0,30,90,90,90,90,90,90
"Mt Edziza","Dec","mean",-10.27,-12.26,-8.34,0.03,822.97,84.64,-12.63,1.55,NA,5.48,16.86,NA,NA,NA,NA,NA,NA
"Mt Edziza","Dec","max",-0.37,-1.87,1.72,0.8,843.45,99.77,-2.35,10.64,-Inf,30.07,31.39,-Inf,-Inf,-Inf,-Inf,-Inf,-Inf
"Mt Edziza","Dec","min",-25.89,-29.12,-22.83,0,802.5,38.1,-28.46,0,Inf,0,0.6,Inf,Inf,Inf,Inf,Inf,Inf
"Mt Edziza","Dec","obs_na",0,0,0,62,0,0,0,0,93,0,31,93,93,93,93,93,93
"Nonda","Jan","mean",-10.43,Inf,-Inf,0.07,817.46,73.57,-14.7,5.2,15.56,-Inf,20.24,NA,NA,NA,-5.46,NA,NA
"Nonda","Jan","max",8.11,Inf,9.82,5.8,839.2,98.32,-2.69,20.56,86.39,46.38,57.9,-Inf,-Inf,-Inf,-2.84,-Inf,-Inf
"Nonda","Jan","min",-35.85,-39.58,-Inf,0,791.76,16.4,-39.07,0,272.01,-Inf,4.15,Inf,Inf,Inf,-9.72,Inf,Inf
"Nonda","Jan","obs_na",124,0,0,93,76,124,124,76,138,0,31,448,448,448,200,448,448
"Nonda","Feb","mean",-10.69,Inf,-Inf,0.03,818.54,71.6,-15.38,5.69,24.43,-Inf,57.83,NA,NA,NA,-6.48,NA,NA
"Nonda","Feb","max",6.37,Inf,7.83,3.6,838.21,100,-0.41,19.34,89.32,46.94,130.56,-Inf,-Inf,-Inf,-3.61,-Inf,-Inf
"Nonda","Feb","min",-36.98,-38.71,-Inf,0,800.95,16.9,-40.06,0.18,270.2,-Inf,11.4,Inf,Inf,Inf,-10.39,Inf,Inf
"Nonda","Feb","obs_na",113,0,0,86,57,113,113,57,113,0,29,376,376,376,150,376,376
"Nonda","Mar","mean",-10.78,Inf,-Inf,0.06,819.26,72.84,-15.14,4.79,15.51,-Inf,127.3,NA,NA,NA,-6.13,NA,NA
"Nonda","Mar","max",5.97,Inf,9.26,4.6,837.32,99.77,-2.98,14.45,89.66,36.25,222.23,-Inf,-Inf,-Inf,-2.56,-Inf,-Inf
"Nonda","Mar","min",-32.76,-35.06,-Inf,0,795.39,25.08,-35.65,0.12,270.84,-Inf,26.82,Inf,Inf,Inf,-10.22,Inf,Inf
"Nonda","Mar","obs_na",124,0,0,93,62,124,124,62,124,0,31,403,403,403,155,403,403
"Nonda","Apr","mean",-3.77,Inf,-Inf,0.21,822.07,69.61,-9.07,4.79,14.35,-Inf,200.7,NA,NA,NA,-3.76,NA,NA
"Nonda","Apr","max",9.58,Inf,13.32,7.2,841.34,100,-0.24,13.57,89.95,35.76,318.27,-Inf,-Inf,-Inf,-0.84,-Inf,-Inf
"Nonda","Apr","min",-20.78,-24,-Inf,0,800.74,23.87,-22.73,0,271.48,-Inf,37.95,Inf,Inf,Inf,-7.96,Inf,Inf
"Nonda","Apr","obs_na",120,0,0,90,60,120,120,60,120,0,30,390,390,390,150,390,390
"Nonda","May","mean",3.2,Inf,-Inf,0.76,825.56,67,-3.22,4.42,7.54,-Inf,244.4,NA,NA,NA,-1.31,NA,NA
"Nonda","May","max",17.56,Inf,22.75,13.6,842.8,100,5.35,15.65,89.6,39.76,392.86,-Inf,-Inf,-Inf,0.86,-Inf,-Inf
"Nonda","May","min",-10.81,-14.1,-Inf,0,812.21,25.4,-11.57,0,270.78,-Inf,38.64,Inf,Inf,Inf,-3.67,Inf,Inf
"Nonda","May","obs_na",117,0,0,81,50,116,117,50,112,0,19,391,391,391,155,391,391
"Nonda","Jun","mean",6.8,Inf,-Inf,2.8,826.48,72.46,1.63,4.41,11.56,-Inf,221.2,NA,NA,NA,1.05,NA,NA
"Nonda","Jun","max",16.97,Inf,22.08,58.6,839.5,100,8.3,11.52,89.95,34.69,419.94,-Inf,-Inf,-Inf,4.2,-Inf,-Inf
"Nonda","Jun","min",-0.15,-3.85,-Inf,0,810.87,35.9,-7.03,0,271.32,-Inf,33.17,Inf,Inf,Inf,-0.64,Inf,Inf
"Nonda","Jun","obs_na",95,0,0,54,30,95,95,30,90,0,0,360,360,360,160,360,360
"Nonda","Jul","mean",9.94,Inf,-Inf,2.87,829.14,73.72,4.95,4.64,19.52,-Inf,212.18,NA,NA,NA,4.18,NA,NA
"Nonda","Jul","max",19.58,Inf,24.01,48,842.09,100,12.73,13.72,89.09,32.28,376.14,-Inf,-Inf,-Inf,6.93,-Inf,-Inf
"Nonda","Jul","min",0.84,-1.05,-Inf,0,814.26,32.2,-2.28,0.82,270.66,-Inf,20.46,Inf,Inf,Inf,1.4,Inf,Inf
"Nonda","Jul","obs_na",110,0,0,43,42,110,110,72,137,0,17,411,411,411,206,411,411
"Nonda","Aug","mean",9.01,Inf,-Inf,1.97,828.12,71.69,3.6,5.08,25.67,-Inf,176.01,NA,NA,NA,5.49,NA,NA
"Nonda","Aug","max",20.24,Inf,24.7,36.2,842.85,100,11.02,14.19,89.67,33.13,322.13,-Inf,-Inf,-Inf,7.34,-Inf,-Inf
"Nonda","Aug","min",-5.67,-6.74,-Inf,0,814.29,29.82,-5.92,0.27,270.25,-Inf,30.51,Inf,Inf,Inf,3.29,Inf,Inf
"Nonda","Aug","obs_na",81,0,0,54,54,81,81,116,177,0,48,475,475,475,215,475,475
"Nonda","Sep","mean",4.27,Inf,-Inf,0.89,824.94,73.18,-0.57,5.02,23.95,-Inf,120.82,NA,NA,NA,3.08,NA,NA
"Nonda","Sep","max",18.7,Inf,22.9,37.2,839.84,100,7.27,17.48,89.97,36.51,236.76,-Inf,-Inf,-Inf,5.81,-Inf,-Inf
"Nonda","Sep","min",-8.61,-11.47,-Inf,0,802.95,28.06,-11.44,0,270.15,-Inf,12.85,Inf,Inf,Inf,0.34,Inf,Inf
"Nonda","Sep","obs_na",71,0,0,90,85,85,85,126,206,0,85,506,506,506,202,506,506
"Nonda","Oct","mean",-2.31,Inf,-Inf,0.48,821.23,75.77,-6.47,5.27,20.97,-Inf,64.35,NA,NA,NA,0.53,NA,NA
"Nonda","Oct","max",12.74,Inf,15.62,51.01,839.08,100,4.48,18.3,89.55,46.94,152.28,-Inf,-Inf,-Inf,3.07,-Inf,-Inf
"Nonda","Oct","min",-17.3,-18.76,-Inf,0,794.04,26.68,-21.63,0,270.49,-Inf,9.62,Inf,Inf,Inf,-0.06,Inf,Inf
"Nonda","Oct","obs_na",81,0,0,124,146,95,95,146,217,0,93,527,527,527,231,527,527
"Nonda","Nov","mean",-8.09,Inf,-Inf,0.04,817.29,74.93,-12.39,5.13,21.09,-Inf,26.99,NA,NA,NA,-0.76,NA,NA
"Nonda","Nov","max",8.03,Inf,11.08,3.6,848.53,100,-0.02,16.38,88.56,44.44,79.15,-Inf,-Inf,-Inf,0.01,-Inf,-Inf
"Nonda","Nov","min",-30.32,-32.37,-Inf,0,796.09,10.33,-32.76,0,272.88,-Inf,5.56,Inf,Inf,Inf,-3.37,Inf,Inf
"Nonda","Nov","obs_na",128,0,0,120,150,129,129,150,210,0,90,510,510,510,240,510,510
"Nonda","Dec","mean",-10.84,Inf,-Inf,0.06,817.25,73.2,-15.17,6.25,21.75,-Inf,13.71,NA,NA,NA,-3.67,NA,NA
"Nonda","Dec","max",4.27,Inf,5.31,11,846.9,97.49,-1.46,19.44,89.85,43.56,30.77,-Inf,-Inf,-Inf,-0.68,-Inf,-Inf
"Nonda","Dec","min",-37.09,-39.58,-Inf,0,790.97,19.12,-40.45,0,270.49,-Inf,4.46,Inf,Inf,Inf,-8.32,Inf,Inf
"Nonda","Dec","obs_na",138,0,0,107,107,138,138,107,169,0,45,479,479,479,217,479,479
"Northern Dancer","Jan","mean",-11.67,-13.96,-9.36,0.07,NA,85.96,-13.59,2.33,NA,8.05,19.26,NA,NA,NA,NA,NA,NA
"Northern Dancer","Jan","max",1.72,0.44,3.46,1.6,-Inf,94.62,-1.69,8.77,-Inf,22.65,49.15,-Inf,-Inf,-Inf,-Inf,-Inf,-Inf
"Northern Dancer","Jan","min",-28.7,-30.76,-24.54,0,Inf,74.99,-31.18,0,Inf,0,4.88,Inf,Inf,Inf,Inf,Inf,Inf
"Northern Dancer","Jan","obs_na",0,0,0,0,31,0,0,0,31,0,0,31,31,31,31,31,31
"Northern Dancer","Feb","mean",-14.31,-16.8,-12.11,0,NA,75.88,-18.05,1.8,NA,11.61,56.29,NA,NA,NA,NA,NA,NA
"Northern Dancer","Feb","max",-7.95,-11.01,-6.42,0,-Inf,90.88,-9.18,5.22,-Inf,23.65,96.4,-Inf,-Inf,-Inf,-Inf,-Inf,-Inf
"Northern Dancer","Feb","min",-27.75,-29.06,-26.49,0,Inf,37.19,-30.29,0.15,Inf,4.03,11.6,Inf,Inf,Inf,Inf,Inf,Inf
"Northern Dancer","Feb","obs_na",0,0,0,0,28,0,0,0,28,0,0,28,28,28,28,28,28
"Northern Dancer","Mar","mean",-10.03,-12.36,-7.36,0.07,NA,78.37,-13.29,2.62,NA,10.52,126.05,NA,NA,NA,NA,NA,NA
"Northern Dancer","Mar","max",0.63,-0.93,3.14,1,-Inf,91.54,-4.46,7.55,-Inf,23.65,229.42,-Inf,-Inf,-Inf,-Inf,-Inf,-Inf
"Northern Dancer","Mar","min",-20,-23.57,-16.12,0,Inf,41.13,-22.7,0.67,Inf,5.03,51.5,Inf,Inf,Inf,Inf,Inf,Inf
"Northern Dancer","Mar","obs_na",0,0,0,0,31,0,0,10,31,10,0,31,31,31,31,31,31
"Northern Dancer","Apr","mean",-6.31,-8.7,-3.6,0.73,NA,79.97,-9.34,NA,NA,NA,194.15,NA,NA,NA,NA,NA,NA
"Northern Dancer","Apr","max",-0.82,-3.54,2.1,4.6,-Inf,94.78,-1.55,-Inf,-Inf,-Inf,293.53,-Inf,-Inf,-Inf,-Inf,-Inf,-Inf
"Northern Dancer","Apr","min",-16.38,-19.42,-15.02,0,Inf,58.03,-19.64,Inf,Inf,Inf,110.57,Inf,Inf,Inf,Inf,Inf,Inf
"Northern Dancer","Apr","obs_na",0,0,0,0,30,0,0,30,30,30,0,30,30,30,30,30,30
"Northern Dancer","May","mean",2.35,-0.33,5.49,1.3,NA,73.3,-2.35,NA,NA,NA,234.97,NA,NA,NA,NA,NA,NA
"Northern Dancer","May","max",10.32,7.07,14.05,5.4,-Inf,92.71,1.3,-Inf,-Inf,-Inf,359.67,-Inf,-Inf,-Inf,-Inf,-Inf,-Inf
"Northern Dancer","May","min",-4.94,-7.48,-1.21,0,Inf,38.46,-7.88,Inf,Inf,Inf,105.46,Inf,Inf,Inf,Inf,Inf,Inf
"Northern Dancer","May","obs_na",0,0,0,0,31,0,0,31,31,31,0,31,31,31,31,31,31
"Northern Dancer","Jun","mean",5.65,2.49,9.49,2.07,NA,74.99,1.08,NA,NA,NA,230.41,NA,NA,NA,NA,NA,NA
"Northern Dancer","Jun","max",16.64,12,20.51,23.4,-Inf,94.05,5.55,-Inf,-Inf,-Inf,400.46,-Inf,-Inf,-Inf,-Inf,-Inf,-Inf
"Northern Dancer","Jun","min",0.05,-1.7,2.26,0,Inf,42.8,-1.53,Inf,Inf,Inf,79.07,Inf,Inf,Inf,Inf,Inf,Inf
"Northern Dancer","Jun","obs_na",0,0,0,0,30,0,0,30,30,30,0,30,30,30,30,30,30
"Northern Dancer","Jul","mean",10,6.89,13.75,1.19,NA,72.4,4.76,NA,NA,NA,229.42,NA,NA,NA,NA,NA,NA
"Northern Dancer","Jul","max",17.19,15.37,22.23,10,-Inf,95.99,9.3,-Inf,-Inf,-Inf,396.77,-Inf,-Inf,-Inf,-Inf,-Inf,-Inf
"Northern Dancer","Jul","min",2.33,0.41,3.78,0,Inf,45.31,0.97,Inf,Inf,Inf,48.32,Inf,Inf,Inf,Inf,Inf,Inf
"Northern Dancer","Jul","obs_na",0,0,0,0,31,0,0,31,31,31,0,31,31,31,31,31,31
"Northern Dancer","Aug","mean",7.62,5.32,10.5,2.94,NA,82,4.55,NA,NA,NA,138.12,NA,NA,NA,NA,NA,NA
"Northern Dancer","Aug","max",17.08,14.75,21.25,11.2,-Inf,95.15,8.38,-Inf,-Inf,-Inf,273.22,-Inf,-Inf,-Inf,-Inf,-Inf,-Inf
"Northern Dancer","Aug","min",1.43,0.41,3.59,0,Inf,56.64,-1.01,Inf,Inf,Inf,26.3,Inf,Inf,Inf,Inf,Inf,Inf
"Northern Dancer","Aug","obs_na",0,0,0,0,17,0,0,17,17,17,0,17,17,17,17,17,17
"Northern Dancer","Sep","mean",3.9,1.9,6.09,2.24,NA,84.73,1.43,2.27,NA,10.52,82.17,NA,NA,NA,NA,NA,NA
"Northern Dancer","Sep","max",7.52,5.69,9.73,12.2,-Inf,96.18,5.48,4.93,-Inf,14.09,160.67,-Inf,-Inf,-Inf,-Inf,-Inf,-Inf
"Northern Dancer","Sep","min",-0.09,-2.89,3.04,0,Inf,62.66,-2.64,0.57,Inf,5.03,15.31,Inf,Inf,Inf,Inf,Inf,Inf
"Northern Dancer","Sep","obs_na",0,0,0,0,11,0,0,0,11,0,0,11,11,11,11,11,11
"Northern Dancer","Oct","mean",-3.23,-4.76,-1.56,0.63,NA,86.95,-5.31,3.15,NA,13.8,57.26,NA,NA,NA,NA,NA,NA
"Northern Dancer","Oct","max",5.39,2.69,8.22,10.6,-Inf,94.73,0.11,8.45,-Inf,23.15,147.75,-Inf,-Inf,-Inf,-Inf,-Inf,-Inf
"Northern Dancer","Oct","min",-7.56,-8.93,-6.29,0,Inf,48.84,-9.97,0.21,Inf,6.04,8.73,Inf,Inf,Inf,Inf,Inf,Inf
"Northern Dancer","Oct","obs_na",0,0,0,0,31,0,0,0,31,0,0,31,31,31,31,31,31
"Northern Dancer","Nov","mean",-13.64,-15.92,-11.54,0,NA,81.81,-16.27,2.33,NA,9.9,26.75,NA,NA,NA,NA,NA,NA
"Northern Dancer","Nov","max",-7.31,-8.56,-6.07,0,-Inf,91.34,-8.5,7.42,-Inf,25.16,71.23,-Inf,-Inf,-Inf,-Inf,-Inf,-Inf
"Northern Dancer","Nov","min",-22.8,-24.54,-21.17,0,Inf,36.45,-25.08,0,Inf,1.01,5.14,Inf,Inf,Inf,Inf,Inf,Inf
"Northern Dancer","Nov","obs_na",0,0,0,0,30,0,0,0,30,0,0,30,30,30,30,30,30
"Northern Dancer","Dec","mean",-9.1,-11.2,-6.93,0.01,NA,78.52,-12.52,2.12,NA,8.69,14.27,NA,NA,NA,NA,NA,NA
"Northern Dancer","Dec","max",1.73,1.04,2.98,0.2,-Inf,95.33,-2.13,10,-Inf,23.65,24.98,-Inf,-Inf,-Inf,-Inf,-Inf,-Inf
"Northern Dancer","Dec","min",-24.28,-25.44,-22.42,0,Inf,27.62,-31.28,0,Inf,0,3.68,Inf,Inf,Inf,Inf,Inf,Inf
"Northern Dancer","Dec","obs_na",0,0,0,0,31,0,0,0,31,0,0,31,31,31,31,31,31
"Pink Mountain","Jan","mean",-10.17,Inf,-Inf,0.17,810.85,75.84,-14.03,5.81,10.4,-Inf,28.44,NA,NA,NA,-7.12,NA,NA
"Pink Mountain","Jan","max",6.88,Inf,9.42,8.6,830.85,97.75,-1.23,14.13,89.85,36.17,77.17,-Inf,-Inf,-Inf,-3.44,-Inf,-Inf
"Pink Mountain","Jan","min",-37.81,-38.71,-Inf,0,787.1,15.83,-40.77,0,271.26,-Inf,4.68,Inf,Inf,Inf,-17.22,Inf,Inf
"Pink Mountain","Jan","obs_na",19,0,0,31,48,19,19,93,248,0,62,501,501,501,253,501,501
"Pink Mountain","Feb","mean",-11.79,Inf,-Inf,0.07,812.11,73.04,-16.11,5.2,1.58,-Inf,65.34,NA,NA,NA,-8.47,NA,NA
"Pink Mountain","Feb","max",5.48,Inf,7.43,5.4,830.52,94.11,-0.88,11.5,89.73,35.4,136.24,-Inf,-Inf,-Inf,-2.91,-Inf,-Inf
"Pink Mountain","Feb","min",-35.24,-36.97,-Inf,0,790.66,16.64,-38.58,0,270.44,-Inf,12.9,Inf,Inf,Inf,-15.68,Inf,Inf
"Pink Mountain","Feb","obs_na",9,0,0,28,56,9,9,84,226,0,60,452,452,452,226,452,452
"Pink Mountain","Mar","mean",-9.74,Inf,-Inf,0.06,811.43,75.21,-13.66,4.62,3.83,-Inf,129.7,NA,NA,NA,-6.02,NA,NA
"Pink Mountain","Mar","max",8.95,Inf,11.81,2.6,829.83,95.65,-1.79,13.69,87.57,31.22,240.88,-Inf,-Inf,-Inf,-0.71,-Inf,-Inf
"Pink Mountain","Mar","min",-31.12,-33.73,-Inf,0,787.07,19.76,-35.41,0,270.13,-Inf,35.4,Inf,Inf,Inf,-12.08,Inf,Inf
"Pink Mountain","Mar","obs_na",11,0,0,31,62,11,11,93,248,0,93,496,496,496,248,496,496
"Pink Mountain","Apr","mean",-4.08,Inf,-Inf,0.2,814.86,72.98,-8.67,4.6,358.35,-Inf,199.47,NA,NA,NA,-2.68,NA,NA
"Pink Mountain","Apr","max",9.13,Inf,13.02,10.2,835.52,98.41,1.08,9.96,89.62,33.12,322.7,-Inf,-Inf,-Inf,-0.26,-Inf,-Inf
"Pink Mountain","Apr","min",-20.4,-23.2,-Inf,0,793.66,31.56,-22.34,0,271.54,-Inf,64.63,Inf,Inf,Inf,-10.85,Inf,Inf
"Pink Mountain","Apr","obs_na",23,0,0,30,60,22,23,90,240,0,90,480,480,480,240,480,480
"Pink Mountain","May","mean",3.08,Inf,-Inf,0.87,818.66,68.35,-2.9,4.51,0.49,-Inf,236.65,NA,NA,NA,1.38,NA,NA
"Pink Mountain","May","max",16.64,Inf,21.77,29,835.92,99.22,5.11,12.52,88.45,28.93,404.05,-Inf,-Inf,-Inf,7.77,-Inf,-Inf
"Pink Mountain","May","min",-11.99,-13.66,-Inf,0,804.61,26.6,-14.8,0,270.85,-Inf,18.12,Inf,Inf,Inf,-2.79,Inf,Inf
"Pink Mountain","May","obs_na",54,0,0,31,62,54,54,93,248,0,93,496,496,496,248,496,496
"Pink Mountain","Jun","mean",7.47,Inf,-Inf,3.18,819.14,71.81,2.13,4.37,4.09,-Inf,237.35,NA,NA,NA,6.04,NA,NA
"Pink Mountain","Jun","max",25.48,Inf,29.84,47.8,831.77,100,12.91,12.18,89.6,49.31,421.35,-Inf,-Inf,-Inf,13.84,-Inf,-Inf
"Pink Mountain","Jun","min",-4.29,-5.51,-Inf,0,801.74,31.98,-6.22,0.09,270.54,-Inf,22.59,Inf,Inf,Inf,1.5,Inf,Inf
"Pink Mountain","Jun","obs_na",60,0,0,30,60,60,60,90,240,0,90,480,480,480,266,480,480
"Pink Mountain","Jul","mean",10.34,Inf,-Inf,2.78,822.03,72.62,5.1,4,7.25,-Inf,229.54,NA,NA,NA,9.2,NA,NA
"Pink Mountain","Jul","max",21.64,Inf,25.48,51.6,833.88,100,12.98,10.87,89.61,31.96,393.96,-Inf,-Inf,-Inf,13.36,-Inf,-Inf
"Pink Mountain","Jul","min",0.88,-1.51,-Inf,0,808.85,26.75,-5.83,1.16,270.32,-Inf,35.2,Inf,Inf,Inf,5.64,Inf,Inf
"Pink Mountain","Jul","obs_na",63,0,0,31,39,63,63,93,241,0,93,496,496,496,272,496,496
"Pink Mountain","Aug","mean",9.72,Inf,-Inf,2.11,821.23,71.01,4.21,4.14,6.87,-Inf,197.42,NA,NA,NA,9.21,NA,NA
"Pink Mountain","Aug","max",19.57,Inf,23.47,44.2,834.96,100,11.77,9.96,89.03,27.87,341.61,-Inf,-Inf,-Inf,12.65,-Inf,-Inf
"Pink Mountain","Aug","min",-4.54,-5.79,-Inf,0,799.67,31.62,-5.09,0.57,271.48,-Inf,24.15,Inf,Inf,Inf,4.46,Inf,Inf
"Pink Mountain","Aug","obs_na",65,0,0,31,4,65,65,85,209,0,36,496,496,496,253,496,496
"Pink Mountain","Sep","mean",4.72,Inf,-Inf,0.83,818.13,73.3,-0.11,5.56,11.89,-Inf,134.52,NA,NA,NA,5.18,NA,NA
"Pink Mountain","Sep","max",20.09,Inf,23.47,22.6,850.25,100,8.79,145.41,87.85,27.68,266.86,-Inf,-Inf,-Inf,10.8,-Inf,-Inf
"Pink Mountain","Sep","min",-9.14,-10.9,-Inf,0,796.13,21,-10.38,0,273.47,-Inf,20.4,Inf,Inf,Inf,0.37,Inf,Inf
"Pink Mountain","Sep","obs_na",43,0,0,15,20,43,43,65,219,0,0,521,521,521,281,521,521
"Pink Mountain","Oct","mean",-2.13,Inf,-Inf,0.26,814.78,76.8,-6.04,8.85,6.79,-Inf,81.77,NA,NA,NA,0.98,NA,NA
"Pink Mountain","Oct","max",13.91,Inf,16.11,9.8,832.86,99.99,5.97,138.84,89.02,33.88,313.14,-Inf,-Inf,-Inf,6.7,-Inf,-Inf
"Pink Mountain","Oct","min",-21.05,-22.22,-Inf,0,791.66,17.95,-22.99,0,270.42,-Inf,9.88,Inf,Inf,Inf,-2.02,Inf,Inf
"Pink Mountain","Oct","obs_na",25,0,0,26,31,25,25,93,279,0,0,558,558,558,310,558,558
"Pink Mountain","Nov","mean",-8.3,Inf,-Inf,0.11,810.8,77.23,-12.05,7.28,18.11,-Inf,42.04,NA,NA,NA,-2.94,NA,NA
"Pink Mountain","Nov","max",6.9,Inf,8.34,4,841.44,98.57,0.56,86.23,88.02,32.35,266.45,-Inf,-Inf,-Inf,-0.07,-Inf,-Inf
"Pink Mountain","Nov","min",-29.29,-33.45,-Inf,0,788.45,13.86,-31.71,0,270.43,-Inf,0.6,Inf,Inf,Inf,-8.01,Inf,Inf
"Pink Mountain","Nov","obs_na",11,0,0,30,30,11,11,90,270,0,4,540,540,540,300,540,540
"Pink Mountain","Dec","mean",-11.26,Inf,-Inf,0.11,809.72,75.52,-15.07,5.78,14.18,-Inf,20.7,NA,NA,NA,-6.1,NA,NA
"Pink Mountain","Dec","max",3.77,Inf,5.38,7.8,835.8,93.91,0.31,27.84,89.85,36.06,170.4,-Inf,-Inf,-Inf,-1.59,-Inf,-Inf
"Pink Mountain","Dec","min",-33.39,-34.84,-Inf,0,784.93,13.33,-36.1,0,270.5,-Inf,4.2,Inf,Inf,Inf,-14.32,Inf,Inf
"Pink Mountain","Dec","obs_na",15,0,0,31,31,15,15,93,267,0,59,546,546,546,298,546,546
"Saxton Lake","Jan","mean",-7.36,-12.82,-3.07,0.8,928.68,88.03,-9.1,1.16,342.13,-Inf,30.33,0.24,0.34,NA,0.98,NA,NA
"Saxton Lake","Jan","max",8.46,4.15,11.13,15.4,950.33,100,4.45,5.01,89.92,23.93,80.09,0.45,0.49,-Inf,2.13,-Inf,-Inf
"Saxton Lake","Jan","min",-38.96,-47.33,-27.34,0,892.74,55.1,-41.82,0,270.03,-Inf,4.25,0.11,0.13,Inf,-0.31,Inf,Inf
"Saxton Lake","Jan","obs_na",0,0,0,31,31,0,0,31,62,0,31,341,341,558,155,558,558
"Saxton Lake","Feb","mean",-7.98,-14.84,-1.94,0.59,929.1,82.58,-10.65,1.16,347.6,-Inf,71.69,0.23,0.33,NA,0.8,NA,NA
"Saxton Lake","Feb","max",7.51,3.67,12.55,15.6,952.27,100,3.79,5.14,89.91,16.33,153.28,0.45,0.5,-Inf,1.37,-Inf,-Inf
"Saxton Lake","Feb","min",-30.81,-40.27,-22.42,0,901.9,45.23,-34,0,270.07,-Inf,11.86,0.08,0.1,Inf,-0.24,Inf,Inf
"Saxton Lake","Feb","obs_na",0,0,0,32,32,0,0,32,61,0,32,315,315,509,141,509,509
"Saxton Lake","Mar","mean",-2.57,-9.86,4.17,0.6,926.45,74.15,-7.14,1.36,350.71,-Inf,132.87,0.29,0.39,NA,0.67,NA,NA
"Saxton Lake","Mar","max",7.49,3.41,17.52,13.6,947.72,100,5.2,5.02,89.75,18.18,246.7,0.47,0.5,-Inf,1.27,-Inf,-Inf
"Saxton Lake","Mar","min",-25.67,-41.33,-17.35,0,897.25,36.67,-34.2,0.08,270.85,-Inf,20.93,0.07,0.13,Inf,-0.82,Inf,Inf
"Saxton Lake","Mar","obs_na",0,0,0,62,62,1,1,62,93,0,62,372,372,558,155,558,558
"Saxton Lake","Apr","mean",2.83,-3.92,9.12,0.76,927.86,69.85,-3.05,1.53,0.59,-Inf,199.08,0.4,0.44,NA,1.74,NA,NA
"Saxton Lake","Apr","max",15.79,8.23,25.56,31.2,946.48,100,8.57,4.36,89.85,16.33,315.94,0.48,0.5,-Inf,6.4,-Inf,-Inf
"Saxton Lake","Apr","min",-14.56,-25.96,-5.45,0,902.93,42.99,-20.7,0.12,270.02,-Inf,44.79,0.16,0.19,Inf,-0.27,Inf,Inf
"Saxton Lake","Apr","obs_na",0,0,0,60,60,1,1,60,90,0,60,360,360,540,150,540,540
"Saxton Lake","May","mean",9.8,2.32,16.21,1.22,928.65,68.05,2.96,1.61,1.83,-Inf,244.62,0.32,0.41,NA,6.84,NA,NA
"Saxton Lake","May","max",19.76,13.74,30.62,19.4,943.76,99.09,11.67,5.36,89.81,17.81,383.59,0.47,0.5,-Inf,10.15,-Inf,-Inf
"Saxton Lake","May","min",1.13,-6.81,2.89,0,911.26,38.73,-8.82,0.21,270.01,-Inf,62.96,0.15,0.19,Inf,1.4,Inf,Inf
"Saxton Lake","May","obs_na",0,0,0,62,62,4,4,62,93,0,62,372,372,558,173,558,558
"Saxton Lake","Jun","mean",13.19,5.88,19.22,1.63,928.05,69.27,6.8,11.02,7.14,-Inf,262.83,0.22,0.3,NA,10.19,NA,NA
"Saxton Lake","Jun","max",26.43,21.32,36.44,28.2,939.69,100,17.49,331.03,89.32,17.44,408.48,0.4,0.49,-Inf,12.81,-Inf,-Inf
"Saxton Lake","Jun","min",5.19,-3.48,7.03,0,910.66,46.19,-1.62,0.12,270.32,-Inf,58.21,0.1,0.01,Inf,7.67,Inf,Inf
"Saxton Lake","Jun","obs_na",0,0,0,25,25,0,0,29,39,0,25,310,310,540,180,540,540
"Saxton Lake","Jul","mean",15.63,7.95,22.17,1.47,930.15,71.32,9.56,15.26,7.11,-Inf,249.22,0.19,0.25,NA,12.53,NA,NA
"Saxton Lake","Jul","max",23.07,18.25,33.59,32.6,941.32,100,15.18,355.41,89.91,19.48,411.34,0.45,0.5,-Inf,15.2,-Inf,-Inf
"Saxton Lake","Jul","min",8.65,-1.51,11.77,0,917.42,41.86,1.31,0.06,270.12,-Inf,45.26,0.05,0,Inf,11.03,Inf,Inf
"Saxton Lake","Jul","obs_na",0,0,0,0,0,0,0,31,31,0,0,307,322,586,186,586,586
"Saxton Lake","Aug","mean",14.56,6.35,21.85,1.15,929.5,73.91,9.05,13.08,1.96,-Inf,204.17,0.16,0.24,NA,13.09,NA,NA
"Saxton Lake","Aug","max",21.58,15.48,32.76,30.6,941.53,98.41,15.96,289.94,89.79,17.25,329.99,0.25,0.36,-Inf,14.92,-Inf,-Inf
"Saxton Lake","Aug","min",7.01,-1.97,9.42,0,913.46,46.83,2.61,0,270.08,-Inf,44.48,0.07,0,Inf,11.7,Inf,Inf
"Saxton Lake","Aug","obs_na",0,0,0,0,0,0,0,31,31,0,0,310,336,589,162,589,589
"Saxton Lake","Sep","mean",9.54,2.08,16.74,1.33,929.07,80.02,5.62,5.64,355.94,-Inf,143.16,0.16,0.24,NA,11.18,NA,NA
"Saxton Lake","Sep","max",17.12,11.44,29.1,19,947.9,100,13.25,215.87,89.91,17.44,256.76,0.23,0.33,-Inf,13.25,-Inf,-Inf
"Saxton Lake","Sep","min",-0.15,-9.46,4.57,0,903.38,46.57,-7.33,0,270.07,-Inf,29.05,0.06,0.03,Inf,8.71,Inf,Inf
"Saxton Lake","Sep","obs_na",0,0,0,0,0,0,0,19,30,0,0,300,315,555,160,555,555
"Saxton Lake","Oct","mean",3.52,-1.94,8.88,1.45,928.43,83.03,0.48,1.21,348.99,-Inf,76.91,0.22,0.28,NA,7.59,NA,NA
"Saxton Lake","Oct","max",15.79,12.73,24.79,28.6,947.79,100,9.88,5.08,89.63,17.44,169.89,0.44,0.5,-Inf,10.6,-Inf,-Inf
"Saxton Lake","Oct","min",-17.54,-26.11,-7.33,0,904.32,40.71,-20.05,0,270.17,-Inf,9,0.14,0.1,Inf,4.09,Inf,Inf
"Saxton Lake","Oct","obs_na",0,0,0,17,17,0,0,17,48,0,17,327,327,558,155,558,558
"Saxton Lake","Nov","mean",-2.81,-7.37,0.85,1.25,926.44,88.28,-4.65,1.16,339.76,-Inf,34.51,0.29,0.36,NA,3.68,NA,NA
"Saxton Lake","Nov","max",10.81,9.03,17.14,25.2,948.6,100,6.56,5.31,89.85,17.11,100.51,0.46,0.5,-Inf,6.47,-Inf,-Inf
"Saxton Lake","Nov","min",-26.65,-35.05,-18.05,0,901.64,45.17,-29,0,270.02,-Inf,2.38,0.17,0.16,Inf,1.52,Inf,Inf
"Saxton Lake","Nov","obs_na",0,0,0,30,30,0,0,30,60,0,30,330,330,540,150,540,540
"Saxton Lake","Dec","mean",-8.56,-13.94,-4.46,0.67,927.72,88.63,-10.18,1.06,339.13,-Inf,22.78,0.25,0.35,NA,1.62,NA,NA
"Saxton Lake","Dec","max",6.17,3.74,10.6,35.8,958.25,100,3.02,5.56,89.68,17.07,56.39,0.45,0.5,-Inf,3.16,-Inf,-Inf
"Saxton Lake","Dec","min",-36.79,-45.14,-27.27,0,900.68,57.85,-40.67,0,270.08,-Inf,2.95,0.1,0.14,Inf,-0.84,Inf,Inf
"Saxton Lake","Dec","obs_na",0,0,0,31,31,0,0,31,62,0,31,341,341,558,155,558,558
"Seebach","Jan","mean",-9.54,-12.88,-6.56,2.22,923,96.67,-9.95,0,318.92,0.18,2.41,0.41,NA,NA,1.21,27.39,NA
"Seebach","Jan","max",3,0.66,5.65,23.2,940.13,100,3,0.01,85.72,3.01,7.64,0.45,-Inf,-Inf,1.58,95.32,-Inf
"Seebach","Jan","min",-33.06,-37.14,-27.35,0,904.28,86.54,-34.59,0,284.48,0,0.65,0.4,Inf,Inf,0.91,5.93,Inf
"Seebach","Jan","obs_na",0,0,0,0,0,0,0,0,0,0,0,0,31,31,0,0,31
"Seebach","Feb","mean",-7.15,Inf,-Inf,0.13,922.29,93.37,-8.09,0,359.34,0.17,4.96,0.42,NA,NA,1.16,19.49,NA
"Seebach","Feb","max",1.93,Inf,4.99,3.6,937.76,100,1.93,0,82.56,1,11.65,0.44,-Inf,-Inf,1.23,71.05,-Inf
"Seebach","Feb","min",-20.44,-28.65,-Inf,0,903.2,84.33,-21.94,0,270.08,0,1.28,0.41,Inf,Inf,1.02,4.12,Inf
"Seebach","Feb","obs_na",2,0,0,0,0,2,2,0,0,0,0,0,29,29,0,0,29
"Seebach","Mar","mean",-5.84,Inf,-Inf,0.91,921.85,73.93,-10.3,0,355.87,0.94,13.24,0.41,NA,NA,0.92,10.37,NA
"Seebach","Mar","max",1.45,Inf,8.48,12.8,936.18,100,-1.55,0.03,87.4,1.67,21.02,0.44,-Inf,-Inf,1.04,61.47,-Inf
"Seebach","Mar","min",-18.37,-26.7,-Inf,0,907.23,51.11,-21.24,0,272.68,0,6.39,0.4,Inf,Inf,0.81,2.03,Inf
"Seebach","Mar","obs_na",12,0,0,0,0,12,12,0,0,0,0,0,31,31,0,0,31
"Seebach","Apr","mean",2.11,-2.59,6.95,2.19,924.73,74.01,-2.78,0,340.61,1.48,24.21,0.43,NA,NA,0.84,18.11,NA
"Seebach","Apr","max",4.88,1.63,12.21,16.4,941.88,99.97,2.52,0.06,89.31,2.34,36.5,0.45,-Inf,-Inf,0.91,75.15,-Inf
"Seebach","Apr","min",-1.71,-7.38,0.62,0,917.11,48.93,-8.92,0,274.89,0.67,3.95,0.41,Inf,Inf,0.8,3.01,Inf
"Seebach","Apr","obs_na",0,0,0,0,0,0,0,0,0,0,0,0,30,30,0,0,30
"Seebach","May","mean",7.37,1.77,12.77,2.9,923.92,76.11,2.55,0.01,354.87,1.42,26.51,0.42,NA,NA,4.03,21.45,NA
"Seebach","May","max",12.54,7.99,22.26,20.4,939.86,99.7,7.59,0.08,89.94,2.34,35.77,0.44,-Inf,-Inf,6.21,89.95,-Inf
"Seebach","May","min",3.7,-3.07,7.26,0,909.83,54.99,-2.62,0,277.28,0.67,16.35,0.41,Inf,Inf,0.88,3.38,Inf
"Seebach","May","obs_na",0,0,0,0,0,0,0,0,0,0,0,0,31,31,0,0,31
"Seebach","Jun","mean",10.87,5.92,15.81,3.3,923.36,80.71,6.99,0.01,343.39,1.54,29.27,0.41,NA,NA,7.42,27.49,NA
"Seebach","Jun","max",16.28,11.73,25.23,17,930.4,99.95,12.72,0.07,73.89,2.67,42.65,0.43,-Inf,-Inf,9.42,69.09,-Inf
"Seebach","Jun","min",7.15,-0.65,10.45,0,907.45,55.22,0.82,0,273.08,0.67,10.77,0.4,Inf,Inf,5.89,4.32,Inf
"Seebach","Jun","obs_na",0,0,0,0,0,0,0,0,0,0,0,0,30,30,0,0,30
"Seebach","Jul","mean",15.07,9,21.26,2.5,927.09,76.7,10.17,0.01,352.66,0.98,27.38,0.37,NA,NA,10.54,20.56,NA
"Seebach","Jul","max",22.66,14.29,33.44,25.6,933.6,99.96,14.67,0.08,89.9,4.01,39.85,0.42,-Inf,-Inf,12.17,83.53,-Inf
"Seebach","Jul","min",9.97,3.06,10.96,0,918.05,50.74,5.16,0,272.99,0,8.32,0.31,Inf,Inf,8.97,1.84,Inf
"Seebach","Jul","obs_na",0,0,0,0,0,0,0,0,0,0,0,0,78,78,0,0,78
"Seebach","Aug","mean",14.31,8.25,20.86,2.06,927.7,79.42,10.15,0,354.06,0.93,24.51,0.36,NA,NA,11.09,18.71,NA
"Seebach","Aug","max",19.18,13.82,28.07,40.6,937.48,100,14.05,0.1,88.94,2.34,35.98,0.4,-Inf,-Inf,12.11,100,-Inf
"Seebach","Aug","min",8.3,2.33,9.82,0,916.77,56.99,5.37,0,270.78,0,6.55,0.31,Inf,Inf,10.06,2.1,Inf
"Seebach","Aug","obs_na",0,0,0,0,0,0,0,0,0,0,0,0,93,93,0,0,93
"Seebach","Sep","mean",9.96,4.67,15.93,3.09,924.88,85.85,7.22,0,353.43,1.03,14.42,0.35,NA,NA,9.44,24.65,NA
"Seebach","Sep","max",17.65,10.93,27.15,41.4,937.15,100,12.27,0.07,81.4,2.67,23.58,0.43,-Inf,-Inf,11.87,100,-Inf
"Seebach","Sep","min",1.11,-2.42,6.3,0,912.68,66.5,0.51,0,270.04,0,4.57,0.33,Inf,Inf,7.08,3.09,Inf
"Seebach","Sep","obs_na",0,0,0,0,0,0,0,0,0,0,0,0,68,68,0,0,68
"Seebach","Oct","mean",2.99,Inf,-Inf,3.21,925.29,93.23,1.85,0,353.01,0.77,5.95,0.39,NA,NA,5.64,44.26,NA
"Seebach","Oct","max",11.54,Inf,21.44,34.6,941.15,100,9.35,0.01,89.87,4.68,11.5,0.43,-Inf,-Inf,8.41,100,-Inf
"Seebach","Oct","min",-7.05,-12.57,-Inf,0,908.12,60.87,-12.65,0,270.81,0,1.8,0.37,Inf,Inf,1.72,2.72,Inf
"Seebach","Oct","obs_na",2,0,0,0,0,2,2,0,0,0,0,0,62,62,0,0,62
"Seebach","Nov","mean",-0.83,Inf,-Inf,2.49,922.54,98.7,-1.04,0,21.51,0.27,2.84,0.4,NA,NA,2.47,44.31,NA
"Seebach","Nov","max",3.02,Inf,4.81,33.2,940.93,100,3.02,0,89.6,2.67,6.81,0.43,-Inf,-Inf,3.6,100,-Inf
"Seebach","Nov","min",-8.73,-10.67,-Inf,0,903.23,78.11,-8.96,0,274.19,0,0.6,0.38,Inf,Inf,1.74,3.53,Inf
"Seebach","Nov","obs_na",30,0,0,0,0,30,30,0,0,0,0,0,60,60,0,0,60
"Seebach","Dec","mean",-3.09,Inf,-Inf,2.1,922.82,99.84,-3.12,0,11.82,0.21,1.62,0.41,NA,NA,1.83,33.56,NA
"Seebach","Dec","max",0.29,Inf,1.7,22.4,933.45,100,0.28,0,88.4,2,3.94,0.44,-Inf,-Inf,2.12,100,-Inf
"Seebach","Dec","min",-8.23,-11.41,-Inf,0,906.95,99.01,-8.35,0,276.11,0,0.6,0.38,Inf,Inf,1.49,5.61,Inf
"Seebach","Dec","obs_na",6,0,0,0,2,6,6,0,0,0,2,2,37,37,2,2,37
"Sunbeam","Jan","mean",-8.07,Inf,-Inf,0.13,791.92,90.21,-9.63,4.19,339.06,-Inf,35.65,NA,NA,NA,NA,NA,25.24
"Sunbeam","Jan","max",4.55,Inf,5.46,22,816.52,100,1.31,11.23,89.75,27.68,97.95,-Inf,-Inf,-Inf,-Inf,-Inf,52.45
"Sunbeam","Jan","min",-34.29,-37.16,-Inf,0,769.52,11.84,-36.81,0,274.18,-Inf,5.87,Inf,Inf,Inf,Inf,Inf,19.3
"Sunbeam","Jan","obs_na",18,0,0,0,32,18,18,8,131,0,0,404,404,404,404,404,378
"Sunbeam","Feb","mean",-10.61,Inf,-Inf,0.12,790.34,88.67,-12.34,3.79,344.94,-Inf,75.57,NA,NA,NA,NA,NA,46.31
"Sunbeam","Feb","max",2.99,Inf,5.8,9.2,808.4,100,-0.3,11.69,85.32,27.09,169.31,-Inf,-Inf,-Inf,-Inf,-Inf,61.57
"Sunbeam","Feb","min",-30.8,-34.02,-Inf,0,770.57,30.54,-32.8,0,270.07,-Inf,16.08,Inf,Inf,Inf,Inf,Inf,33.13
"Sunbeam","Feb","obs_na",28,0,0,0,28,28,28,6,119,0,0,339,339,339,339,339,312
"Sunbeam","Mar","mean",-6.49,Inf,-Inf,0.31,790.83,84.62,-9.09,3.9,348.35,-Inf,138.24,NA,NA,NA,NA,NA,41.93
"Sunbeam","Mar","max",6.88,Inf,11.3,7.8,805.95,100,0.39,10.92,87.86,35.81,273.32,-Inf,-Inf,-Inf,-Inf,-Inf,48.72
"Sunbeam","Mar","min",-24.19,-27.52,-Inf,0,763.62,29.25,-30.97,0,270.55,-Inf,44.47,Inf,Inf,Inf,Inf,Inf,36.39
"Sunbeam","Mar","obs_na",31,0,0,0,43,31,31,2,125,0,0,372,372,372,372,372,341
"Sunbeam","Apr","mean",-3.15,Inf,-Inf,0.65,793.42,78.36,-6.84,3.93,351.95,-Inf,202.69,NA,NA,NA,NA,NA,43.94
"Sunbeam","Apr","max",10.19,Inf,14.29,10.4,811.51,100,2.67,10.55,88.34,29.23,330.72,-Inf,-Inf,-Inf,-Inf,-Inf,49.27
"Sunbeam","Apr","min",-19.3,-21.82,-Inf,0,770.33,38.21,-20.57,0,270.49,-Inf,47.28,Inf,Inf,Inf,Inf,Inf,25.95
"Sunbeam","Apr","obs_na",30,0,0,0,47,30,30,3,122,0,0,360,360,360,360,360,330
"Sunbeam","May","mean",3.49,Inf,-Inf,1.41,796.32,73.19,-1.55,3.46,357.04,10.92,246.3,NA,NA,NA,NA,NA,1.25
"Sunbeam","May","max",16.53,Inf,22.45,26.8,812.29,100,4.95,8.99,89.33,29.23,415.72,-Inf,-Inf,-Inf,-Inf,-Inf,19.15
"Sunbeam","May","min",-5.62,-7.06,-Inf,0,774.35,30.31,-12.21,0,270.01,0,62.07,Inf,Inf,Inf,Inf,Inf,0
"Sunbeam","May","obs_na",31,0,0,0,64,31,31,0,124,0,0,372,372,372,372,372,341
"Sunbeam","Jun","mean",6.51,Inf,-Inf,2.36,797.73,75.51,1.81,3.24,355.47,-Inf,241.91,NA,NA,NA,NA,NA,0
"Sunbeam","Jun","max",25.71,Inf,30.24,22.8,809.25,100,8.97,12.25,88.63,49.31,408.27,-Inf,-Inf,-Inf,-Inf,-Inf,0
"Sunbeam","Jun","min",-1.66,-2.77,-Inf,0,781.38,25.96,-6.16,0.89,270.89,-Inf,46.67,Inf,Inf,Inf,Inf,Inf,0
"Sunbeam","Jun","obs_na",30,0,0,0,60,30,30,14,134,0,0,360,360,360,360,360,330
"Sunbeam","Jul","mean",9.91,Inf,-Inf,2.73,800.93,73.03,4.65,2.94,354.54,-Inf,226.17,NA,NA,NA,NA,NA,0
"Sunbeam","Jul","max",22.16,Inf,26.96,44.8,810.22,100,10.31,7.34,89.6,40.82,401.09,-Inf,-Inf,-Inf,-Inf,-Inf,0
"Sunbeam","Jul","min",1.47,-1.32,-Inf,0,787.78,32.58,-1.67,1.14,271.54,-Inf,26.13,Inf,Inf,Inf,Inf,Inf,0
"Sunbeam","Jul","obs_na",29,0,0,0,49,29,29,31,142,0,0,388,388,388,388,388,357
"Sunbeam","Aug","mean",9.89,6.89,13.23,2.34,800.71,71.82,4.43,3.04,358.11,-Inf,190.6,NA,NA,NA,NA,NA,0
"Sunbeam","Aug","max",19.86,16.65,23.38,31.8,810.66,99.97,10.94,6.68,89.91,26.31,328.01,-Inf,-Inf,-Inf,-Inf,-Inf,0
"Sunbeam","Aug","min",0.6,-0.82,1.72,0,789.9,30.87,-1.21,0.75,270.97,-Inf,13.95,Inf,Inf,Inf,Inf,Inf,0
"Sunbeam","Aug","obs_na",0,0,0,0,31,0,0,31,124,0,0,418,418,418,418,418,387
"Sunbeam","Sep","mean",5.33,2.76,8.25,2.29,798.39,77.83,1.17,3.44,344.68,-Inf,132.79,NA,NA,NA,NA,NA,0
"Sunbeam","Sep","max",18.02,15.58,22.59,26.2,811.41,100,8.43,9.93,89.22,49.31,270.87,-Inf,-Inf,-Inf,-Inf,-Inf,0
"Sunbeam","Sep","min",-8.37,-9.68,-6.45,0,776.27,31.46,-11,0,270.84,-Inf,21.87,Inf,Inf,Inf,Inf,Inf,0
"Sunbeam","Sep","obs_na",0,0,0,0,30,0,0,6,112,0,4,497,497,497,497,497,479
"Sunbeam","Oct","mean",-1.15,-3.27,1.19,0.96,794.97,85.24,-3.73,3.89,346.7,-Inf,79.26,NA,NA,NA,NA,NA,2.93
"Sunbeam","Oct","max",12.2,9.66,15.89,18,818.64,100,5.78,9.55,89.39,29.43,192.64,-Inf,-Inf,-Inf,-Inf,-Inf,14.82
"Sunbeam","Oct","min",-17.05,-19.84,-13.77,0,775.73,27.92,-19.4,0,270.02,-Inf,13.68,Inf,Inf,Inf,Inf,Inf,0
"Sunbeam","Oct","obs_na",0,0,0,0,35,0,0,20,113,0,31,527,527,527,527,527,496
"Sunbeam","Nov","mean",-6.53,-8.46,-4.52,0.28,791.71,89.77,-8.28,3.84,341.46,-Inf,39.98,NA,NA,NA,NA,NA,7.8
"Sunbeam","Nov","max",5.85,4.77,7.59,15.6,811.77,100,2.35,33.13,89.91,23.93,112.33,-Inf,-Inf,-Inf,-Inf,-Inf,21.2
"Sunbeam","Nov","min",-27.55,-29.52,-25.56,0,770.98,11.78,-29.67,0,270.28,-Inf,6.23,Inf,Inf,Inf,Inf,Inf,3.5
"Sunbeam","Nov","obs_na",0,0,0,0,28,0,0,33,123,0,30,491,491,491,491,491,464
"Sunbeam","Dec","mean",-9.18,-11.14,-7.22,0.07,790.01,89.83,-10.77,3.36,343.54,-Inf,26.26,NA,NA,NA,NA,NA,20.52
"Sunbeam","Dec","max",3.46,1.15,7.04,16.4,814.38,100,0.28,11.06,89.5,26.51,75.51,-Inf,-Inf,-Inf,-Inf,-Inf,26.65
"Sunbeam","Dec","min",-32.12,-33.81,-30.69,0,766.82,20.57,-33.9,0,270.6,-Inf,3.78,Inf,Inf,Inf,Inf,Inf,10.09
"Sunbeam","Dec","obs_na",0,0,0,0,13,0,0,55,131,0,7,464,464,464,464,464,439
"Tamarac","Jan","mean",-5.72,-9.17,-2.41,0.76,NA,84.97,-7.94,1.01,NA,6.56,NA,0.11,0.13,0.09,0.47,NA,NA
"Tamarac","Jan","max",7.99,6.71,10.49,17.8,-Inf,98.04,4.31,4.09,-Inf,16.62,-Inf,0.16,0.22,0.15,1.43,-Inf,-Inf
"Tamarac","Jan","min",-29.91,-34.59,-25.5,0,Inf,55.4,-32.89,0,Inf,1.76,Inf,0.06,0.07,0.04,-0.54,Inf,Inf
"Tamarac","Jan","obs_na",0,0,0,0,124,0,0,0,124,0,124,0,0,0,0,124,124
"Tamarac","Feb","mean",-6.1,-10.72,-1.55,0.47,NA,78.15,-9.52,1.14,NA,6.93,NA,0.11,0.13,0.08,0.4,NA,NA
"Tamarac","Feb","max",6.29,4.79,12.17,9.4,-Inf,97.02,3.42,4.95,-Inf,16.62,-Inf,0.14,0.22,0.16,1.32,-Inf,-Inf
"Tamarac","Feb","min",-23.36,-31.05,-21.12,0,Inf,51.42,-27.02,0.01,Inf,2.01,Inf,0.07,0.07,0.03,-0.79,Inf,Inf
"Tamarac","Feb","obs_na",0,0,0,0,113,0,0,0,113,0,113,0,0,0,0,113,113
"Tamarac","Mar","mean",-0.85,-6.08,4.52,0.43,NA,68.5,-6.44,0.97,NA,6.45,NA,0.12,0.16,0.09,0.46,NA,NA
"Tamarac","Mar","max",10.74,4.38,18.51,5.8,-Inf,95.08,2.64,3.21,-Inf,12.09,-Inf,0.15,0.28,0.19,1.31,-Inf,-Inf
"Tamarac","Mar","min",-18.8,-25.61,-13.77,0,Inf,39.65,-22.18,0.04,Inf,2.77,Inf,0.09,0.1,0.03,-0.63,Inf,Inf
"Tamarac","Mar","obs_na",0,0,0,0,124,0,0,0,124,0,124,0,0,0,0,124,124
"Tamarac","Apr","mean",3.57,-2.11,9.22,0.62,NA,60.05,-4.21,1.27,NA,7.88,NA,0.15,0.22,0.12,1.72,NA,NA
"Tamarac","Apr","max",13.04,5.95,23.69,8.6,-Inf,93.5,3.55,3.13,-Inf,16.62,-Inf,0.21,0.33,0.22,6.76,-Inf,-Inf
"Tamarac","Apr","min",-7.51,-13.28,-2.98,0,Inf,32.53,-16.81,0.22,Inf,4.28,Inf,0.12,0.14,0.05,-0.14,Inf,Inf
"Tamarac","Apr","obs_na",0,0,0,0,120,0,0,0,120,0,120,0,0,0,0,120,120
"Tamarac","May","mean",9.88,3.69,15.84,1.24,NA,63.64,2.39,1.23,NA,7.52,NA,0.15,0.2,0.11,8.33,NA,NA
"Tamarac","May","max",21.06,12.22,30.44,13.6,-Inf,94.92,8.77,2.7,-Inf,11.58,-Inf,0.16,0.25,0.19,13.41,-Inf,-Inf
"Tamarac","May","min",2.55,-2.28,4.3,0,Inf,37.3,-5.17,0.22,Inf,4.28,Inf,0.14,0.18,0.07,3.63,Inf,Inf
"Tamarac","May","obs_na",0,0,0,0,124,0,0,0,124,0,124,0,0,0,0,124,124
"Tamarac","Jun","mean",13.65,7.2,19.89,1.74,NA,62.44,5.71,1.11,NA,7.33,NA,0.14,0.19,0.1,12.34,NA,NA
"Tamarac","Jun","max",21.96,15.22,31.43,22.6,-Inf,88.22,11.46,2.63,-Inf,13.09,-Inf,0.16,0.23,0.18,16.13,-Inf,-Inf
"Tamarac","Jun","min",6.42,0.88,9.68,0,Inf,33.86,-1.66,0.3,Inf,4.03,Inf,0.11,0.14,0.06,9.3,Inf,Inf
"Tamarac","Jun","obs_na",0,0,0,0,120,0,0,0,120,0,120,23,23,0,0,120,120
"Tamarac","Jul","mean",16.88,Inf,-Inf,1.46,NA,64.39,9.33,0.88,NA,-Inf,NA,0.11,0.15,0.09,14.67,NA,NA
"Tamarac","Jul","max",24.54,Inf,33.73,16.2,-Inf,90.7,14.25,2.39,-Inf,16.12,-Inf,0.17,0.24,0.16,17.91,-Inf,-Inf
"Tamarac","Jul","min",10.2,4.06,-Inf,0,Inf,39.67,2.72,0.07,Inf,-Inf,Inf,0.06,0.08,0.04,12.45,Inf,Inf
"Tamarac","Jul","obs_na",16,0,0,7,134,16,16,7,134,0,134,26,26,13,13,134,134
"Tamarac","Aug","mean",16.23,Inf,-Inf,0.93,NA,66.81,9.37,0.83,NA,6.28,NA,0.08,0.1,0.09,14.82,NA,NA
"Tamarac","Aug","max",23.83,Inf,31.89,20.8,-Inf,90.95,14.73,3.03,-Inf,11.33,-Inf,0.12,0.17,0.17,17.51,-Inf,-Inf
"Tamarac","Aug","min",9.19,2.1,-Inf,0,Inf,44.73,3.11,0.12,Inf,2.77,Inf,0.06,0.07,0.04,11.79,Inf,Inf
"Tamarac","Aug","obs_na",37,0,0,0,155,37,37,0,155,0,155,58,58,58,58,155,155
"Tamarac","Sep","mean",11.42,Inf,-Inf,1.39,NA,69.2,5.36,0.76,NA,5.98,NA,0.07,0.1,0.08,10.97,NA,NA
"Tamarac","Sep","max",18.97,Inf,28.49,25.6,-Inf,94.24,10.64,2.77,-Inf,13.35,-Inf,0.13,0.25,0.2,14.89,-Inf,-Inf
"Tamarac","Sep","min",6.06,-0.82,-Inf,0,Inf,39.39,0.38,0,Inf,0,Inf,0.05,0.06,0.03,8.47,Inf,Inf
"Tamarac","Sep","obs_na",60,0,0,0,150,60,60,0,150,0,150,60,60,60,60,150,150
"Tamarac","Oct","mean",5.01,Inf,-Inf,0.7,NA,75.15,0.59,0.94,NA,6.75,NA,0.09,0.13,0.08,6.05,NA,NA
"Tamarac","Oct","max",15.13,Inf,24.56,8.2,-Inf,98.35,8.92,3.27,-Inf,14.61,-Inf,0.16,0.26,0.22,10.85,-Inf,-Inf
"Tamarac","Oct","min",-6.97,-12.64,-Inf,0,Inf,51.55,-13.34,0,Inf,0,Inf,0.05,0.06,0.03,0.14,Inf,Inf
"Tamarac","Oct","obs_na",11,0,0,0,126,11,11,0,126,0,126,11,11,11,11,126,126
"Tamarac","Nov","mean",-2.77,-5.71,0.24,0.89,NA,84.13,-5.22,1.01,NA,7.12,NA,0.11,0.13,0.09,1.86,NA,NA
"Tamarac","Nov","max",6.23,4.4,9.19,13.4,-Inf,97.86,5.11,2.91,-Inf,13.6,-Inf,0.17,0.22,0.16,3.55,-Inf,-Inf
"Tamarac","Nov","min",-20.86,-26.61,-18.56,0,Inf,60.16,-24.06,0,Inf,1.51,Inf,0.04,0.06,0.04,0.4,Inf,Inf
"Tamarac","Nov","obs_na",0,0,0,0,120,0,0,0,120,0,120,0,0,0,0,120,120
"Tamarac","Dec","mean",-7.75,-10.98,-4.8,0.9,NA,86.87,-9.61,0.88,NA,6.28,NA,0.11,0.14,0.09,0.58,NA,NA
"Tamarac","Dec","max",5.5,3.46,8.12,15.6,-Inf,99.37,1.91,3.41,-Inf,15.36,-Inf,0.17,0.25,0.16,1.92,-Inf,-Inf
"Tamarac","Dec","min",-33.18,-37.92,-27.96,0,Inf,67.15,-36.05,0,Inf,1.01,Inf,0.05,0.06,0.05,-0.34,Inf,Inf
"Tamarac","Dec","obs_na",0,0,0,0,124,0,0,0,124,0,124,0,0,0,0,124,124
"Thompson","Jan","mean",-6.88,-9.99,-3.68,0.87,910.41,89.18,-8.42,0.51,347.01,3.62,24.39,0.05,NA,NA,NA,27.73,NA
"Thompson","Jan","max",5.27,2.69,9.95,29.6,931.75,100,2.98,4.48,89.92,16.88,78.63,0.15,-Inf,-Inf,-Inf,100,-Inf
"Thompson","Jan","min",-31.63,-36.46,-26.11,0,874.84,58.13,-35.76,0,270.21,0,3.21,0.01,Inf,Inf,Inf,0,Inf
"Thompson","Jan","obs_na",0,0,0,0,0,0,0,0,31,0,0,217,496,496,496,0,496
"Thompson","Feb","mean",-6.31,-10.58,-1.6,0.6,911.45,81.01,-9.24,0.58,354.35,4.31,60.5,0.05,NA,NA,NA,16.43,NA
"Thompson","Feb","max",5.01,2.03,11.03,24.4,932.04,100,2.26,4.03,89.92,16.7,160.25,0.22,-Inf,-Inf,-Inf,100,-Inf
"Thompson","Feb","min",-26.8,-33.3,-22.02,0,884.45,47.4,-29.71,0,270.2,0,6.03,0.01,Inf,Inf,Inf,0,Inf
"Thompson","Feb","obs_na",0,0,0,0,0,0,0,0,28,0,0,199,453,453,453,0,453
"Thompson","Mar","mean",-1.3,-6.07,3.99,0.5,908.84,69.23,-6.78,0.86,350.94,5.87,118.24,0.06,NA,NA,NA,12,NA
"Thompson","Mar","max",9.9,2.98,21.33,8.6,930.05,99.86,3.04,4.62,89.78,18.55,238.85,0.15,-Inf,-Inf,-Inf,100,-Inf
"Thompson","Mar","min",-22.67,-28.92,-17.9,0,879.1,38.27,-29.55,0,270.09,1.01,14.1,0.01,Inf,Inf,Inf,0,Inf
"Thompson","Mar","obs_na",0,0,0,29,0,0,0,0,31,0,0,217,496,496,496,0,496
"Thompson","Apr","mean",2.9,-2.39,8.5,0.65,911.55,63.72,-4.14,0.86,359.29,6.12,177.91,0.15,NA,NA,NA,14.72,NA
"Thompson","Apr","max",12.1,5.62,22.73,14.2,929.86,100,6.07,4.18,89.79,19.67,323.79,0.4,-Inf,-Inf,-Inf,100,-Inf
"Thompson","Apr","min",-11.29,-18.88,-4.62,0,887.25,30.95,-18.27,0,270.78,0.19,41.55,0.06,Inf,Inf,Inf,0,Inf
"Thompson","Apr","obs_na",0,0,0,30,0,0,0,0,30,0,0,210,480,480,480,0,480
"Thompson","May","mean",8.88,2.66,14.97,1.23,913.18,62.51,1.05,0.85,3.7,5.89,220.26,0.1,NA,NA,NA,17.13,NA
"Thompson","May","max",21.06,11.88,31.05,34.6,928.49,100,10.12,3.51,89.55,14.84,382.19,0.15,-Inf,-Inf,-Inf,100,-Inf
"Thompson","May","min",0.87,-4.74,2.4,0,893.94,27.25,-8.85,0,270.08,0,25.93,0.03,Inf,Inf,Inf,0,Inf
"Thompson","May","obs_na",0,0,0,31,0,0,0,0,31,0,0,217,496,496,496,0,496
"Thompson","Jun","mean",12.25,6.19,18.22,1.15,913.36,63.8,4.68,0.81,7,5.77,235.55,0.07,NA,NA,NA,16.89,NA
"Thompson","Jun","max",27.91,16.99,37.65,25.8,924.8,100,14.27,3.5,89.96,13.17,401.88,0.15,-Inf,-Inf,-Inf,100,-Inf
"Thompson","Jun","min",5.04,-1.16,7.89,0,894.95,30.03,-4.37,0,270.55,0,63.48,0.02,Inf,Inf,Inf,0,Inf
"Thompson","Jun","obs_na",0,0,0,13,0,0,0,0,5,0,0,200,470,470,470,0,470
"Thompson","Jul","mean",15.27,9.05,21.59,1.38,915.68,65.46,7.88,0.73,4.52,-Inf,234.46,0.06,NA,NA,NA,17.94,NA
"Thompson","Jul","max",24.9,18.28,34.26,38.8,927.44,99.58,13.55,4.24,89.56,13.92,385.58,0.14,-Inf,-Inf,-Inf,100,-Inf
"Thompson","Jul","min",8.1,1.7,9.42,0,901.99,31.56,-0.88,0,270.25,-Inf,38.02,0.02,Inf,Inf,Inf,0,Inf
"Thompson","Jul","obs_na",0,0,0,0,0,0,0,16,18,0,0,186,465,465,465,0,465
"Thompson","Aug","mean",14.8,8.49,21.34,0.89,914.73,65.43,7.43,0.78,6.89,-Inf,187.91,0.03,NA,NA,NA,18.09,NA
"Thompson","Aug","max",22.71,16.01,31.74,16.8,927.17,100,13.71,3.87,89.9,13.36,337.54,0.1,-Inf,-Inf,-Inf,95.83,-Inf
"Thompson","Aug","min",5.52,1.17,8.37,0,896.75,35.27,0.45,0,270.14,-Inf,46.34,0.02,Inf,Inf,Inf,0,Inf
"Thompson","Aug","obs_na",0,0,0,0,0,0,0,31,31,0,0,201,480,480,480,0,480
"Thompson","Sep","mean",9.77,4.49,15.73,1.11,913.43,74.39,4.79,0.79,6.16,-Inf,122.49,0.03,NA,NA,NA,28.39,NA
"Thompson","Sep","max",19.21,13.32,31.15,21.6,932.69,99.71,11.11,3.47,89.62,14.66,258.79,0.11,-Inf,-Inf,-Inf,100,-Inf
"Thompson","Sep","min",-0.31,-5.57,0.33,0,895.88,44.11,-7.33,0,270.01,-Inf,11.61,0.01,Inf,Inf,Inf,0,Inf
"Thompson","Sep","obs_na",0,0,0,0,0,0,0,30,30,0,0,237,500,500,500,0,500
"Thompson","Oct","mean",3.29,-0.32,7.62,1.36,911.68,82.95,0.37,0.74,357.6,-Inf,65.24,0.06,NA,NA,NA,36.75,NA
"Thompson","Oct","max",14.24,10.35,23.45,34.8,932.65,100,10.08,4.6,89.56,19.11,166.76,0.16,-Inf,-Inf,-Inf,100,-Inf
"Thompson","Oct","min",-9.67,-14.39,-6.82,0,888,49.02,-13.97,0,271.19,-Inf,5.4,0.01,Inf,Inf,Inf,0,Inf
"Thompson","Oct","obs_na",0,0,0,0,0,0,0,3,31,0,0,243,522,522,522,0,522
"Thompson","Nov","mean",-2.82,-5.52,0.14,0.93,909.35,89.64,-4.37,0.61,352.34,4.44,30.36,0.09,NA,NA,NA,34.69,NA
"Thompson","Nov","max",8.09,4.74,12.9,23,938.6,100,5.61,3.84,89.19,17.81,92.59,0.17,-Inf,-Inf,-Inf,100,-Inf
"Thompson","Nov","min",-22.38,-27.06,-17.36,0,883.5,64.33,-24.72,0,270.03,0,1.96,0.01,Inf,Inf,Inf,0,Inf
"Thompson","Nov","obs_na",0,0,0,0,0,0,0,0,30,0,0,223,493,493,493,0,493
"Thompson","Dec","mean",-8.27,-11.27,-5.33,0.29,910.24,90.54,-9.57,0.42,344.54,3.2,18.33,0.06,NA,NA,NA,28.57,NA
"Thompson","Dec","max",3.87,2.26,6.62,19.4,940.06,100,3.57,4.12,89.62,17.07,65.35,0.15,-Inf,-Inf,-Inf,100,-Inf
"Thompson","Dec","min",-31.02,-34.59,-25.21,0,883.18,65.56,-33.54,0,270.09,0,1.28,0,Inf,Inf,Inf,0,Inf
"Thompson","Dec","obs_na",0,0,0,0,0,0,0,0,31,0,0,217,496,496,496,0,496
"Willow-Bowron","Jan","mean",-5.73,-9.81,-2.23,0.95,944.42,88.28,-7.47,0.15,353.23,-Inf,10.14,NA,NA,NA,NA,27.67,NA
"Willow-Bowron","Jan","max",9.19,5.38,13.23,25.2,966.43,100,5.4,1.25,89.97,9.09,30.87,-Inf,-Inf,-Inf,-Inf,100,-Inf
"Willow-Bowron","Jan","min",-36.47,-43.3,-29.52,0,908.1,53.35,-39.04,0,270.24,-Inf,1.54,Inf,Inf,Inf,Inf,0,Inf
"Willow-Bowron","Jan","obs_na",0,0,0,0,0,0,0,21,114,0,0,496,496,496,496,31,496
"Willow-Bowron","Feb","mean",-5.63,-10.51,-0.77,0.71,944.95,85.69,-7.85,0.12,359.2,-Inf,22.84,NA,NA,NA,NA,29.14,NA
"Willow-Bowron","Feb","max",8.47,4.43,13.28,19.6,967.17,100,4.47,1.31,89.97,8.53,70.66,-Inf,-Inf,-Inf,-Inf,100,-Inf
"Willow-Bowron","Feb","min",-28.25,-35.79,-21.42,0,917.95,45.96,-30.8,0,271.6,-Inf,2.64,Inf,Inf,Inf,Inf,0,Inf
"Willow-Bowron","Feb","obs_na",0,0,0,0,0,0,0,29,114,0,0,453,453,453,453,29,453
"Willow-Bowron","Mar","mean",-0.55,-6.3,5.57,0.78,942.28,76.75,-4.75,0.12,8.49,-Inf,54.22,NA,NA,NA,NA,21,NA
"Willow-Bowron","Mar","max",9.3,5.9,20.77,15.6,963.93,100,6.72,1.14,89.79,7.79,171.56,-Inf,-Inf,-Inf,-Inf,100,-Inf
"Willow-Bowron","Mar","min",-23.55,-35.05,-13.48,0,912.7,39.69,-30.6,0,270.44,-Inf,7.33,Inf,Inf,Inf,Inf,0,Inf
"Willow-Bowron","Mar","obs_na",0,0,0,0,0,0,0,31,124,0,0,496,496,496,496,31,496
"Willow-Bowron","Apr","mean",4.18,-2.63,11.08,1.05,943.88,69.93,-1.91,0.14,3.11,-Inf,95.86,NA,NA,NA,NA,21.58,NA
"Willow-Bowron","Apr","max",16.88,7.72,25.91,24,961.91,100,9.44,1.11,89.74,8.56,256.71,-Inf,-Inf,-Inf,-Inf,100,-Inf
"Willow-Bowron","Apr","min",-9.55,-18.74,-3.6,0,918.35,35.58,-17.5,0,270.14,-Inf,29.58,Inf,Inf,Inf,Inf,0,Inf
"Willow-Bowron","Apr","obs_na",0,0,0,0,0,0,0,30,120,0,0,480,480,480,480,30,480
"Willow-Bowron","May","mean",10.42,Inf,-Inf,1.36,944.24,70.4,4,0.1,2.43,-Inf,142.04,NA,NA,NA,NA,26.85,NA
"Willow-Bowron","May","max",19.26,Inf,31.2,20.2,959.6,100,12.63,0.79,89.97,7.05,324.73,-Inf,-Inf,-Inf,-Inf,100,-Inf
"Willow-Bowron","May","min",2.2,-6.3,-Inf,0,926.38,28.79,-7.75,0,270.08,-Inf,15.3,Inf,Inf,Inf,Inf,0,Inf
"Willow-Bowron","May","obs_na",24,0,0,0,0,24,24,43,109,0,14,508,508,508,508,31,508
"Willow-Bowron","Jun","mean",13.68,Inf,-Inf,1.81,943.88,73.83,8.03,0.08,7.41,-Inf,160.94,NA,NA,NA,NA,30.13,NA
"Willow-Bowron","Jun","max",26.82,Inf,38.76,42.21,955.62,100,18.56,0.76,89.68,6.54,306.09,-Inf,-Inf,-Inf,-Inf,96.08,-Inf
"Willow-Bowron","Jun","min",5.89,-1.67,-Inf,0,926.38,43.95,-1.09,0,270.27,-Inf,42.49,Inf,Inf,Inf,Inf,0,Inf
"Willow-Bowron","Jun","obs_na",22,0,0,8,0,22,22,34,94,0,30,511,511,511,511,11,511
"Willow-Bowron","Jul","mean",15.89,8.71,23.54,1.74,945.7,78.16,11.1,0.05,4.54,-Inf,151.65,NA,NA,NA,NA,36.55,NA
"Willow-Bowron","Jul","max",22.89,15.05,35.27,28.8,957.15,100,16.03,0.69,89.74,5.54,305.88,-Inf,-Inf,-Inf,-Inf,100,-Inf
"Willow-Bowron","Jul","min",9.35,-0.15,10.2,0,933.68,42.81,2.39,0,270.33,-Inf,30.67,Inf,Inf,Inf,Inf,0,Inf
"Willow-Bowron","Jul","obs_na",0,0,0,31,0,0,0,24,94,0,1,528,528,528,528,0,528
"Willow-Bowron","Aug","mean",14.96,7.9,23.05,1.28,945.14,79.69,10.6,0.05,11.12,-Inf,108.64,NA,NA,NA,NA,39.06,NA
"Willow-Bowron","Aug","max",21.63,15.62,34.41,36.8,957.14,100,17.68,0.42,89.84,5.94,279.16,-Inf,-Inf,-Inf,-Inf,98.73,-Inf
"Willow-Bowron","Aug","min",7.55,0.29,10.21,0,929.52,50.1,2.13,0,270.17,-Inf,25.1,Inf,Inf,Inf,Inf,0,Inf
"Willow-Bowron","Aug","obs_na",0,0,0,30,0,0,0,31,124,0,0,558,558,558,558,31,558
"Willow-Bowron","Sep","mean",10.27,4.3,17.59,1.29,944.87,84.94,7.29,0.07,6.13,-Inf,64.45,NA,NA,NA,NA,50.2,NA
"Willow-Bowron","Sep","max",20.5,12.05,30.31,21.8,963.65,100,14.46,0.76,89.94,6.86,166.75,-Inf,-Inf,-Inf,-Inf,100,-Inf
"Willow-Bowron","Sep","min",0.62,-5.42,6,0,919.08,44.25,-4.5,0,270.37,-Inf,14.26,Inf,Inf,Inf,Inf,0,Inf
"Willow-Bowron","Sep","obs_na",0,0,0,35,0,0,0,30,120,0,0,540,540,540,540,30,540
"Willow-Bowron","Oct","mean",4.21,-0.65,9.57,1.35,944.29,85.61,1.64,0.11,356.62,-Inf,31.86,NA,NA,NA,NA,41.6,NA
"Willow-Bowron","Oct","max",16.67,12.55,24.79,23.6,964.19,100,11.25,0.92,89.74,8.72,100.2,-Inf,-Inf,-Inf,-Inf,100,-Inf
"Willow-Bowron","Oct","min",-13.36,-19.49,-7.85,0,919.73,33.25,-14.65,0,270.05,-Inf,6.34,Inf,Inf,Inf,Inf,0,Inf
"Willow-Bowron","Oct","obs_na",0,0,0,0,0,0,0,31,134,0,0,546,546,546,546,31,546
"Willow-Bowron","Nov","mean",-1.31,-4.79,1.83,1.43,942.72,88.08,-3.21,0.16,359.82,-Inf,12.55,NA,NA,NA,NA,33.65,NA
"Willow-Bowron","Nov","max",14,9.29,18.58,43.4,971.63,100,7.04,1.35,88.86,9.28,45.45,-Inf,-Inf,-Inf,-Inf,100,-Inf
"Willow-Bowron","Nov","min",-28.54,-32.48,-22.6,0,917.36,47.31,-31.5,0,270.5,-Inf,0.92,Inf,Inf,Inf,Inf,0,Inf
"Willow-Bowron","Nov","obs_na",0,0,0,0,0,0,0,3,93,0,0,453,453,453,453,30,453
"Willow-Bowron","Dec","mean",-6.88,-10.73,-3.71,0.69,944.05,88.89,-8.5,0.12,355.02,2.3,6.67,NA,NA,NA,NA,24.31,NA
"Willow-Bowron","Dec","max",8.05,4.89,11.77,22.2,975.98,100,3.62,1.35,89.15,7.42,19.68,-Inf,-Inf,-Inf,-Inf,100,-Inf
"Willow-Bowron","Dec","min",-38.24,-42.32,-33.22,0,915.89,53.15,-41.13,0,271.19,0,0.87,Inf,Inf,Inf,Inf,0,Inf
"Willow-Bowron","Dec","obs_na",0,0,0,0,0,0,0,0,93,0,0,481,481,481,481,31,481
