"Site","WS","gseason","WD","n"
"Atlin School","(9, Inf]","Summer","270",2
"Atlin School","(9, Inf]","Winter","240",7
"Atlin School","(9, Inf]","Winter","270",3
"Atlin School","(6,9]","Summer","0",1
"Atlin School","(6,9]","Summer","210",6
"Atlin School","(6,9]","Summer","240",31
"Atlin School","(6,9]","Summer","270",46
"Atlin School","(6,9]","Summer","300",5
"Atlin School","(6,9]","Summer","330",39
"Atlin School","(6,9]","Winter","0",18
"Atlin School","(6,9]","Winter","120",1
"Atlin School","(6,9]","Winter","210",52
"Atlin School","(6,9]","Winter","240",81
"Atlin School","(6,9]","Winter","270",43
"Atlin School","(6,9]","Winter","300",3
"Atlin School","(6,9]","Winter","330",122
"Atlin School","(3,6]","Summer","0",12
"Atlin School","(3,6]","Summer","90",2
"Atlin School","(3,6]","Summer","120",2
"Atlin School","(3,6]","Summer","150",8
"Atlin School","(3,6]","Summer","180",28
"Atlin School","(3,6]","Summer","210",1009
"Atlin School","(3,6]","Summer","240",1736
"Atlin School","(3,6]","Summer","270",1770
"Atlin School","(3,6]","Summer","300",641
"Atlin School","(3,6]","Summer","330",658
"Atlin School","(3,6]","Winter","0",358
"Atlin School","(3,6]","Winter","30",2
"Atlin School","(3,6]","Winter","90",1
"Atlin School","(3,6]","Winter","120",31
"Atlin School","(3,6]","Winter","150",83
"Atlin School","(3,6]","Winter","180",185
"Atlin School","(3,6]","Winter","210",2075
"Atlin School","(3,6]","Winter","240",1159
"Atlin School","(3,6]","Winter","270",686
"Atlin School","(3,6]","Winter","300",265
"Atlin School","(3,6]","Winter","330",1064
"Atlin School","(-Inf,3]","Summer","0",1106
"Atlin School","(-Inf,3]","Summer","30",502
"Atlin School","(-Inf,3]","Summer","60",513
"Atlin School","(-Inf,3]","Summer","90",1470
"Atlin School","(-Inf,3]","Summer","120",4270
"Atlin School","(-Inf,3]","Summer","150",3431
"Atlin School","(-Inf,3]","Summer","180",2988
"Atlin School","(-Inf,3]","Summer","210",6537
"Atlin School","(-Inf,3]","Summer","240",7617
"Atlin School","(-Inf,3]","Summer","270",7862
"Atlin School","(-Inf,3]","Summer","300",4153
"Atlin School","(-Inf,3]","Summer","330",2643
"Atlin School","(-Inf,3]","Winter","0",4499
"Atlin School","(-Inf,3]","Winter","30",2288
"Atlin School","(-Inf,3]","Winter","60",2022
"Atlin School","(-Inf,3]","Winter","90",3312
"Atlin School","(-Inf,3]","Winter","120",7990
"Atlin School","(-Inf,3]","Winter","150",7314
"Atlin School","(-Inf,3]","Winter","180",5078
"Atlin School","(-Inf,3]","Winter","210",7560
"Atlin School","(-Inf,3]","Winter","240",4281
"Atlin School","(-Inf,3]","Winter","270",8970
"Atlin School","(-Inf,3]","Winter","300",4462
"Atlin School","(-Inf,3]","Winter","330",6113
"Barren","(9, Inf]","Summer","30",1
"Barren","(9, Inf]","Summer","60",33
"Barren","(9, Inf]","Summer","90",6
"Barren","(9, Inf]","Summer","120",1
"Barren","(9, Inf]","Summer","180",1
"Barren","(9, Inf]","Summer","210",68
"Barren","(9, Inf]","Summer","240",912
"Barren","(9, Inf]","Summer","270",297
"Barren","(9, Inf]","Summer","300",32
"Barren","(9, Inf]","Summer","330",3
"Barren","(9, Inf]","Winter","30",17
"Barren","(9, Inf]","Winter","60",164
"Barren","(9, Inf]","Winter","90",16
"Barren","(9, Inf]","Winter","120",1
"Barren","(9, Inf]","Winter","150",3
"Barren","(9, Inf]","Winter","210",171
"Barren","(9, Inf]","Winter","240",546
"Barren","(9, Inf]","Winter","270",64
"Barren","(9, Inf]","Winter","300",5
"Barren","(9, Inf]","Winter","330",3
"Barren","(6,9]","Summer","0",3
"Barren","(6,9]","Summer","30",16
"Barren","(6,9]","Summer","60",66
"Barren","(6,9]","Summer","90",22
"Barren","(6,9]","Summer","120",3
"Barren","(6,9]","Summer","150",6
"Barren","(6,9]","Summer","180",9
"Barren","(6,9]","Summer","210",145
"Barren","(6,9]","Summer","240",688
"Barren","(6,9]","Summer","270",270
"Barren","(6,9]","Summer","300",29
"Barren","(6,9]","Summer","330",7
"Barren","(6,9]","Winter","0",5
"Barren","(6,9]","Winter","30",22
"Barren","(6,9]","Winter","60",205
"Barren","(6,9]","Winter","90",32
"Barren","(6,9]","Winter","120",6
"Barren","(6,9]","Winter","150",3
"Barren","(6,9]","Winter","180",6
"Barren","(6,9]","Winter","210",167
"Barren","(6,9]","Winter","240",349
"Barren","(6,9]","Winter","270",41
"Barren","(6,9]","Winter","300",7
"Barren","(6,9]","Winter","330",2
"Barren","(3,6]","Summer","0",32
"Barren","(3,6]","Summer","30",83
"Barren","(3,6]","Summer","60",287
"Barren","(3,6]","Summer","90",316
"Barren","(3,6]","Summer","120",217
"Barren","(3,6]","Summer","150",119
"Barren","(3,6]","Summer","180",203
"Barren","(3,6]","Summer","210",1030
"Barren","(3,6]","Summer","240",2200
"Barren","(3,6]","Summer","270",710
"Barren","(3,6]","Summer","300",82
"Barren","(3,6]","Summer","330",36
"Barren","(3,6]","Winter","0",62
"Barren","(3,6]","Winter","30",231
"Barren","(3,6]","Winter","60",780
"Barren","(3,6]","Winter","90",227
"Barren","(3,6]","Winter","120",61
"Barren","(3,6]","Winter","150",104
"Barren","(3,6]","Winter","180",100
"Barren","(3,6]","Winter","210",657
"Barren","(3,6]","Winter","240",1107
"Barren","(3,6]","Winter","270",228
"Barren","(3,6]","Winter","300",23
"Barren","(3,6]","Winter","330",22
"Barren","(-Inf,3]","Summer","0",196
"Barren","(-Inf,3]","Summer","30",410
"Barren","(-Inf,3]","Summer","60",449
"Barren","(-Inf,3]","Summer","90",256
"Barren","(-Inf,3]","Summer","120",249
"Barren","(-Inf,3]","Summer","150",317
"Barren","(-Inf,3]","Summer","180",397
"Barren","(-Inf,3]","Summer","210",1324
"Barren","(-Inf,3]","Summer","240",3415
"Barren","(-Inf,3]","Summer","270",1255
"Barren","(-Inf,3]","Summer","300",183
"Barren","(-Inf,3]","Summer","330",140
"Barren","(-Inf,3]","Winter","0",639
"Barren","(-Inf,3]","Winter","30",2103
"Barren","(-Inf,3]","Winter","60",2752
"Barren","(-Inf,3]","Winter","90",953
"Barren","(-Inf,3]","Winter","120",366
"Barren","(-Inf,3]","Winter","150",375
"Barren","(-Inf,3]","Winter","180",571
"Barren","(-Inf,3]","Winter","210",1658
"Barren","(-Inf,3]","Winter","240",3500
"Barren","(-Inf,3]","Winter","270",1433
"Barren","(-Inf,3]","Winter","300",346
"Barren","(-Inf,3]","Winter","330",243
"Blackhawk","(9, Inf]","Summer","0",27
"Blackhawk","(9, Inf]","Summer","30",39
"Blackhawk","(9, Inf]","Summer","60",710
"Blackhawk","(9, Inf]","Summer","90",564
"Blackhawk","(9, Inf]","Summer","120",96
"Blackhawk","(9, Inf]","Summer","150",33
"Blackhawk","(9, Inf]","Summer","180",22
"Blackhawk","(9, Inf]","Summer","210",2693
"Blackhawk","(9, Inf]","Summer","240",2576
"Blackhawk","(9, Inf]","Summer","270",95
"Blackhawk","(9, Inf]","Summer","300",28
"Blackhawk","(9, Inf]","Summer","330",19
"Blackhawk","(9, Inf]","Winter","0",24
"Blackhawk","(9, Inf]","Winter","30",39
"Blackhawk","(9, Inf]","Winter","60",795
"Blackhawk","(9, Inf]","Winter","90",387
"Blackhawk","(9, Inf]","Winter","120",29
"Blackhawk","(9, Inf]","Winter","150",22
"Blackhawk","(9, Inf]","Winter","180",34
"Blackhawk","(9, Inf]","Winter","210",3685
"Blackhawk","(9, Inf]","Winter","240",3228
"Blackhawk","(9, Inf]","Winter","270",38
"Blackhawk","(9, Inf]","Winter","300",19
"Blackhawk","(9, Inf]","Winter","330",25
"Blackhawk","(6,9]","Summer","0",83
"Blackhawk","(6,9]","Summer","30",129
"Blackhawk","(6,9]","Summer","60",659
"Blackhawk","(6,9]","Summer","90",365
"Blackhawk","(6,9]","Summer","120",129
"Blackhawk","(6,9]","Summer","150",76
"Blackhawk","(6,9]","Summer","180",121
"Blackhawk","(6,9]","Summer","210",1728
"Blackhawk","(6,9]","Summer","240",1732
"Blackhawk","(6,9]","Summer","270",296
"Blackhawk","(6,9]","Summer","300",185
"Blackhawk","(6,9]","Summer","330",98
"Blackhawk","(6,9]","Winter","0",146
"Blackhawk","(6,9]","Winter","30",163
"Blackhawk","(6,9]","Winter","60",392
"Blackhawk","(6,9]","Winter","90",175
"Blackhawk","(6,9]","Winter","120",116
"Blackhawk","(6,9]","Winter","150",41
"Blackhawk","(6,9]","Winter","180",101
"Blackhawk","(6,9]","Winter","210",1926
"Blackhawk","(6,9]","Winter","240",2064
"Blackhawk","(6,9]","Winter","270",241
"Blackhawk","(6,9]","Winter","300",168
"Blackhawk","(6,9]","Winter","330",135
"Blackhawk","(3,6]","Summer","0",313
"Blackhawk","(3,6]","Summer","30",384
"Blackhawk","(3,6]","Summer","60",830
"Blackhawk","(3,6]","Summer","90",587
"Blackhawk","(3,6]","Summer","120",160
"Blackhawk","(3,6]","Summer","150",117
"Blackhawk","(3,6]","Summer","180",215
"Blackhawk","(3,6]","Summer","210",1630
"Blackhawk","(3,6]","Summer","240",1817
"Blackhawk","(3,6]","Summer","270",589
"Blackhawk","(3,6]","Summer","300",307
"Blackhawk","(3,6]","Summer","330",289
"Blackhawk","(3,6]","Winter","0",472
"Blackhawk","(3,6]","Winter","30",471
"Blackhawk","(3,6]","Winter","60",595
"Blackhawk","(3,6]","Winter","90",299
"Blackhawk","(3,6]","Winter","120",107
"Blackhawk","(3,6]","Winter","150",83
"Blackhawk","(3,6]","Winter","180",281
"Blackhawk","(3,6]","Winter","210",2003
"Blackhawk","(3,6]","Winter","240",2424
"Blackhawk","(3,6]","Winter","270",569
"Blackhawk","(3,6]","Winter","300",377
"Blackhawk","(3,6]","Winter","330",390
"Blackhawk","(-Inf,3]","Summer","0",1161
"Blackhawk","(-Inf,3]","Summer","30",1677
"Blackhawk","(-Inf,3]","Summer","60",2676
"Blackhawk","(-Inf,3]","Summer","90",1409
"Blackhawk","(-Inf,3]","Summer","120",696
"Blackhawk","(-Inf,3]","Summer","150",688
"Blackhawk","(-Inf,3]","Summer","180",1181
"Blackhawk","(-Inf,3]","Summer","210",4889
"Blackhawk","(-Inf,3]","Summer","240",6093
"Blackhawk","(-Inf,3]","Summer","270",2317
"Blackhawk","(-Inf,3]","Summer","300",1067
"Blackhawk","(-Inf,3]","Summer","330",885
"Blackhawk","(-Inf,3]","Winter","0",3183
"Blackhawk","(-Inf,3]","Winter","30",3043
"Blackhawk","(-Inf,3]","Winter","60",4371
"Blackhawk","(-Inf,3]","Winter","90",2082
"Blackhawk","(-Inf,3]","Winter","120",760
"Blackhawk","(-Inf,3]","Winter","150",1096
"Blackhawk","(-Inf,3]","Winter","180",1869
"Blackhawk","(-Inf,3]","Winter","210",6208
"Blackhawk","(-Inf,3]","Winter","240",7425
"Blackhawk","(-Inf,3]","Winter","270",4393
"Blackhawk","(-Inf,3]","Winter","300",2400
"Blackhawk","(-Inf,3]","Winter","330",1990
"Boulder Creek","(9, Inf]","Summer","60",1
"Boulder Creek","(9, Inf]","Summer","150",1
"Boulder Creek","(9, Inf]","Winter","0",3
"Boulder Creek","(9, Inf]","Winter","30",8
"Boulder Creek","(9, Inf]","Winter","60",16
"Boulder Creek","(9, Inf]","Winter","90",7
"Boulder Creek","(9, Inf]","Winter","120",1
"Boulder Creek","(9, Inf]","Winter","150",2
"Boulder Creek","(6,9]","Summer","0",42
"Boulder Creek","(6,9]","Summer","30",55
"Boulder Creek","(6,9]","Summer","60",48
"Boulder Creek","(6,9]","Summer","90",33
"Boulder Creek","(6,9]","Summer","120",33
"Boulder Creek","(6,9]","Summer","150",17
"Boulder Creek","(6,9]","Summer","180",2
"Boulder Creek","(6,9]","Summer","210",1
"Boulder Creek","(6,9]","Summer","240",5
"Boulder Creek","(6,9]","Summer","270",97
"Boulder Creek","(6,9]","Summer","300",40
"Boulder Creek","(6,9]","Summer","330",9
"Boulder Creek","(6,9]","Winter","0",19
"Boulder Creek","(6,9]","Winter","30",162
"Boulder Creek","(6,9]","Winter","60",259
"Boulder Creek","(6,9]","Winter","90",118
"Boulder Creek","(6,9]","Winter","120",51
"Boulder Creek","(6,9]","Winter","150",67
"Boulder Creek","(6,9]","Winter","180",28
"Boulder Creek","(6,9]","Winter","210",2
"Boulder Creek","(6,9]","Winter","240",4
"Boulder Creek","(6,9]","Winter","270",8
"Boulder Creek","(6,9]","Winter","300",4
"Boulder Creek","(6,9]","Winter","330",1
"Boulder Creek","(3,6]","Summer","0",281
"Boulder Creek","(3,6]","Summer","30",445
"Boulder Creek","(3,6]","Summer","60",347
"Boulder Creek","(3,6]","Summer","90",226
"Boulder Creek","(3,6]","Summer","120",160
"Boulder Creek","(3,6]","Summer","150",96
"Boulder Creek","(3,6]","Summer","180",116
"Boulder Creek","(3,6]","Summer","210",269
"Boulder Creek","(3,6]","Summer","240",734
"Boulder Creek","(3,6]","Summer","270",1184
"Boulder Creek","(3,6]","Summer","300",557
"Boulder Creek","(3,6]","Summer","330",289
"Boulder Creek","(3,6]","Winter","0",162
"Boulder Creek","(3,6]","Winter","30",834
"Boulder Creek","(3,6]","Winter","60",1126
"Boulder Creek","(3,6]","Winter","90",684
"Boulder Creek","(3,6]","Winter","120",381
"Boulder Creek","(3,6]","Winter","150",284
"Boulder Creek","(3,6]","Winter","180",138
"Boulder Creek","(3,6]","Winter","210",103
"Boulder Creek","(3,6]","Winter","240",134
"Boulder Creek","(3,6]","Winter","270",165
"Boulder Creek","(3,6]","Winter","300",58
"Boulder Creek","(3,6]","Winter","330",30
"Boulder Creek","(-Inf,3]","Summer","0",2321
"Boulder Creek","(-Inf,3]","Summer","30",4183
"Boulder Creek","(-Inf,3]","Summer","60",4561
"Boulder Creek","(-Inf,3]","Summer","90",3835
"Boulder Creek","(-Inf,3]","Summer","120",4742
"Boulder Creek","(-Inf,3]","Summer","150",3672
"Boulder Creek","(-Inf,3]","Summer","180",3312
"Boulder Creek","(-Inf,3]","Summer","210",3218
"Boulder Creek","(-Inf,3]","Summer","240",3147
"Boulder Creek","(-Inf,3]","Summer","270",3517
"Boulder Creek","(-Inf,3]","Summer","300",3261
"Boulder Creek","(-Inf,3]","Summer","330",2710
"Boulder Creek","(-Inf,3]","Winter","0",2217
"Boulder Creek","(-Inf,3]","Winter","30",6308
"Boulder Creek","(-Inf,3]","Winter","60",9872
"Boulder Creek","(-Inf,3]","Winter","90",8712
"Boulder Creek","(-Inf,3]","Winter","120",10812
"Boulder Creek","(-Inf,3]","Winter","150",9181
"Boulder Creek","(-Inf,3]","Winter","180",4183
"Boulder Creek","(-Inf,3]","Winter","210",2613
"Boulder Creek","(-Inf,3]","Winter","240",2153
"Boulder Creek","(-Inf,3]","Winter","270",1901
"Boulder Creek","(-Inf,3]","Winter","300",1646
"Boulder Creek","(-Inf,3]","Winter","330",1388
"Bowron Pit","(9, Inf]","Summer","0",17
"Bowron Pit","(9, Inf]","Summer","30",33
"Bowron Pit","(9, Inf]","Summer","60",9
"Bowron Pit","(9, Inf]","Summer","90",3
"Bowron Pit","(9, Inf]","Summer","120",11
"Bowron Pit","(9, Inf]","Summer","150",16
"Bowron Pit","(9, Inf]","Summer","180",1
"Bowron Pit","(9, Inf]","Winter","0",70
"Bowron Pit","(9, Inf]","Winter","30",65
"Bowron Pit","(9, Inf]","Winter","60",17
"Bowron Pit","(9, Inf]","Winter","120",110
"Bowron Pit","(9, Inf]","Winter","150",371
"Bowron Pit","(9, Inf]","Winter","180",68
"Bowron Pit","(9, Inf]","Winter","210",7
"Bowron Pit","(9, Inf]","Winter","300",1
"Bowron Pit","(9, Inf]","Winter","330",4
"Bowron Pit","(6,9]","Summer","0",27
"Bowron Pit","(6,9]","Summer","30",41
"Bowron Pit","(6,9]","Summer","60",11
"Bowron Pit","(6,9]","Summer","90",2
"Bowron Pit","(6,9]","Summer","120",17
"Bowron Pit","(6,9]","Summer","150",40
"Bowron Pit","(6,9]","Summer","180",7
"Bowron Pit","(6,9]","Summer","330",3
"Bowron Pit","(6,9]","Winter","0",89
"Bowron Pit","(6,9]","Winter","30",36
"Bowron Pit","(6,9]","Winter","60",28
"Bowron Pit","(6,9]","Winter","90",4
"Bowron Pit","(6,9]","Winter","120",95
"Bowron Pit","(6,9]","Winter","150",348
"Bowron Pit","(6,9]","Winter","180",78
"Bowron Pit","(6,9]","Winter","210",1
"Bowron Pit","(6,9]","Winter","300",3
"Bowron Pit","(6,9]","Winter","330",15
"Bowron Pit","(3,6]","Summer","0",250
"Bowron Pit","(3,6]","Summer","30",171
"Bowron Pit","(3,6]","Summer","60",101
"Bowron Pit","(3,6]","Summer","90",73
"Bowron Pit","(3,6]","Summer","120",272
"Bowron Pit","(3,6]","Summer","150",372
"Bowron Pit","(3,6]","Summer","180",97
"Bowron Pit","(3,6]","Summer","210",22
"Bowron Pit","(3,6]","Summer","240",6
"Bowron Pit","(3,6]","Summer","270",3
"Bowron Pit","(3,6]","Summer","300",12
"Bowron Pit","(3,6]","Summer","330",75
"Bowron Pit","(3,6]","Winter","0",385
"Bowron Pit","(3,6]","Winter","30",101
"Bowron Pit","(3,6]","Winter","60",96
"Bowron Pit","(3,6]","Winter","90",70
"Bowron Pit","(3,6]","Winter","120",514
"Bowron Pit","(3,6]","Winter","150",1264
"Bowron Pit","(3,6]","Winter","180",435
"Bowron Pit","(3,6]","Winter","210",54
"Bowron Pit","(3,6]","Winter","240",32
"Bowron Pit","(3,6]","Winter","270",16
"Bowron Pit","(3,6]","Winter","300",44
"Bowron Pit","(3,6]","Winter","330",285
"Bowron Pit","(-Inf,3]","Summer","0",3093
"Bowron Pit","(-Inf,3]","Summer","30",1679
"Bowron Pit","(-Inf,3]","Summer","60",997
"Bowron Pit","(-Inf,3]","Summer","90",1471
"Bowron Pit","(-Inf,3]","Summer","120",3263
"Bowron Pit","(-Inf,3]","Summer","150",3918
"Bowron Pit","(-Inf,3]","Summer","180",1844
"Bowron Pit","(-Inf,3]","Summer","210",947
"Bowron Pit","(-Inf,3]","Summer","240",709
"Bowron Pit","(-Inf,3]","Summer","270",660
"Bowron Pit","(-Inf,3]","Summer","300",915
"Bowron Pit","(-Inf,3]","Summer","330",1500
"Bowron Pit","(-Inf,3]","Winter","0",2706
"Bowron Pit","(-Inf,3]","Winter","30",1230
"Bowron Pit","(-Inf,3]","Winter","60",1039
"Bowron Pit","(-Inf,3]","Winter","90",1475
"Bowron Pit","(-Inf,3]","Winter","120",3254
"Bowron Pit","(-Inf,3]","Winter","150",5400
"Bowron Pit","(-Inf,3]","Winter","180",3277
"Bowron Pit","(-Inf,3]","Winter","210",1523
"Bowron Pit","(-Inf,3]","Winter","240",908
"Bowron Pit","(-Inf,3]","Winter","270",1146
"Bowron Pit","(-Inf,3]","Winter","300",2511
"Bowron Pit","(-Inf,3]","Winter","330",3703
"Bulkley","(6,9]","Summer","0",9
"Bulkley","(6,9]","Summer","60",1
"Bulkley","(6,9]","Summer","120",3
"Bulkley","(6,9]","Summer","150",2
"Bulkley","(6,9]","Summer","270",2
"Bulkley","(6,9]","Summer","300",3
"Bulkley","(6,9]","Summer","330",37
"Bulkley","(6,9]","Winter","0",32
"Bulkley","(6,9]","Winter","30",3
"Bulkley","(6,9]","Winter","120",44
"Bulkley","(6,9]","Winter","150",889
"Bulkley","(6,9]","Winter","180",37
"Bulkley","(6,9]","Winter","210",2
"Bulkley","(6,9]","Winter","240",7
"Bulkley","(6,9]","Winter","270",8
"Bulkley","(6,9]","Winter","300",12
"Bulkley","(6,9]","Winter","330",138
"Bulkley","(3,6]","Summer","0",382
"Bulkley","(3,6]","Summer","30",105
"Bulkley","(3,6]","Summer","60",45
"Bulkley","(3,6]","Summer","90",186
"Bulkley","(3,6]","Summer","120",504
"Bulkley","(3,6]","Summer","150",483
"Bulkley","(3,6]","Summer","180",61
"Bulkley","(3,6]","Summer","210",166
"Bulkley","(3,6]","Summer","240",222
"Bulkley","(3,6]","Summer","270",288
"Bulkley","(3,6]","Summer","300",534
"Bulkley","(3,6]","Summer","330",911
"Bulkley","(3,6]","Winter","0",235
"Bulkley","(3,6]","Winter","30",45
"Bulkley","(3,6]","Winter","60",34
"Bulkley","(3,6]","Winter","90",167
"Bulkley","(3,6]","Winter","120",2321
"Bulkley","(3,6]","Winter","150",5991
"Bulkley","(3,6]","Winter","180",462
"Bulkley","(3,6]","Winter","210",183
"Bulkley","(3,6]","Winter","240",250
"Bulkley","(3,6]","Winter","270",243
"Bulkley","(3,6]","Winter","300",983
"Bulkley","(3,6]","Winter","330",1448
"Bulkley","(-Inf,3]","Summer","0",4558
"Bulkley","(-Inf,3]","Summer","30",3515
"Bulkley","(-Inf,3]","Summer","60",5142
"Bulkley","(-Inf,3]","Summer","90",5300
"Bulkley","(-Inf,3]","Summer","120",6797
"Bulkley","(-Inf,3]","Summer","150",4170
"Bulkley","(-Inf,3]","Summer","180",3199
"Bulkley","(-Inf,3]","Summer","210",3692
"Bulkley","(-Inf,3]","Summer","240",3857
"Bulkley","(-Inf,3]","Summer","270",6419
"Bulkley","(-Inf,3]","Summer","300",8723
"Bulkley","(-Inf,3]","Summer","330",7441
"Bulkley","(-Inf,3]","Winter","0",4914
"Bulkley","(-Inf,3]","Winter","30",2729
"Bulkley","(-Inf,3]","Winter","60",3470
"Bulkley","(-Inf,3]","Winter","90",4409
"Bulkley","(-Inf,3]","Winter","120",8900
"Bulkley","(-Inf,3]","Winter","150",8939
"Bulkley","(-Inf,3]","Winter","180",4004
"Bulkley","(-Inf,3]","Winter","210",3555
"Bulkley","(-Inf,3]","Winter","240",3432
"Bulkley","(-Inf,3]","Winter","270",5421
"Bulkley","(-Inf,3]","Winter","300",11695
"Bulkley","(-Inf,3]","Winter","330",12296
"Canoe","(9, Inf]","Summer","0",2169
"Canoe","(9, Inf]","Summer","30",2316
"Canoe","(9, Inf]","Summer","60",1046
"Canoe","(9, Inf]","Summer","90",510
"Canoe","(9, Inf]","Summer","120",1291
"Canoe","(9, Inf]","Summer","150",9852
"Canoe","(9, Inf]","Summer","180",8120
"Canoe","(9, Inf]","Summer","210",2400
"Canoe","(9, Inf]","Summer","240",1162
"Canoe","(9, Inf]","Summer","270",399
"Canoe","(9, Inf]","Summer","300",219
"Canoe","(9, Inf]","Summer","330",444
"Canoe","(9, Inf]","Winter","0",1897
"Canoe","(9, Inf]","Winter","30",1918
"Canoe","(9, Inf]","Winter","60",1312
"Canoe","(9, Inf]","Winter","90",510
"Canoe","(9, Inf]","Winter","120",1533
"Canoe","(9, Inf]","Winter","150",17142
"Canoe","(9, Inf]","Winter","180",9196
"Canoe","(9, Inf]","Winter","210",1265
"Canoe","(9, Inf]","Winter","240",409
"Canoe","(9, Inf]","Winter","270",121
"Canoe","(9, Inf]","Winter","300",61
"Canoe","(9, Inf]","Winter","330",277
"Canoe","(6,9]","Summer","0",410
"Canoe","(6,9]","Summer","30",442
"Canoe","(6,9]","Summer","60",226
"Canoe","(6,9]","Summer","90",184
"Canoe","(6,9]","Summer","120",386
"Canoe","(6,9]","Summer","150",455
"Canoe","(6,9]","Summer","180",293
"Canoe","(6,9]","Summer","210",244
"Canoe","(6,9]","Summer","240",206
"Canoe","(6,9]","Summer","270",166
"Canoe","(6,9]","Summer","300",160
"Canoe","(6,9]","Summer","330",221
"Canoe","(6,9]","Winter","0",272
"Canoe","(6,9]","Winter","30",330
"Canoe","(6,9]","Winter","60",149
"Canoe","(6,9]","Winter","90",162
"Canoe","(6,9]","Winter","120",299
"Canoe","(6,9]","Winter","150",459
"Canoe","(6,9]","Winter","180",235
"Canoe","(6,9]","Winter","210",96
"Canoe","(6,9]","Winter","240",68
"Canoe","(6,9]","Winter","270",43
"Canoe","(6,9]","Winter","300",38
"Canoe","(6,9]","Winter","330",95
"Canoe","(3,6]","Summer","0",250
"Canoe","(3,6]","Summer","30",250
"Canoe","(3,6]","Summer","60",187
"Canoe","(3,6]","Summer","90",274
"Canoe","(3,6]","Summer","120",380
"Canoe","(3,6]","Summer","150",237
"Canoe","(3,6]","Summer","180",141
"Canoe","(3,6]","Summer","210",128
"Canoe","(3,6]","Summer","240",151
"Canoe","(3,6]","Summer","270",119
"Canoe","(3,6]","Summer","300",133
"Canoe","(3,6]","Summer","330",161
"Canoe","(3,6]","Winter","0",214
"Canoe","(3,6]","Winter","30",264
"Canoe","(3,6]","Winter","60",209
"Canoe","(3,6]","Winter","90",259
"Canoe","(3,6]","Winter","120",328
"Canoe","(3,6]","Winter","150",360
"Canoe","(3,6]","Winter","180",184
"Canoe","(3,6]","Winter","210",87
"Canoe","(3,6]","Winter","240",54
"Canoe","(3,6]","Winter","270",38
"Canoe","(3,6]","Winter","300",49
"Canoe","(3,6]","Winter","330",84
"Canoe","(-Inf,3]","Summer","0",276
"Canoe","(-Inf,3]","Summer","30",205
"Canoe","(-Inf,3]","Summer","60",144
"Canoe","(-Inf,3]","Summer","90",169
"Canoe","(-Inf,3]","Summer","120",205
"Canoe","(-Inf,3]","Summer","150",228
"Canoe","(-Inf,3]","Summer","180",130
"Canoe","(-Inf,3]","Summer","210",70
"Canoe","(-Inf,3]","Summer","240",77
"Canoe","(-Inf,3]","Summer","270",68
"Canoe","(-Inf,3]","Summer","300",77
"Canoe","(-Inf,3]","Summer","330",123
"Canoe","(-Inf,3]","Winter","0",759
"Canoe","(-Inf,3]","Winter","30",602
"Canoe","(-Inf,3]","Winter","60",728
"Canoe","(-Inf,3]","Winter","90",671
"Canoe","(-Inf,3]","Winter","120",746
"Canoe","(-Inf,3]","Winter","150",4779
"Canoe","(-Inf,3]","Winter","180",2154
"Canoe","(-Inf,3]","Winter","210",273
"Canoe","(-Inf,3]","Winter","240",125
"Canoe","(-Inf,3]","Winter","270",236
"Canoe","(-Inf,3]","Winter","300",75
"Canoe","(-Inf,3]","Winter","330",219
"Caribou Pass","(9, Inf]","Summer","0",47
"Caribou Pass","(9, Inf]","Summer","30",71
"Caribou Pass","(9, Inf]","Summer","60",320
"Caribou Pass","(9, Inf]","Summer","90",528
"Caribou Pass","(9, Inf]","Summer","120",551
"Caribou Pass","(9, Inf]","Summer","150",876
"Caribou Pass","(9, Inf]","Summer","180",659
"Caribou Pass","(9, Inf]","Summer","210",991
"Caribou Pass","(9, Inf]","Summer","240",1319
"Caribou Pass","(9, Inf]","Summer","270",952
"Caribou Pass","(9, Inf]","Summer","300",854
"Caribou Pass","(9, Inf]","Summer","330",309
"Caribou Pass","(9, Inf]","Winter","0",85
"Caribou Pass","(9, Inf]","Winter","30",171
"Caribou Pass","(9, Inf]","Winter","60",974
"Caribou Pass","(9, Inf]","Winter","90",1409
"Caribou Pass","(9, Inf]","Winter","120",791
"Caribou Pass","(9, Inf]","Winter","150",1088
"Caribou Pass","(9, Inf]","Winter","180",878
"Caribou Pass","(9, Inf]","Winter","210",1095
"Caribou Pass","(9, Inf]","Winter","240",1303
"Caribou Pass","(9, Inf]","Winter","270",413
"Caribou Pass","(9, Inf]","Winter","300",501
"Caribou Pass","(9, Inf]","Winter","330",143
"Caribou Pass","(6,9]","Summer","0",13
"Caribou Pass","(6,9]","Summer","30",48
"Caribou Pass","(6,9]","Summer","60",58
"Caribou Pass","(6,9]","Summer","90",59
"Caribou Pass","(6,9]","Summer","120",53
"Caribou Pass","(6,9]","Summer","150",43
"Caribou Pass","(6,9]","Summer","180",37
"Caribou Pass","(6,9]","Summer","210",57
"Caribou Pass","(6,9]","Summer","240",75
"Caribou Pass","(6,9]","Summer","270",58
"Caribou Pass","(6,9]","Summer","300",84
"Caribou Pass","(6,9]","Summer","330",64
"Caribou Pass","(6,9]","Winter","0",24
"Caribou Pass","(6,9]","Winter","30",81
"Caribou Pass","(6,9]","Winter","60",137
"Caribou Pass","(6,9]","Winter","90",93
"Caribou Pass","(6,9]","Winter","120",68
"Caribou Pass","(6,9]","Winter","150",73
"Caribou Pass","(6,9]","Winter","180",47
"Caribou Pass","(6,9]","Winter","210",83
"Caribou Pass","(6,9]","Winter","240",90
"Caribou Pass","(6,9]","Winter","270",41
"Caribou Pass","(6,9]","Winter","300",34
"Caribou Pass","(6,9]","Winter","330",24
"Caribou Pass","(3,6]","Summer","0",16
"Caribou Pass","(3,6]","Summer","30",42
"Caribou Pass","(3,6]","Summer","60",31
"Caribou Pass","(3,6]","Summer","90",36
"Caribou Pass","(3,6]","Summer","120",24
"Caribou Pass","(3,6]","Summer","150",26
"Caribou Pass","(3,6]","Summer","180",28
"Caribou Pass","(3,6]","Summer","210",52
"Caribou Pass","(3,6]","Summer","240",50
"Caribou Pass","(3,6]","Summer","270",26
"Caribou Pass","(3,6]","Summer","300",39
"Caribou Pass","(3,6]","Summer","330",33
"Caribou Pass","(3,6]","Winter","0",21
"Caribou Pass","(3,6]","Winter","30",70
"Caribou Pass","(3,6]","Winter","60",151
"Caribou Pass","(3,6]","Winter","90",55
"Caribou Pass","(3,6]","Winter","120",48
"Caribou Pass","(3,6]","Winter","150",63
"Caribou Pass","(3,6]","Winter","180",55
"Caribou Pass","(3,6]","Winter","210",122
"Caribou Pass","(3,6]","Winter","240",75
"Caribou Pass","(3,6]","Winter","270",49
"Caribou Pass","(3,6]","Winter","300",47
"Caribou Pass","(3,6]","Winter","330",36
"Caribou Pass","(-Inf,3]","Summer","0",15
"Caribou Pass","(-Inf,3]","Summer","30",24
"Caribou Pass","(-Inf,3]","Summer","60",18
"Caribou Pass","(-Inf,3]","Summer","90",25
"Caribou Pass","(-Inf,3]","Summer","120",10
"Caribou Pass","(-Inf,3]","Summer","150",10
"Caribou Pass","(-Inf,3]","Summer","180",17
"Caribou Pass","(-Inf,3]","Summer","210",11
"Caribou Pass","(-Inf,3]","Summer","240",8
"Caribou Pass","(-Inf,3]","Summer","270",22
"Caribou Pass","(-Inf,3]","Summer","300",19
"Caribou Pass","(-Inf,3]","Summer","330",16
"Caribou Pass","(-Inf,3]","Winter","0",107
"Caribou Pass","(-Inf,3]","Winter","30",76
"Caribou Pass","(-Inf,3]","Winter","60",353
"Caribou Pass","(-Inf,3]","Winter","90",214
"Caribou Pass","(-Inf,3]","Winter","120",189
"Caribou Pass","(-Inf,3]","Winter","150",260
"Caribou Pass","(-Inf,3]","Winter","180",110
"Caribou Pass","(-Inf,3]","Winter","210",56
"Caribou Pass","(-Inf,3]","Winter","240",57
"Caribou Pass","(-Inf,3]","Winter","270",30
"Caribou Pass","(-Inf,3]","Winter","300",74
"Caribou Pass","(-Inf,3]","Winter","330",67
"Central Plateau Finlay","(9, Inf]","Summer","0",2227
"Central Plateau Finlay","(9, Inf]","Winter","0",1982
"Central Plateau Finlay","(9, Inf]","Winter","150",1
"Central Plateau Finlay","(6,9]","Summer","0",52
"Central Plateau Finlay","(6,9]","Summer","120",6
"Central Plateau Finlay","(6,9]","Summer","150",3
"Central Plateau Finlay","(6,9]","Summer","270",1
"Central Plateau Finlay","(6,9]","Summer","300",1
"Central Plateau Finlay","(6,9]","Winter","0",89
"Central Plateau Finlay","(6,9]","Winter","120",402
"Central Plateau Finlay","(6,9]","Winter","150",543
"Central Plateau Finlay","(6,9]","Winter","270",4
"Central Plateau Finlay","(6,9]","Winter","330",1
"Central Plateau Finlay","(3,6]","Summer","0",59
"Central Plateau Finlay","(3,6]","Summer","30",1
"Central Plateau Finlay","(3,6]","Summer","90",112
"Central Plateau Finlay","(3,6]","Summer","120",841
"Central Plateau Finlay","(3,6]","Summer","150",341
"Central Plateau Finlay","(3,6]","Summer","180",60
"Central Plateau Finlay","(3,6]","Summer","210",65
"Central Plateau Finlay","(3,6]","Summer","240",89
"Central Plateau Finlay","(3,6]","Summer","270",316
"Central Plateau Finlay","(3,6]","Summer","300",182
"Central Plateau Finlay","(3,6]","Summer","330",108
"Central Plateau Finlay","(3,6]","Winter","0",59
"Central Plateau Finlay","(3,6]","Winter","30",3
"Central Plateau Finlay","(3,6]","Winter","60",4
"Central Plateau Finlay","(3,6]","Winter","90",211
"Central Plateau Finlay","(3,6]","Winter","120",5959
"Central Plateau Finlay","(3,6]","Winter","150",2802
"Central Plateau Finlay","(3,6]","Winter","180",93
"Central Plateau Finlay","(3,6]","Winter","210",83
"Central Plateau Finlay","(3,6]","Winter","240",96
"Central Plateau Finlay","(3,6]","Winter","270",311
"Central Plateau Finlay","(3,6]","Winter","300",306
"Central Plateau Finlay","(3,6]","Winter","330",230
"Central Plateau Finlay","(-Inf,3]","Summer","0",3612
"Central Plateau Finlay","(-Inf,3]","Summer","30",3251
"Central Plateau Finlay","(-Inf,3]","Summer","60",3360
"Central Plateau Finlay","(-Inf,3]","Summer","90",6424
"Central Plateau Finlay","(-Inf,3]","Summer","120",7787
"Central Plateau Finlay","(-Inf,3]","Summer","150",4255
"Central Plateau Finlay","(-Inf,3]","Summer","180",5170
"Central Plateau Finlay","(-Inf,3]","Summer","210",9143
"Central Plateau Finlay","(-Inf,3]","Summer","240",8630
"Central Plateau Finlay","(-Inf,3]","Summer","270",5449
"Central Plateau Finlay","(-Inf,3]","Summer","300",2981
"Central Plateau Finlay","(-Inf,3]","Summer","330",2144
"Central Plateau Finlay","(-Inf,3]","Winter","0",5528
"Central Plateau Finlay","(-Inf,3]","Winter","30",1940
"Central Plateau Finlay","(-Inf,3]","Winter","60",2445
"Central Plateau Finlay","(-Inf,3]","Winter","90",7654
"Central Plateau Finlay","(-Inf,3]","Winter","120",14140
"Central Plateau Finlay","(-Inf,3]","Winter","150",5754
"Central Plateau Finlay","(-Inf,3]","Winter","180",4866
"Central Plateau Finlay","(-Inf,3]","Winter","210",6238
"Central Plateau Finlay","(-Inf,3]","Winter","240",7512
"Central Plateau Finlay","(-Inf,3]","Winter","270",10379
"Central Plateau Finlay","(-Inf,3]","Winter","300",6840
"Central Plateau Finlay","(-Inf,3]","Winter","330",3413
"Chapman","(9, Inf]","Summer","240",2
"Chapman","(9, Inf]","Summer","270",7
"Chapman","(9, Inf]","Summer","300",3
"Chapman","(9, Inf]","Summer","330",1
"Chapman","(9, Inf]","Winter","240",10
"Chapman","(9, Inf]","Winter","270",1
"Chapman","(6,9]","Summer","60",1
"Chapman","(6,9]","Summer","240",3
"Chapman","(6,9]","Summer","270",25
"Chapman","(6,9]","Summer","300",59
"Chapman","(6,9]","Summer","330",2
"Chapman","(6,9]","Winter","30",3
"Chapman","(6,9]","Winter","60",10
"Chapman","(6,9]","Winter","90",2
"Chapman","(6,9]","Winter","210",1
"Chapman","(6,9]","Winter","240",9
"Chapman","(6,9]","Winter","270",12
"Chapman","(6,9]","Winter","300",8
"Chapman","(3,6]","Summer","0",21
"Chapman","(3,6]","Summer","30",23
"Chapman","(3,6]","Summer","60",52
"Chapman","(3,6]","Summer","90",23
"Chapman","(3,6]","Summer","120",8
"Chapman","(3,6]","Summer","150",4
"Chapman","(3,6]","Summer","180",17
"Chapman","(3,6]","Summer","210",78
"Chapman","(3,6]","Summer","240",236
"Chapman","(3,6]","Summer","270",481
"Chapman","(3,6]","Summer","300",474
"Chapman","(3,6]","Summer","330",51
"Chapman","(3,6]","Winter","0",17
"Chapman","(3,6]","Winter","30",32
"Chapman","(3,6]","Winter","60",68
"Chapman","(3,6]","Winter","90",33
"Chapman","(3,6]","Winter","120",11
"Chapman","(3,6]","Winter","150",5
"Chapman","(3,6]","Winter","180",14
"Chapman","(3,6]","Winter","210",53
"Chapman","(3,6]","Winter","240",135
"Chapman","(3,6]","Winter","270",150
"Chapman","(3,6]","Winter","300",101
"Chapman","(3,6]","Winter","330",20
"Chapman","(-Inf,3]","Summer","0",682
"Chapman","(-Inf,3]","Summer","30",945
"Chapman","(-Inf,3]","Summer","60",1514
"Chapman","(-Inf,3]","Summer","90",776
"Chapman","(-Inf,3]","Summer","120",541
"Chapman","(-Inf,3]","Summer","150",458
"Chapman","(-Inf,3]","Summer","180",600
"Chapman","(-Inf,3]","Summer","210",1024
"Chapman","(-Inf,3]","Summer","240",1911
"Chapman","(-Inf,3]","Summer","270",3527
"Chapman","(-Inf,3]","Summer","300",2069
"Chapman","(-Inf,3]","Summer","330",916
"Chapman","(-Inf,3]","Winter","0",1261
"Chapman","(-Inf,3]","Winter","30",1624
"Chapman","(-Inf,3]","Winter","60",2701
"Chapman","(-Inf,3]","Winter","90",1980
"Chapman","(-Inf,3]","Winter","120",821
"Chapman","(-Inf,3]","Winter","150",634
"Chapman","(-Inf,3]","Winter","180",771
"Chapman","(-Inf,3]","Winter","210",1034
"Chapman","(-Inf,3]","Winter","240",1927
"Chapman","(-Inf,3]","Winter","270",3495
"Chapman","(-Inf,3]","Winter","300",2063
"Chapman","(-Inf,3]","Winter","330",1370
"Chief Lake","(9, Inf]","Winter","0",21
"Chief Lake","(9, Inf]","Winter","330",2
"Chief Lake","(6,9]","Summer","240",1
"Chief Lake","(6,9]","Summer","330",1
"Chief Lake","(6,9]","Winter","0",97
"Chief Lake","(6,9]","Winter","210",1
"Chief Lake","(6,9]","Winter","330",21
"Chief Lake","(3,6]","Summer","0",82
"Chief Lake","(3,6]","Summer","30",3
"Chief Lake","(3,6]","Summer","60",7
"Chief Lake","(3,6]","Summer","90",7
"Chief Lake","(3,6]","Summer","120",3
"Chief Lake","(3,6]","Summer","150",5
"Chief Lake","(3,6]","Summer","180",4
"Chief Lake","(3,6]","Summer","210",38
"Chief Lake","(3,6]","Summer","240",5
"Chief Lake","(3,6]","Summer","270",3
"Chief Lake","(3,6]","Summer","300",6
"Chief Lake","(3,6]","Summer","330",61
"Chief Lake","(3,6]","Winter","0",427
"Chief Lake","(3,6]","Winter","120",21
"Chief Lake","(3,6]","Winter","150",29
"Chief Lake","(3,6]","Winter","180",6
"Chief Lake","(3,6]","Winter","210",50
"Chief Lake","(3,6]","Winter","240",13
"Chief Lake","(3,6]","Winter","270",11
"Chief Lake","(3,6]","Winter","300",3
"Chief Lake","(3,6]","Winter","330",409
"Chief Lake","(-Inf,3]","Summer","0",1320
"Chief Lake","(-Inf,3]","Summer","30",1206
"Chief Lake","(-Inf,3]","Summer","60",1635
"Chief Lake","(-Inf,3]","Summer","90",2849
"Chief Lake","(-Inf,3]","Summer","120",1480
"Chief Lake","(-Inf,3]","Summer","150",1429
"Chief Lake","(-Inf,3]","Summer","180",2177
"Chief Lake","(-Inf,3]","Summer","210",3650
"Chief Lake","(-Inf,3]","Summer","240",2407
"Chief Lake","(-Inf,3]","Summer","270",1464
"Chief Lake","(-Inf,3]","Summer","300",1103
"Chief Lake","(-Inf,3]","Summer","330",2814
"Chief Lake","(-Inf,3]","Winter","0",1872
"Chief Lake","(-Inf,3]","Winter","30",1364
"Chief Lake","(-Inf,3]","Winter","60",3301
"Chief Lake","(-Inf,3]","Winter","90",5602
"Chief Lake","(-Inf,3]","Winter","120",2609
"Chief Lake","(-Inf,3]","Winter","150",1603
"Chief Lake","(-Inf,3]","Winter","180",2009
"Chief Lake","(-Inf,3]","Winter","210",3301
"Chief Lake","(-Inf,3]","Winter","240",1879
"Chief Lake","(-Inf,3]","Winter","270",1186
"Chief Lake","(-Inf,3]","Winter","300",913
"Chief Lake","(-Inf,3]","Winter","330",3826
"Coalmine","(-Inf,3]","Summer","0",925
"Coalmine","(-Inf,3]","Summer","30",713
"Coalmine","(-Inf,3]","Summer","60",922
"Coalmine","(-Inf,3]","Summer","90",1742
"Coalmine","(-Inf,3]","Summer","120",4301
"Coalmine","(-Inf,3]","Summer","150",5030
"Coalmine","(-Inf,3]","Summer","180",1754
"Coalmine","(-Inf,3]","Summer","210",914
"Coalmine","(-Inf,3]","Summer","240",1067
"Coalmine","(-Inf,3]","Summer","270",2412
"Coalmine","(-Inf,3]","Summer","300",2895
"Coalmine","(-Inf,3]","Summer","330",1794
"Coalmine","(-Inf,3]","Winter","0",471
"Coalmine","(-Inf,3]","Winter","30",460
"Coalmine","(-Inf,3]","Winter","60",898
"Coalmine","(-Inf,3]","Winter","90",1735
"Coalmine","(-Inf,3]","Winter","120",6294
"Coalmine","(-Inf,3]","Winter","150",10519
"Coalmine","(-Inf,3]","Winter","180",2593
"Coalmine","(-Inf,3]","Winter","210",1350
"Coalmine","(-Inf,3]","Winter","240",1249
"Coalmine","(-Inf,3]","Winter","270",2473
"Coalmine","(-Inf,3]","Winter","300",2341
"Coalmine","(-Inf,3]","Winter","330",1417
"Crooked Lake","(9, Inf]","Summer","0",9
"Crooked Lake","(9, Inf]","Summer","180",32
"Crooked Lake","(9, Inf]","Summer","210",217
"Crooked Lake","(9, Inf]","Summer","240",69
"Crooked Lake","(9, Inf]","Summer","270",1
"Crooked Lake","(9, Inf]","Summer","330",8
"Crooked Lake","(9, Inf]","Winter","0",15
"Crooked Lake","(9, Inf]","Winter","30",1
"Crooked Lake","(9, Inf]","Winter","180",37
"Crooked Lake","(9, Inf]","Winter","210",141
"Crooked Lake","(9, Inf]","Winter","240",51
"Crooked Lake","(9, Inf]","Winter","270",2
"Crooked Lake","(9, Inf]","Winter","330",42
"Crooked Lake","(6,9]","Summer","0",17
"Crooked Lake","(6,9]","Summer","30",3
"Crooked Lake","(6,9]","Summer","60",7
"Crooked Lake","(6,9]","Summer","90",3
"Crooked Lake","(6,9]","Summer","180",66
"Crooked Lake","(6,9]","Summer","210",209
"Crooked Lake","(6,9]","Summer","240",42
"Crooked Lake","(6,9]","Summer","270",2
"Crooked Lake","(6,9]","Summer","330",18
"Crooked Lake","(6,9]","Winter","0",24
"Crooked Lake","(6,9]","Winter","30",8
"Crooked Lake","(6,9]","Winter","180",35
"Crooked Lake","(6,9]","Winter","210",91
"Crooked Lake","(6,9]","Winter","240",23
"Crooked Lake","(6,9]","Winter","270",3
"Crooked Lake","(6,9]","Winter","330",80
"Crooked Lake","(3,6]","Summer","0",110
"Crooked Lake","(3,6]","Summer","30",42
"Crooked Lake","(3,6]","Summer","60",38
"Crooked Lake","(3,6]","Summer","90",28
"Crooked Lake","(3,6]","Summer","120",30
"Crooked Lake","(3,6]","Summer","150",128
"Crooked Lake","(3,6]","Summer","180",356
"Crooked Lake","(3,6]","Summer","210",364
"Crooked Lake","(3,6]","Summer","240",111
"Crooked Lake","(3,6]","Summer","270",20
"Crooked Lake","(3,6]","Summer","300",10
"Crooked Lake","(3,6]","Summer","330",168
"Crooked Lake","(3,6]","Winter","0",124
"Crooked Lake","(3,6]","Winter","30",19
"Crooked Lake","(3,6]","Winter","60",13
"Crooked Lake","(3,6]","Winter","90",14
"Crooked Lake","(3,6]","Winter","120",9
"Crooked Lake","(3,6]","Winter","150",81
"Crooked Lake","(3,6]","Winter","180",199
"Crooked Lake","(3,6]","Winter","210",151
"Crooked Lake","(3,6]","Winter","240",34
"Crooked Lake","(3,6]","Winter","270",9
"Crooked Lake","(3,6]","Winter","300",9
"Crooked Lake","(3,6]","Winter","330",292
"Crooked Lake","(-Inf,3]","Summer","0",375
"Crooked Lake","(-Inf,3]","Summer","30",132
"Crooked Lake","(-Inf,3]","Summer","60",101
"Crooked Lake","(-Inf,3]","Summer","90",116
"Crooked Lake","(-Inf,3]","Summer","120",267
"Crooked Lake","(-Inf,3]","Summer","150",1301
"Crooked Lake","(-Inf,3]","Summer","180",1136
"Crooked Lake","(-Inf,3]","Summer","210",634
"Crooked Lake","(-Inf,3]","Summer","240",400
"Crooked Lake","(-Inf,3]","Summer","270",176
"Crooked Lake","(-Inf,3]","Summer","300",214
"Crooked Lake","(-Inf,3]","Summer","330",493
"Crooked Lake","(-Inf,3]","Winter","0",554
"Crooked Lake","(-Inf,3]","Winter","30",99
"Crooked Lake","(-Inf,3]","Winter","60",154
"Crooked Lake","(-Inf,3]","Winter","90",74
"Crooked Lake","(-Inf,3]","Winter","120",291
"Crooked Lake","(-Inf,3]","Winter","150",1479
"Crooked Lake","(-Inf,3]","Winter","180",1017
"Crooked Lake","(-Inf,3]","Winter","210",466
"Crooked Lake","(-Inf,3]","Winter","240",306
"Crooked Lake","(-Inf,3]","Winter","270",206
"Crooked Lake","(-Inf,3]","Winter","300",280
"Crooked Lake","(-Inf,3]","Winter","330",1248
"Crystal Lake","(9, Inf]","Summer","0",47
"Crystal Lake","(9, Inf]","Summer","30",137
"Crystal Lake","(9, Inf]","Summer","60",433
"Crystal Lake","(9, Inf]","Summer","90",99
"Crystal Lake","(9, Inf]","Summer","120",113
"Crystal Lake","(9, Inf]","Summer","150",140
"Crystal Lake","(9, Inf]","Summer","180",201
"Crystal Lake","(9, Inf]","Summer","210",452
"Crystal Lake","(9, Inf]","Summer","240",959
"Crystal Lake","(9, Inf]","Summer","270",846
"Crystal Lake","(9, Inf]","Summer","300",99
"Crystal Lake","(9, Inf]","Summer","330",49
"Crystal Lake","(9, Inf]","Winter","0",178
"Crystal Lake","(9, Inf]","Winter","30",374
"Crystal Lake","(9, Inf]","Winter","60",296
"Crystal Lake","(9, Inf]","Winter","90",32
"Crystal Lake","(9, Inf]","Winter","120",189
"Crystal Lake","(9, Inf]","Winter","150",537
"Crystal Lake","(9, Inf]","Winter","180",339
"Crystal Lake","(9, Inf]","Winter","210",185
"Crystal Lake","(9, Inf]","Winter","240",570
"Crystal Lake","(9, Inf]","Winter","270",494
"Crystal Lake","(9, Inf]","Winter","300",109
"Crystal Lake","(9, Inf]","Winter","330",269
"Crystal Lake","(6,9]","Summer","0",210
"Crystal Lake","(6,9]","Summer","30",238
"Crystal Lake","(6,9]","Summer","60",215
"Crystal Lake","(6,9]","Summer","90",102
"Crystal Lake","(6,9]","Summer","120",201
"Crystal Lake","(6,9]","Summer","150",690
"Crystal Lake","(6,9]","Summer","180",1308
"Crystal Lake","(6,9]","Summer","210",1260
"Crystal Lake","(6,9]","Summer","240",926
"Crystal Lake","(6,9]","Summer","270",533
"Crystal Lake","(6,9]","Summer","300",243
"Crystal Lake","(6,9]","Summer","330",398
"Crystal Lake","(6,9]","Winter","0",509
"Crystal Lake","(6,9]","Winter","30",346
"Crystal Lake","(6,9]","Winter","60",169
"Crystal Lake","(6,9]","Winter","90",109
"Crystal Lake","(6,9]","Winter","120",204
"Crystal Lake","(6,9]","Winter","150",2002
"Crystal Lake","(6,9]","Winter","180",1495
"Crystal Lake","(6,9]","Winter","210",556
"Crystal Lake","(6,9]","Winter","240",369
"Crystal Lake","(6,9]","Winter","270",216
"Crystal Lake","(6,9]","Winter","300",381
"Crystal Lake","(6,9]","Winter","330",894
"Crystal Lake","(3,6]","Summer","0",450
"Crystal Lake","(3,6]","Summer","30",314
"Crystal Lake","(3,6]","Summer","60",155
"Crystal Lake","(3,6]","Summer","90",116
"Crystal Lake","(3,6]","Summer","120",335
"Crystal Lake","(3,6]","Summer","150",1522
"Crystal Lake","(3,6]","Summer","180",2169
"Crystal Lake","(3,6]","Summer","210",1404
"Crystal Lake","(3,6]","Summer","240",885
"Crystal Lake","(3,6]","Summer","270",556
"Crystal Lake","(3,6]","Summer","300",574
"Crystal Lake","(3,6]","Summer","330",806
"Crystal Lake","(3,6]","Winter","0",644
"Crystal Lake","(3,6]","Winter","30",340
"Crystal Lake","(3,6]","Winter","60",182
"Crystal Lake","(3,6]","Winter","90",169
"Crystal Lake","(3,6]","Winter","120",461
"Crystal Lake","(3,6]","Winter","150",3182
"Crystal Lake","(3,6]","Winter","180",2214
"Crystal Lake","(3,6]","Winter","210",841
"Crystal Lake","(3,6]","Winter","240",359
"Crystal Lake","(3,6]","Winter","270",206
"Crystal Lake","(3,6]","Winter","300",757
"Crystal Lake","(3,6]","Winter","330",1117
"Crystal Lake","(-Inf,3]","Summer","0",1549
"Crystal Lake","(-Inf,3]","Summer","30",1189
"Crystal Lake","(-Inf,3]","Summer","60",1172
"Crystal Lake","(-Inf,3]","Summer","90",1138
"Crystal Lake","(-Inf,3]","Summer","120",2031
"Crystal Lake","(-Inf,3]","Summer","150",3924
"Crystal Lake","(-Inf,3]","Summer","180",3678
"Crystal Lake","(-Inf,3]","Summer","210",2408
"Crystal Lake","(-Inf,3]","Summer","240",1585
"Crystal Lake","(-Inf,3]","Summer","270",1589
"Crystal Lake","(-Inf,3]","Summer","300",2204
"Crystal Lake","(-Inf,3]","Summer","330",2015
"Crystal Lake","(-Inf,3]","Winter","0",2066
"Crystal Lake","(-Inf,3]","Winter","30",1441
"Crystal Lake","(-Inf,3]","Winter","60",1664
"Crystal Lake","(-Inf,3]","Winter","90",1710
"Crystal Lake","(-Inf,3]","Winter","120",2805
"Crystal Lake","(-Inf,3]","Winter","150",6551
"Crystal Lake","(-Inf,3]","Winter","180",4859
"Crystal Lake","(-Inf,3]","Winter","210",2577
"Crystal Lake","(-Inf,3]","Winter","240",1324
"Crystal Lake","(-Inf,3]","Winter","270",993
"Crystal Lake","(-Inf,3]","Winter","300",3742
"Crystal Lake","(-Inf,3]","Winter","330",3588
"Dennis","(9, Inf]","Summer","210",1
"Dennis","(9, Inf]","Summer","240",119
"Dennis","(9, Inf]","Summer","270",38
"Dennis","(9, Inf]","Summer","300",1
"Dennis","(9, Inf]","Winter","0",3
"Dennis","(9, Inf]","Winter","30",11
"Dennis","(9, Inf]","Winter","60",4
"Dennis","(9, Inf]","Winter","120",1
"Dennis","(9, Inf]","Winter","150",1
"Dennis","(9, Inf]","Winter","210",2
"Dennis","(9, Inf]","Winter","240",44
"Dennis","(9, Inf]","Winter","270",22
"Dennis","(9, Inf]","Winter","300",3
"Dennis","(6,9]","Summer","0",1
"Dennis","(6,9]","Summer","30",6
"Dennis","(6,9]","Summer","120",1
"Dennis","(6,9]","Summer","150",1
"Dennis","(6,9]","Summer","180",1
"Dennis","(6,9]","Summer","210",22
"Dennis","(6,9]","Summer","240",200
"Dennis","(6,9]","Summer","270",138
"Dennis","(6,9]","Summer","300",14
"Dennis","(6,9]","Summer","330",3
"Dennis","(6,9]","Winter","0",3
"Dennis","(6,9]","Winter","30",27
"Dennis","(6,9]","Winter","60",14
"Dennis","(6,9]","Winter","90",6
"Dennis","(6,9]","Winter","120",14
"Dennis","(6,9]","Winter","150",6
"Dennis","(6,9]","Winter","210",7
"Dennis","(6,9]","Winter","240",48
"Dennis","(6,9]","Winter","270",23
"Dennis","(6,9]","Winter","300",4
"Dennis","(6,9]","Winter","330",1
"Dennis","(3,6]","Summer","0",69
"Dennis","(3,6]","Summer","30",154
"Dennis","(3,6]","Summer","60",56
"Dennis","(3,6]","Summer","90",48
"Dennis","(3,6]","Summer","120",76
"Dennis","(3,6]","Summer","150",68
"Dennis","(3,6]","Summer","180",69
"Dennis","(3,6]","Summer","210",206
"Dennis","(3,6]","Summer","240",600
"Dennis","(3,6]","Summer","270",940
"Dennis","(3,6]","Summer","300",441
"Dennis","(3,6]","Summer","330",179
"Dennis","(3,6]","Winter","0",67
"Dennis","(3,6]","Winter","30",243
"Dennis","(3,6]","Winter","60",216
"Dennis","(3,6]","Winter","90",375
"Dennis","(3,6]","Winter","120",268
"Dennis","(3,6]","Winter","150",73
"Dennis","(3,6]","Winter","180",36
"Dennis","(3,6]","Winter","210",95
"Dennis","(3,6]","Winter","240",267
"Dennis","(3,6]","Winter","270",249
"Dennis","(3,6]","Winter","300",88
"Dennis","(3,6]","Winter","330",39
"Dennis","(-Inf,3]","Summer","0",497
"Dennis","(-Inf,3]","Summer","30",417
"Dennis","(-Inf,3]","Summer","60",289
"Dennis","(-Inf,3]","Summer","90",426
"Dennis","(-Inf,3]","Summer","120",524
"Dennis","(-Inf,3]","Summer","150",2801
"Dennis","(-Inf,3]","Summer","180",2481
"Dennis","(-Inf,3]","Summer","210",1372
"Dennis","(-Inf,3]","Summer","240",1243
"Dennis","(-Inf,3]","Summer","270",1410
"Dennis","(-Inf,3]","Summer","300",936
"Dennis","(-Inf,3]","Summer","330",685
"Dennis","(-Inf,3]","Winter","0",653
"Dennis","(-Inf,3]","Winter","30",932
"Dennis","(-Inf,3]","Winter","60",885
"Dennis","(-Inf,3]","Winter","90",1221
"Dennis","(-Inf,3]","Winter","120",1551
"Dennis","(-Inf,3]","Winter","150",3695
"Dennis","(-Inf,3]","Winter","180",3229
"Dennis","(-Inf,3]","Winter","210",1922
"Dennis","(-Inf,3]","Winter","240",1376
"Dennis","(-Inf,3]","Winter","270",1336
"Dennis","(-Inf,3]","Winter","300",742
"Dennis","(-Inf,3]","Winter","330",574
"Dunster","(9, Inf]","Summer","0",1
"Dunster","(9, Inf]","Summer","90",1
"Dunster","(9, Inf]","Summer","120",6
"Dunster","(9, Inf]","Summer","150",1
"Dunster","(9, Inf]","Summer","270",21
"Dunster","(9, Inf]","Summer","300",278
"Dunster","(9, Inf]","Summer","330",41
"Dunster","(9, Inf]","Winter","90",1
"Dunster","(9, Inf]","Winter","120",494
"Dunster","(9, Inf]","Winter","150",15
"Dunster","(9, Inf]","Winter","270",17
"Dunster","(9, Inf]","Winter","300",313
"Dunster","(9, Inf]","Winter","330",71
"Dunster","(6,9]","Summer","0",1
"Dunster","(6,9]","Summer","30",2
"Dunster","(6,9]","Summer","60",3
"Dunster","(6,9]","Summer","90",3
"Dunster","(6,9]","Summer","120",176
"Dunster","(6,9]","Summer","150",43
"Dunster","(6,9]","Summer","180",1
"Dunster","(6,9]","Summer","210",2
"Dunster","(6,9]","Summer","240",1
"Dunster","(6,9]","Summer","270",63
"Dunster","(6,9]","Summer","300",1549
"Dunster","(6,9]","Summer","330",161
"Dunster","(6,9]","Winter","0",1
"Dunster","(6,9]","Winter","60",1
"Dunster","(6,9]","Winter","90",2
"Dunster","(6,9]","Winter","120",3652
"Dunster","(6,9]","Winter","150",347
"Dunster","(6,9]","Winter","240",1
"Dunster","(6,9]","Winter","270",55
"Dunster","(6,9]","Winter","300",1074
"Dunster","(6,9]","Winter","330",220
"Dunster","(3,6]","Summer","0",21
"Dunster","(3,6]","Summer","30",12
"Dunster","(3,6]","Summer","60",18
"Dunster","(3,6]","Summer","90",41
"Dunster","(3,6]","Summer","120",945
"Dunster","(3,6]","Summer","150",672
"Dunster","(3,6]","Summer","180",122
"Dunster","(3,6]","Summer","210",189
"Dunster","(3,6]","Summer","240",38
"Dunster","(3,6]","Summer","270",1005
"Dunster","(3,6]","Summer","300",3007
"Dunster","(3,6]","Summer","330",311
"Dunster","(3,6]","Winter","0",7
"Dunster","(3,6]","Winter","30",7
"Dunster","(3,6]","Winter","60",14
"Dunster","(3,6]","Winter","90",62
"Dunster","(3,6]","Winter","120",6315
"Dunster","(3,6]","Winter","150",1874
"Dunster","(3,6]","Winter","180",334
"Dunster","(3,6]","Winter","210",295
"Dunster","(3,6]","Winter","240",75
"Dunster","(3,6]","Winter","270",669
"Dunster","(3,6]","Winter","300",1975
"Dunster","(3,6]","Winter","330",360
"Dunster","(-Inf,3]","Summer","0",399
"Dunster","(-Inf,3]","Summer","30",287
"Dunster","(-Inf,3]","Summer","60",417
"Dunster","(-Inf,3]","Summer","90",927
"Dunster","(-Inf,3]","Summer","120",4540
"Dunster","(-Inf,3]","Summer","150",5156
"Dunster","(-Inf,3]","Summer","180",4287
"Dunster","(-Inf,3]","Summer","210",3191
"Dunster","(-Inf,3]","Summer","240",2908
"Dunster","(-Inf,3]","Summer","270",6893
"Dunster","(-Inf,3]","Summer","300",4557
"Dunster","(-Inf,3]","Summer","330",1001
"Dunster","(-Inf,3]","Winter","0",184
"Dunster","(-Inf,3]","Winter","30",125
"Dunster","(-Inf,3]","Winter","60",188
"Dunster","(-Inf,3]","Winter","90",1335
"Dunster","(-Inf,3]","Winter","120",13348
"Dunster","(-Inf,3]","Winter","150",5637
"Dunster","(-Inf,3]","Winter","180",3277
"Dunster","(-Inf,3]","Winter","210",1935
"Dunster","(-Inf,3]","Winter","240",1943
"Dunster","(-Inf,3]","Winter","270",4948
"Dunster","(-Inf,3]","Winter","300",3456
"Dunster","(-Inf,3]","Winter","330",1133
"Endako","(9, Inf]","Summer","0",137
"Endako","(9, Inf]","Summer","30",264
"Endako","(9, Inf]","Summer","60",187
"Endako","(9, Inf]","Summer","90",52
"Endako","(9, Inf]","Summer","120",43
"Endako","(9, Inf]","Summer","150",83
"Endako","(9, Inf]","Summer","180",148
"Endako","(9, Inf]","Summer","210",361
"Endako","(9, Inf]","Summer","240",630
"Endako","(9, Inf]","Summer","270",1425
"Endako","(9, Inf]","Summer","300",654
"Endako","(9, Inf]","Summer","330",49
"Endako","(9, Inf]","Winter","0",115
"Endako","(9, Inf]","Winter","30",540
"Endako","(9, Inf]","Winter","60",546
"Endako","(9, Inf]","Winter","90",137
"Endako","(9, Inf]","Winter","120",165
"Endako","(9, Inf]","Winter","150",243
"Endako","(9, Inf]","Winter","180",305
"Endako","(9, Inf]","Winter","210",391
"Endako","(9, Inf]","Winter","240",481
"Endako","(9, Inf]","Winter","270",641
"Endako","(9, Inf]","Winter","300",203
"Endako","(9, Inf]","Winter","330",23
"Endako","(6,9]","Summer","0",303
"Endako","(6,9]","Summer","30",983
"Endako","(6,9]","Summer","60",310
"Endako","(6,9]","Summer","90",227
"Endako","(6,9]","Summer","120",379
"Endako","(6,9]","Summer","150",424
"Endako","(6,9]","Summer","180",525
"Endako","(6,9]","Summer","210",881
"Endako","(6,9]","Summer","240",1263
"Endako","(6,9]","Summer","270",1487
"Endako","(6,9]","Summer","300",710
"Endako","(6,9]","Summer","330",140
"Endako","(6,9]","Winter","0",544
"Endako","(6,9]","Winter","30",1468
"Endako","(6,9]","Winter","60",960
"Endako","(6,9]","Winter","90",960
"Endako","(6,9]","Winter","120",871
"Endako","(6,9]","Winter","150",545
"Endako","(6,9]","Winter","180",428
"Endako","(6,9]","Winter","210",428
"Endako","(6,9]","Winter","240",489
"Endako","(6,9]","Winter","270",460
"Endako","(6,9]","Winter","300",231
"Endako","(6,9]","Winter","330",75
"Endako","(3,6]","Summer","0",1087
"Endako","(3,6]","Summer","30",3147
"Endako","(3,6]","Summer","60",689
"Endako","(3,6]","Summer","90",599
"Endako","(3,6]","Summer","120",710
"Endako","(3,6]","Summer","150",809
"Endako","(3,6]","Summer","180",864
"Endako","(3,6]","Summer","210",1110
"Endako","(3,6]","Summer","240",1153
"Endako","(3,6]","Summer","270",1108
"Endako","(3,6]","Summer","300",814
"Endako","(3,6]","Summer","330",500
"Endako","(3,6]","Winter","0",1302
"Endako","(3,6]","Winter","30",4530
"Endako","(3,6]","Winter","60",2211
"Endako","(3,6]","Winter","90",2328
"Endako","(3,6]","Winter","120",1789
"Endako","(3,6]","Winter","150",984
"Endako","(3,6]","Winter","180",597
"Endako","(3,6]","Winter","210",500
"Endako","(3,6]","Winter","240",566
"Endako","(3,6]","Winter","270",483
"Endako","(3,6]","Winter","300",367
"Endako","(3,6]","Winter","330",267
"Endako","(-Inf,3]","Summer","0",5248
"Endako","(-Inf,3]","Summer","30",6847
"Endako","(-Inf,3]","Summer","60",2229
"Endako","(-Inf,3]","Summer","90",1704
"Endako","(-Inf,3]","Summer","120",2093
"Endako","(-Inf,3]","Summer","150",2989
"Endako","(-Inf,3]","Summer","180",2275
"Endako","(-Inf,3]","Summer","210",2420
"Endako","(-Inf,3]","Summer","240",3005
"Endako","(-Inf,3]","Summer","270",4894
"Endako","(-Inf,3]","Summer","300",4168
"Endako","(-Inf,3]","Summer","330",2815
"Endako","(-Inf,3]","Winter","0",7099
"Endako","(-Inf,3]","Winter","30",12581
"Endako","(-Inf,3]","Winter","60",8187
"Endako","(-Inf,3]","Winter","90",6632
"Endako","(-Inf,3]","Winter","120",6701
"Endako","(-Inf,3]","Winter","150",5571
"Endako","(-Inf,3]","Winter","180",2965
"Endako","(-Inf,3]","Winter","210",2182
"Endako","(-Inf,3]","Winter","240",2336
"Endako","(-Inf,3]","Winter","270",2785
"Endako","(-Inf,3]","Winter","300",2151
"Endako","(-Inf,3]","Winter","330",1990
"George Lake","(9, Inf]","Summer","0",87
"George Lake","(9, Inf]","Summer","30",33
"George Lake","(9, Inf]","Summer","60",64
"George Lake","(9, Inf]","Summer","90",139
"George Lake","(9, Inf]","Summer","120",66
"George Lake","(9, Inf]","Summer","150",186
"George Lake","(9, Inf]","Summer","180",109
"George Lake","(9, Inf]","Summer","210",40
"George Lake","(9, Inf]","Summer","240",19
"George Lake","(9, Inf]","Summer","270",22
"George Lake","(9, Inf]","Summer","300",42
"George Lake","(9, Inf]","Summer","330",32
"George Lake","(9, Inf]","Winter","0",199
"George Lake","(9, Inf]","Winter","30",39
"George Lake","(9, Inf]","Winter","60",31
"George Lake","(9, Inf]","Winter","90",358
"George Lake","(9, Inf]","Winter","120",253
"George Lake","(9, Inf]","Winter","150",388
"George Lake","(9, Inf]","Winter","180",307
"George Lake","(9, Inf]","Winter","210",15
"George Lake","(9, Inf]","Winter","240",15
"George Lake","(9, Inf]","Winter","270",191
"George Lake","(9, Inf]","Winter","300",126
"George Lake","(9, Inf]","Winter","330",77
"George Lake","(6,9]","Summer","0",381
"George Lake","(6,9]","Summer","30",286
"George Lake","(6,9]","Summer","60",171
"George Lake","(6,9]","Summer","90",297
"George Lake","(6,9]","Summer","120",380
"George Lake","(6,9]","Summer","150",812
"George Lake","(6,9]","Summer","180",607
"George Lake","(6,9]","Summer","210",420
"George Lake","(6,9]","Summer","240",293
"George Lake","(6,9]","Summer","270",321
"George Lake","(6,9]","Summer","300",244
"George Lake","(6,9]","Summer","330",229
"George Lake","(6,9]","Winter","0",689
"George Lake","(6,9]","Winter","30",156
"George Lake","(6,9]","Winter","60",107
"George Lake","(6,9]","Winter","90",619
"George Lake","(6,9]","Winter","120",512
"George Lake","(6,9]","Winter","150",886
"George Lake","(6,9]","Winter","180",855
"George Lake","(6,9]","Winter","210",216
"George Lake","(6,9]","Winter","240",157
"George Lake","(6,9]","Winter","270",425
"George Lake","(6,9]","Winter","300",289
"George Lake","(6,9]","Winter","330",507
"George Lake","(3,6]","Summer","0",588
"George Lake","(3,6]","Summer","30",476
"George Lake","(3,6]","Summer","60",344
"George Lake","(3,6]","Summer","90",396
"George Lake","(3,6]","Summer","120",629
"George Lake","(3,6]","Summer","150",975
"George Lake","(3,6]","Summer","180",1156
"George Lake","(3,6]","Summer","210",770
"George Lake","(3,6]","Summer","240",588
"George Lake","(3,6]","Summer","270",702
"George Lake","(3,6]","Summer","300",567
"George Lake","(3,6]","Summer","330",519
"George Lake","(3,6]","Winter","0",1188
"George Lake","(3,6]","Winter","30",508
"George Lake","(3,6]","Winter","60",306
"George Lake","(3,6]","Winter","90",586
"George Lake","(3,6]","Winter","120",666
"George Lake","(3,6]","Winter","150",1325
"George Lake","(3,6]","Winter","180",1427
"George Lake","(3,6]","Winter","210",467
"George Lake","(3,6]","Winter","240",405
"George Lake","(3,6]","Winter","270",719
"George Lake","(3,6]","Winter","300",519
"George Lake","(3,6]","Winter","330",1274
"George Lake","(-Inf,3]","Summer","0",4063
"George Lake","(-Inf,3]","Summer","30",4924
"George Lake","(-Inf,3]","Summer","60",5254
"George Lake","(-Inf,3]","Summer","90",4130
"George Lake","(-Inf,3]","Summer","120",4237
"George Lake","(-Inf,3]","Summer","150",3520
"George Lake","(-Inf,3]","Summer","180",4007
"George Lake","(-Inf,3]","Summer","210",3319
"George Lake","(-Inf,3]","Summer","240",2885
"George Lake","(-Inf,3]","Summer","270",3639
"George Lake","(-Inf,3]","Summer","300",3248
"George Lake","(-Inf,3]","Summer","330",3509
"George Lake","(-Inf,3]","Winter","0",7653
"George Lake","(-Inf,3]","Winter","30",5871
"George Lake","(-Inf,3]","Winter","60",4554
"George Lake","(-Inf,3]","Winter","90",4614
"George Lake","(-Inf,3]","Winter","120",5660
"George Lake","(-Inf,3]","Winter","150",8299
"George Lake","(-Inf,3]","Winter","180",7348
"George Lake","(-Inf,3]","Winter","210",5187
"George Lake","(-Inf,3]","Winter","240",3731
"George Lake","(-Inf,3]","Winter","270",4191
"George Lake","(-Inf,3]","Winter","300",3999
"George Lake","(-Inf,3]","Winter","330",5260
"Gunnel","(9, Inf]","Summer","0",619
"Gunnel","(9, Inf]","Summer","30",715
"Gunnel","(9, Inf]","Summer","60",650
"Gunnel","(9, Inf]","Summer","90",524
"Gunnel","(9, Inf]","Summer","120",845
"Gunnel","(9, Inf]","Summer","150",323
"Gunnel","(9, Inf]","Summer","180",707
"Gunnel","(9, Inf]","Summer","210",1031
"Gunnel","(9, Inf]","Summer","240",228
"Gunnel","(9, Inf]","Summer","270",462
"Gunnel","(9, Inf]","Summer","300",1000
"Gunnel","(9, Inf]","Summer","330",841
"Gunnel","(9, Inf]","Winter","0",465
"Gunnel","(9, Inf]","Winter","30",452
"Gunnel","(9, Inf]","Winter","60",295
"Gunnel","(9, Inf]","Winter","90",680
"Gunnel","(9, Inf]","Winter","120",1678
"Gunnel","(9, Inf]","Winter","150",622
"Gunnel","(9, Inf]","Winter","180",1782
"Gunnel","(9, Inf]","Winter","210",2673
"Gunnel","(9, Inf]","Winter","240",303
"Gunnel","(9, Inf]","Winter","270",612
"Gunnel","(9, Inf]","Winter","300",1082
"Gunnel","(9, Inf]","Winter","330",685
"Gunnel","(6,9]","Summer","0",178
"Gunnel","(6,9]","Summer","30",315
"Gunnel","(6,9]","Summer","60",355
"Gunnel","(6,9]","Summer","90",202
"Gunnel","(6,9]","Summer","120",380
"Gunnel","(6,9]","Summer","150",228
"Gunnel","(6,9]","Summer","180",443
"Gunnel","(6,9]","Summer","210",480
"Gunnel","(6,9]","Summer","240",184
"Gunnel","(6,9]","Summer","270",212
"Gunnel","(6,9]","Summer","300",240
"Gunnel","(6,9]","Summer","330",213
"Gunnel","(6,9]","Winter","0",158
"Gunnel","(6,9]","Winter","30",194
"Gunnel","(6,9]","Winter","60",189
"Gunnel","(6,9]","Winter","90",205
"Gunnel","(6,9]","Winter","120",581
"Gunnel","(6,9]","Winter","150",323
"Gunnel","(6,9]","Winter","180",511
"Gunnel","(6,9]","Winter","210",457
"Gunnel","(6,9]","Winter","240",171
"Gunnel","(6,9]","Winter","270",198
"Gunnel","(6,9]","Winter","300",169
"Gunnel","(6,9]","Winter","330",235
"Gunnel","(3,6]","Summer","0",242
"Gunnel","(3,6]","Summer","30",303
"Gunnel","(3,6]","Summer","60",326
"Gunnel","(3,6]","Summer","90",260
"Gunnel","(3,6]","Summer","120",334
"Gunnel","(3,6]","Summer","150",205
"Gunnel","(3,6]","Summer","180",275
"Gunnel","(3,6]","Summer","210",368
"Gunnel","(3,6]","Summer","240",196
"Gunnel","(3,6]","Summer","270",175
"Gunnel","(3,6]","Summer","300",209
"Gunnel","(3,6]","Summer","330",209
"Gunnel","(3,6]","Winter","0",197
"Gunnel","(3,6]","Winter","30",187
"Gunnel","(3,6]","Winter","60",182
"Gunnel","(3,6]","Winter","90",198
"Gunnel","(3,6]","Winter","120",506
"Gunnel","(3,6]","Winter","150",280
"Gunnel","(3,6]","Winter","180",400
"Gunnel","(3,6]","Winter","210",327
"Gunnel","(3,6]","Winter","240",170
"Gunnel","(3,6]","Winter","270",159
"Gunnel","(3,6]","Winter","300",190
"Gunnel","(3,6]","Winter","330",219
"Gunnel","(-Inf,3]","Summer","0",115
"Gunnel","(-Inf,3]","Summer","30",118
"Gunnel","(-Inf,3]","Summer","60",81
"Gunnel","(-Inf,3]","Summer","90",94
"Gunnel","(-Inf,3]","Summer","120",126
"Gunnel","(-Inf,3]","Summer","150",97
"Gunnel","(-Inf,3]","Summer","180",108
"Gunnel","(-Inf,3]","Summer","210",121
"Gunnel","(-Inf,3]","Summer","240",63
"Gunnel","(-Inf,3]","Summer","270",73
"Gunnel","(-Inf,3]","Summer","300",102
"Gunnel","(-Inf,3]","Summer","330",134
"Gunnel","(-Inf,3]","Winter","0",163
"Gunnel","(-Inf,3]","Winter","30",221
"Gunnel","(-Inf,3]","Winter","60",178
"Gunnel","(-Inf,3]","Winter","90",220
"Gunnel","(-Inf,3]","Winter","120",463
"Gunnel","(-Inf,3]","Winter","150",218
"Gunnel","(-Inf,3]","Winter","180",202
"Gunnel","(-Inf,3]","Winter","210",173
"Gunnel","(-Inf,3]","Winter","240",122
"Gunnel","(-Inf,3]","Winter","270",174
"Gunnel","(-Inf,3]","Winter","300",288
"Gunnel","(-Inf,3]","Winter","330",219
"Hourglass","(9, Inf]","Summer","0",157
"Hourglass","(9, Inf]","Summer","30",160
"Hourglass","(9, Inf]","Summer","60",251
"Hourglass","(9, Inf]","Summer","90",356
"Hourglass","(9, Inf]","Summer","120",80
"Hourglass","(9, Inf]","Summer","150",42
"Hourglass","(9, Inf]","Summer","180",705
"Hourglass","(9, Inf]","Summer","210",3262
"Hourglass","(9, Inf]","Summer","240",5458
"Hourglass","(9, Inf]","Summer","270",1812
"Hourglass","(9, Inf]","Summer","300",367
"Hourglass","(9, Inf]","Summer","330",212
"Hourglass","(9, Inf]","Winter","0",195
"Hourglass","(9, Inf]","Winter","30",265
"Hourglass","(9, Inf]","Winter","60",142
"Hourglass","(9, Inf]","Winter","90",109
"Hourglass","(9, Inf]","Winter","120",43
"Hourglass","(9, Inf]","Winter","150",72
"Hourglass","(9, Inf]","Winter","180",1238
"Hourglass","(9, Inf]","Winter","210",4428
"Hourglass","(9, Inf]","Winter","240",8442
"Hourglass","(9, Inf]","Winter","270",2166
"Hourglass","(9, Inf]","Winter","300",348
"Hourglass","(9, Inf]","Winter","330",357
"Hourglass","(6,9]","Summer","0",238
"Hourglass","(6,9]","Summer","30",243
"Hourglass","(6,9]","Summer","60",340
"Hourglass","(6,9]","Summer","90",388
"Hourglass","(6,9]","Summer","120",212
"Hourglass","(6,9]","Summer","150",136
"Hourglass","(6,9]","Summer","180",735
"Hourglass","(6,9]","Summer","210",1506
"Hourglass","(6,9]","Summer","240",2752
"Hourglass","(6,9]","Summer","270",1111
"Hourglass","(6,9]","Summer","300",491
"Hourglass","(6,9]","Summer","330",427
"Hourglass","(6,9]","Winter","0",462
"Hourglass","(6,9]","Winter","30",370
"Hourglass","(6,9]","Winter","60",255
"Hourglass","(6,9]","Winter","90",198
"Hourglass","(6,9]","Winter","120",142
"Hourglass","(6,9]","Winter","150",157
"Hourglass","(6,9]","Winter","180",693
"Hourglass","(6,9]","Winter","210",1512
"Hourglass","(6,9]","Winter","240",2724
"Hourglass","(6,9]","Winter","270",823
"Hourglass","(6,9]","Winter","300",353
"Hourglass","(6,9]","Winter","330",587
"Hourglass","(3,6]","Summer","0",314
"Hourglass","(3,6]","Summer","30",340
"Hourglass","(3,6]","Summer","60",457
"Hourglass","(3,6]","Summer","90",477
"Hourglass","(3,6]","Summer","120",411
"Hourglass","(3,6]","Summer","150",302
"Hourglass","(3,6]","Summer","180",690
"Hourglass","(3,6]","Summer","210",1716
"Hourglass","(3,6]","Summer","240",2818
"Hourglass","(3,6]","Summer","270",1079
"Hourglass","(3,6]","Summer","300",616
"Hourglass","(3,6]","Summer","330",542
"Hourglass","(3,6]","Winter","0",825
"Hourglass","(3,6]","Winter","30",545
"Hourglass","(3,6]","Winter","60",433
"Hourglass","(3,6]","Winter","90",458
"Hourglass","(3,6]","Winter","120",467
"Hourglass","(3,6]","Winter","150",422
"Hourglass","(3,6]","Winter","180",836
"Hourglass","(3,6]","Winter","210",1831
"Hourglass","(3,6]","Winter","240",2452
"Hourglass","(3,6]","Winter","270",796
"Hourglass","(3,6]","Winter","300",471
"Hourglass","(3,6]","Winter","330",891
"Hourglass","(-Inf,3]","Summer","0",551
"Hourglass","(-Inf,3]","Summer","30",518
"Hourglass","(-Inf,3]","Summer","60",622
"Hourglass","(-Inf,3]","Summer","90",629
"Hourglass","(-Inf,3]","Summer","120",877
"Hourglass","(-Inf,3]","Summer","150",808
"Hourglass","(-Inf,3]","Summer","180",1276
"Hourglass","(-Inf,3]","Summer","210",2891
"Hourglass","(-Inf,3]","Summer","240",2415
"Hourglass","(-Inf,3]","Summer","270",1148
"Hourglass","(-Inf,3]","Summer","300",819
"Hourglass","(-Inf,3]","Summer","330",689
"Hourglass","(-Inf,3]","Winter","0",1644
"Hourglass","(-Inf,3]","Winter","30",1694
"Hourglass","(-Inf,3]","Winter","60",1299
"Hourglass","(-Inf,3]","Winter","90",1156
"Hourglass","(-Inf,3]","Winter","120",1732
"Hourglass","(-Inf,3]","Winter","150",1549
"Hourglass","(-Inf,3]","Winter","180",2330
"Hourglass","(-Inf,3]","Winter","210",3601
"Hourglass","(-Inf,3]","Winter","240",2572
"Hourglass","(-Inf,3]","Winter","270",1300
"Hourglass","(-Inf,3]","Winter","300",1363
"Hourglass","(-Inf,3]","Winter","330",1584
"Hudson Bay Mountain","(9, Inf]","Summer","0",1123
"Hudson Bay Mountain","(9, Inf]","Summer","30",952
"Hudson Bay Mountain","(9, Inf]","Summer","60",660
"Hudson Bay Mountain","(9, Inf]","Summer","90",585
"Hudson Bay Mountain","(9, Inf]","Summer","120",489
"Hudson Bay Mountain","(9, Inf]","Summer","150",422
"Hudson Bay Mountain","(9, Inf]","Summer","180",1946
"Hudson Bay Mountain","(9, Inf]","Summer","210",2653
"Hudson Bay Mountain","(9, Inf]","Summer","240",2888
"Hudson Bay Mountain","(9, Inf]","Summer","270",4364
"Hudson Bay Mountain","(9, Inf]","Summer","300",2239
"Hudson Bay Mountain","(9, Inf]","Summer","330",454
"Hudson Bay Mountain","(9, Inf]","Winter","0",1012
"Hudson Bay Mountain","(9, Inf]","Winter","30",1345
"Hudson Bay Mountain","(9, Inf]","Winter","60",1954
"Hudson Bay Mountain","(9, Inf]","Winter","90",1738
"Hudson Bay Mountain","(9, Inf]","Winter","120",1427
"Hudson Bay Mountain","(9, Inf]","Winter","150",739
"Hudson Bay Mountain","(9, Inf]","Winter","180",2692
"Hudson Bay Mountain","(9, Inf]","Winter","210",4375
"Hudson Bay Mountain","(9, Inf]","Winter","240",4452
"Hudson Bay Mountain","(9, Inf]","Winter","270",4622
"Hudson Bay Mountain","(9, Inf]","Winter","300",1522
"Hudson Bay Mountain","(9, Inf]","Winter","330",315
"Hudson Bay Mountain","(6,9]","Summer","0",216
"Hudson Bay Mountain","(6,9]","Summer","30",261
"Hudson Bay Mountain","(6,9]","Summer","60",218
"Hudson Bay Mountain","(6,9]","Summer","90",207
"Hudson Bay Mountain","(6,9]","Summer","120",221
"Hudson Bay Mountain","(6,9]","Summer","150",205
"Hudson Bay Mountain","(6,9]","Summer","180",284
"Hudson Bay Mountain","(6,9]","Summer","210",358
"Hudson Bay Mountain","(6,9]","Summer","240",194
"Hudson Bay Mountain","(6,9]","Summer","270",106
"Hudson Bay Mountain","(6,9]","Summer","300",125
"Hudson Bay Mountain","(6,9]","Summer","330",171
"Hudson Bay Mountain","(6,9]","Winter","0",199
"Hudson Bay Mountain","(6,9]","Winter","30",222
"Hudson Bay Mountain","(6,9]","Winter","60",299
"Hudson Bay Mountain","(6,9]","Winter","90",387
"Hudson Bay Mountain","(6,9]","Winter","120",323
"Hudson Bay Mountain","(6,9]","Winter","150",249
"Hudson Bay Mountain","(6,9]","Winter","180",316
"Hudson Bay Mountain","(6,9]","Winter","210",521
"Hudson Bay Mountain","(6,9]","Winter","240",361
"Hudson Bay Mountain","(6,9]","Winter","270",207
"Hudson Bay Mountain","(6,9]","Winter","300",116
"Hudson Bay Mountain","(6,9]","Winter","330",101
"Hudson Bay Mountain","(3,6]","Summer","0",188
"Hudson Bay Mountain","(3,6]","Summer","30",244
"Hudson Bay Mountain","(3,6]","Summer","60",233
"Hudson Bay Mountain","(3,6]","Summer","90",186
"Hudson Bay Mountain","(3,6]","Summer","120",202
"Hudson Bay Mountain","(3,6]","Summer","150",160
"Hudson Bay Mountain","(3,6]","Summer","180",205
"Hudson Bay Mountain","(3,6]","Summer","210",219
"Hudson Bay Mountain","(3,6]","Summer","240",172
"Hudson Bay Mountain","(3,6]","Summer","270",114
"Hudson Bay Mountain","(3,6]","Summer","300",106
"Hudson Bay Mountain","(3,6]","Summer","330",120
"Hudson Bay Mountain","(3,6]","Winter","0",172
"Hudson Bay Mountain","(3,6]","Winter","30",218
"Hudson Bay Mountain","(3,6]","Winter","60",291
"Hudson Bay Mountain","(3,6]","Winter","90",304
"Hudson Bay Mountain","(3,6]","Winter","120",264
"Hudson Bay Mountain","(3,6]","Winter","150",202
"Hudson Bay Mountain","(3,6]","Winter","180",222
"Hudson Bay Mountain","(3,6]","Winter","210",325
"Hudson Bay Mountain","(3,6]","Winter","240",274
"Hudson Bay Mountain","(3,6]","Winter","270",188
"Hudson Bay Mountain","(3,6]","Winter","300",123
"Hudson Bay Mountain","(3,6]","Winter","330",129
"Hudson Bay Mountain","(-Inf,3]","Summer","0",79
"Hudson Bay Mountain","(-Inf,3]","Summer","30",105
"Hudson Bay Mountain","(-Inf,3]","Summer","60",96
"Hudson Bay Mountain","(-Inf,3]","Summer","90",87
"Hudson Bay Mountain","(-Inf,3]","Summer","120",101
"Hudson Bay Mountain","(-Inf,3]","Summer","150",104
"Hudson Bay Mountain","(-Inf,3]","Summer","180",110
"Hudson Bay Mountain","(-Inf,3]","Summer","210",116
"Hudson Bay Mountain","(-Inf,3]","Summer","240",103
"Hudson Bay Mountain","(-Inf,3]","Summer","270",76
"Hudson Bay Mountain","(-Inf,3]","Summer","300",86
"Hudson Bay Mountain","(-Inf,3]","Summer","330",82
"Hudson Bay Mountain","(-Inf,3]","Winter","0",173
"Hudson Bay Mountain","(-Inf,3]","Winter","30",231
"Hudson Bay Mountain","(-Inf,3]","Winter","60",299
"Hudson Bay Mountain","(-Inf,3]","Winter","90",298
"Hudson Bay Mountain","(-Inf,3]","Winter","120",315
"Hudson Bay Mountain","(-Inf,3]","Winter","150",333
"Hudson Bay Mountain","(-Inf,3]","Winter","180",542
"Hudson Bay Mountain","(-Inf,3]","Winter","210",423
"Hudson Bay Mountain","(-Inf,3]","Winter","240",259
"Hudson Bay Mountain","(-Inf,3]","Winter","270",286
"Hudson Bay Mountain","(-Inf,3]","Winter","300",189
"Hudson Bay Mountain","(-Inf,3]","Winter","330",138
"IBB1 Sweeney Lake","(3,6]","Summer","180",2
"IBB1 Sweeney Lake","(3,6]","Winter","210",5
"IBB1 Sweeney Lake","(-Inf,3]","Summer","0",298
"IBB1 Sweeney Lake","(-Inf,3]","Summer","30",116
"IBB1 Sweeney Lake","(-Inf,3]","Summer","60",50
"IBB1 Sweeney Lake","(-Inf,3]","Summer","90",83
"IBB1 Sweeney Lake","(-Inf,3]","Summer","120",93
"IBB1 Sweeney Lake","(-Inf,3]","Summer","150",240
"IBB1 Sweeney Lake","(-Inf,3]","Summer","180",1064
"IBB1 Sweeney Lake","(-Inf,3]","Summer","210",663
"IBB1 Sweeney Lake","(-Inf,3]","Summer","240",198
"IBB1 Sweeney Lake","(-Inf,3]","Summer","270",123
"IBB1 Sweeney Lake","(-Inf,3]","Summer","300",238
"IBB1 Sweeney Lake","(-Inf,3]","Summer","330",624
"IBB1 Sweeney Lake","(-Inf,3]","Winter","0",429
"IBB1 Sweeney Lake","(-Inf,3]","Winter","30",364
"IBB1 Sweeney Lake","(-Inf,3]","Winter","60",357
"IBB1 Sweeney Lake","(-Inf,3]","Winter","90",221
"IBB1 Sweeney Lake","(-Inf,3]","Winter","120",228
"IBB1 Sweeney Lake","(-Inf,3]","Winter","150",231
"IBB1 Sweeney Lake","(-Inf,3]","Winter","180",673
"IBB1 Sweeney Lake","(-Inf,3]","Winter","210",984
"IBB1 Sweeney Lake","(-Inf,3]","Winter","240",319
"IBB1 Sweeney Lake","(-Inf,3]","Winter","270",258
"IBB1 Sweeney Lake","(-Inf,3]","Winter","300",365
"IBB1 Sweeney Lake","(-Inf,3]","Winter","330",678
"IBB2 Ganokwa Canyon","(3,6]","Summer","0",2
"IBB2 Ganokwa Canyon","(3,6]","Summer","30",2
"IBB2 Ganokwa Canyon","(3,6]","Summer","60",1
"IBB2 Ganokwa Canyon","(3,6]","Winter","30",1
"IBB2 Ganokwa Canyon","(3,6]","Winter","60",5
"IBB2 Ganokwa Canyon","(3,6]","Winter","90",7
"IBB2 Ganokwa Canyon","(3,6]","Winter","120",5
"IBB2 Ganokwa Canyon","(3,6]","Winter","150",3
"IBB2 Ganokwa Canyon","(3,6]","Winter","180",3
"IBB2 Ganokwa Canyon","(3,6]","Winter","210",1
"IBB2 Ganokwa Canyon","(3,6]","Winter","240",2
"IBB2 Ganokwa Canyon","(3,6]","Winter","270",1
"IBB2 Ganokwa Canyon","(3,6]","Winter","330",1
"IBB2 Ganokwa Canyon","(-Inf,3]","Summer","0",683
"IBB2 Ganokwa Canyon","(-Inf,3]","Summer","30",912
"IBB2 Ganokwa Canyon","(-Inf,3]","Summer","60",810
"IBB2 Ganokwa Canyon","(-Inf,3]","Summer","90",367
"IBB2 Ganokwa Canyon","(-Inf,3]","Summer","120",192
"IBB2 Ganokwa Canyon","(-Inf,3]","Summer","150",155
"IBB2 Ganokwa Canyon","(-Inf,3]","Summer","180",77
"IBB2 Ganokwa Canyon","(-Inf,3]","Summer","210",155
"IBB2 Ganokwa Canyon","(-Inf,3]","Summer","240",456
"IBB2 Ganokwa Canyon","(-Inf,3]","Summer","270",334
"IBB2 Ganokwa Canyon","(-Inf,3]","Summer","300",408
"IBB2 Ganokwa Canyon","(-Inf,3]","Summer","330",582
"IBB2 Ganokwa Canyon","(-Inf,3]","Winter","0",744
"IBB2 Ganokwa Canyon","(-Inf,3]","Winter","30",1116
"IBB2 Ganokwa Canyon","(-Inf,3]","Winter","60",925
"IBB2 Ganokwa Canyon","(-Inf,3]","Winter","90",337
"IBB2 Ganokwa Canyon","(-Inf,3]","Winter","120",175
"IBB2 Ganokwa Canyon","(-Inf,3]","Winter","150",180
"IBB2 Ganokwa Canyon","(-Inf,3]","Winter","180",198
"IBB2 Ganokwa Canyon","(-Inf,3]","Winter","210",237
"IBB2 Ganokwa Canyon","(-Inf,3]","Winter","240",352
"IBB2 Ganokwa Canyon","(-Inf,3]","Winter","270",309
"IBB2 Ganokwa Canyon","(-Inf,3]","Winter","300",177
"IBB2 Ganokwa Canyon","(-Inf,3]","Winter","330",309
"IBB3 Pine Creek","(3,6]","Winter","240",1
"IBB3 Pine Creek","(-Inf,3]","Summer","0",894
"IBB3 Pine Creek","(-Inf,3]","Summer","30",359
"IBB3 Pine Creek","(-Inf,3]","Summer","60",263
"IBB3 Pine Creek","(-Inf,3]","Summer","90",216
"IBB3 Pine Creek","(-Inf,3]","Summer","120",187
"IBB3 Pine Creek","(-Inf,3]","Summer","150",256
"IBB3 Pine Creek","(-Inf,3]","Summer","180",462
"IBB3 Pine Creek","(-Inf,3]","Summer","210",558
"IBB3 Pine Creek","(-Inf,3]","Summer","240",1101
"IBB3 Pine Creek","(-Inf,3]","Summer","270",1252
"IBB3 Pine Creek","(-Inf,3]","Summer","300",1169
"IBB3 Pine Creek","(-Inf,3]","Summer","330",689
"IBB3 Pine Creek","(-Inf,3]","Winter","0",674
"IBB3 Pine Creek","(-Inf,3]","Winter","30",271
"IBB3 Pine Creek","(-Inf,3]","Winter","60",355
"IBB3 Pine Creek","(-Inf,3]","Winter","90",571
"IBB3 Pine Creek","(-Inf,3]","Winter","120",743
"IBB3 Pine Creek","(-Inf,3]","Winter","150",406
"IBB3 Pine Creek","(-Inf,3]","Winter","180",1114
"IBB3 Pine Creek","(-Inf,3]","Winter","210",1302
"IBB3 Pine Creek","(-Inf,3]","Winter","240",1447
"IBB3 Pine Creek","(-Inf,3]","Winter","270",1667
"IBB3 Pine Creek","(-Inf,3]","Winter","300",1087
"IBB3 Pine Creek","(-Inf,3]","Winter","330",562
"Inklin","(3,6]","Summer","0",216
"Inklin","(3,6]","Summer","30",14
"Inklin","(3,6]","Summer","330",12
"Inklin","(3,6]","Winter","0",48
"Inklin","(3,6]","Winter","30",11
"Inklin","(3,6]","Winter","330",1
"Inklin","(-Inf,3]","Summer","0",2929
"Inklin","(-Inf,3]","Summer","30",848
"Inklin","(-Inf,3]","Summer","60",155
"Inklin","(-Inf,3]","Summer","90",170
"Inklin","(-Inf,3]","Summer","120",86
"Inklin","(-Inf,3]","Summer","150",103
"Inklin","(-Inf,3]","Summer","180",138
"Inklin","(-Inf,3]","Summer","210",177
"Inklin","(-Inf,3]","Summer","240",68
"Inklin","(-Inf,3]","Summer","270",89
"Inklin","(-Inf,3]","Summer","300",159
"Inklin","(-Inf,3]","Summer","330",691
"Inklin","(-Inf,3]","Winter","0",1245
"Inklin","(-Inf,3]","Winter","30",1060
"Inklin","(-Inf,3]","Winter","60",452
"Inklin","(-Inf,3]","Winter","90",475
"Inklin","(-Inf,3]","Winter","120",710
"Inklin","(-Inf,3]","Winter","150",789
"Inklin","(-Inf,3]","Winter","180",1359
"Inklin","(-Inf,3]","Winter","210",1493
"Inklin","(-Inf,3]","Winter","240",895
"Inklin","(-Inf,3]","Winter","270",675
"Inklin","(-Inf,3]","Winter","300",271
"Inklin","(-Inf,3]","Winter","330",427
"Kluskus","(9, Inf]","Summer","0",69
"Kluskus","(9, Inf]","Summer","30",63
"Kluskus","(9, Inf]","Summer","60",10
"Kluskus","(9, Inf]","Summer","90",3
"Kluskus","(9, Inf]","Summer","120",9
"Kluskus","(9, Inf]","Summer","150",29
"Kluskus","(9, Inf]","Summer","180",12
"Kluskus","(9, Inf]","Summer","210",122
"Kluskus","(9, Inf]","Summer","240",264
"Kluskus","(9, Inf]","Summer","270",28
"Kluskus","(9, Inf]","Summer","300",2
"Kluskus","(9, Inf]","Summer","330",9
"Kluskus","(9, Inf]","Winter","0",165
"Kluskus","(9, Inf]","Winter","30",93
"Kluskus","(9, Inf]","Winter","60",8
"Kluskus","(9, Inf]","Winter","120",16
"Kluskus","(9, Inf]","Winter","150",215
"Kluskus","(9, Inf]","Winter","180",119
"Kluskus","(9, Inf]","Winter","210",972
"Kluskus","(9, Inf]","Winter","240",1143
"Kluskus","(9, Inf]","Winter","270",94
"Kluskus","(9, Inf]","Winter","300",15
"Kluskus","(9, Inf]","Winter","330",7
"Kluskus","(6,9]","Summer","0",453
"Kluskus","(6,9]","Summer","30",182
"Kluskus","(6,9]","Summer","60",79
"Kluskus","(6,9]","Summer","90",51
"Kluskus","(6,9]","Summer","120",66
"Kluskus","(6,9]","Summer","150",134
"Kluskus","(6,9]","Summer","180",117
"Kluskus","(6,9]","Summer","210",483
"Kluskus","(6,9]","Summer","240",1273
"Kluskus","(6,9]","Summer","270",575
"Kluskus","(6,9]","Summer","300",122
"Kluskus","(6,9]","Summer","330",179
"Kluskus","(6,9]","Winter","0",469
"Kluskus","(6,9]","Winter","30",208
"Kluskus","(6,9]","Winter","60",51
"Kluskus","(6,9]","Winter","90",38
"Kluskus","(6,9]","Winter","120",89
"Kluskus","(6,9]","Winter","150",481
"Kluskus","(6,9]","Winter","180",349
"Kluskus","(6,9]","Winter","210",998
"Kluskus","(6,9]","Winter","240",1112
"Kluskus","(6,9]","Winter","270",348
"Kluskus","(6,9]","Winter","300",100
"Kluskus","(6,9]","Winter","330",82
"Kluskus","(3,6]","Summer","0",837
"Kluskus","(3,6]","Summer","30",339
"Kluskus","(3,6]","Summer","60",248
"Kluskus","(3,6]","Summer","90",223
"Kluskus","(3,6]","Summer","120",290
"Kluskus","(3,6]","Summer","150",358
"Kluskus","(3,6]","Summer","180",297
"Kluskus","(3,6]","Summer","210",912
"Kluskus","(3,6]","Summer","240",1858
"Kluskus","(3,6]","Summer","270",1261
"Kluskus","(3,6]","Summer","300",582
"Kluskus","(3,6]","Summer","330",673
"Kluskus","(3,6]","Winter","0",766
"Kluskus","(3,6]","Winter","30",344
"Kluskus","(3,6]","Winter","60",279
"Kluskus","(3,6]","Winter","90",267
"Kluskus","(3,6]","Winter","120",417
"Kluskus","(3,6]","Winter","150",894
"Kluskus","(3,6]","Winter","180",599
"Kluskus","(3,6]","Winter","210",985
"Kluskus","(3,6]","Winter","240",1274
"Kluskus","(3,6]","Winter","270",698
"Kluskus","(3,6]","Winter","300",246
"Kluskus","(3,6]","Winter","330",298
"Kluskus","(-Inf,3]","Summer","0",2746
"Kluskus","(-Inf,3]","Summer","30",1545
"Kluskus","(-Inf,3]","Summer","60",1012
"Kluskus","(-Inf,3]","Summer","90",960
"Kluskus","(-Inf,3]","Summer","120",1117
"Kluskus","(-Inf,3]","Summer","150",1245
"Kluskus","(-Inf,3]","Summer","180",1149
"Kluskus","(-Inf,3]","Summer","210",2083
"Kluskus","(-Inf,3]","Summer","240",2611
"Kluskus","(-Inf,3]","Summer","270",2358
"Kluskus","(-Inf,3]","Summer","300",2545
"Kluskus","(-Inf,3]","Summer","330",2880
"Kluskus","(-Inf,3]","Winter","0",3716
"Kluskus","(-Inf,3]","Winter","30",2147
"Kluskus","(-Inf,3]","Winter","60",2205
"Kluskus","(-Inf,3]","Winter","90",3295
"Kluskus","(-Inf,3]","Winter","120",4379
"Kluskus","(-Inf,3]","Winter","150",4301
"Kluskus","(-Inf,3]","Winter","180",2717
"Kluskus","(-Inf,3]","Winter","210",3237
"Kluskus","(-Inf,3]","Winter","240",3219
"Kluskus","(-Inf,3]","Winter","270",2210
"Kluskus","(-Inf,3]","Winter","300",2231
"Kluskus","(-Inf,3]","Winter","330",3000
"Mackenzie Junction","(9, Inf]","Summer","0",243
"Mackenzie Junction","(9, Inf]","Summer","30",214
"Mackenzie Junction","(9, Inf]","Summer","60",356
"Mackenzie Junction","(9, Inf]","Summer","90",468
"Mackenzie Junction","(9, Inf]","Summer","120",607
"Mackenzie Junction","(9, Inf]","Summer","150",978
"Mackenzie Junction","(9, Inf]","Summer","180",336
"Mackenzie Junction","(9, Inf]","Summer","210",202
"Mackenzie Junction","(9, Inf]","Summer","240",190
"Mackenzie Junction","(9, Inf]","Summer","270",376
"Mackenzie Junction","(9, Inf]","Summer","300",273
"Mackenzie Junction","(9, Inf]","Summer","330",139
"Mackenzie Junction","(9, Inf]","Winter","0",172
"Mackenzie Junction","(9, Inf]","Winter","30",86
"Mackenzie Junction","(9, Inf]","Winter","60",846
"Mackenzie Junction","(9, Inf]","Winter","90",890
"Mackenzie Junction","(9, Inf]","Winter","120",455
"Mackenzie Junction","(9, Inf]","Winter","150",595
"Mackenzie Junction","(9, Inf]","Winter","180",148
"Mackenzie Junction","(9, Inf]","Winter","210",90
"Mackenzie Junction","(9, Inf]","Winter","240",164
"Mackenzie Junction","(9, Inf]","Winter","270",1025
"Mackenzie Junction","(9, Inf]","Winter","300",514
"Mackenzie Junction","(9, Inf]","Winter","330",209
"Mackenzie Junction","(6,9]","Summer","0",226
"Mackenzie Junction","(6,9]","Summer","30",233
"Mackenzie Junction","(6,9]","Summer","60",1159
"Mackenzie Junction","(6,9]","Summer","90",1819
"Mackenzie Junction","(6,9]","Summer","120",1076
"Mackenzie Junction","(6,9]","Summer","150",1243
"Mackenzie Junction","(6,9]","Summer","180",670
"Mackenzie Junction","(6,9]","Summer","210",408
"Mackenzie Junction","(6,9]","Summer","240",515
"Mackenzie Junction","(6,9]","Summer","270",959
"Mackenzie Junction","(6,9]","Summer","300",506
"Mackenzie Junction","(6,9]","Summer","330",200
"Mackenzie Junction","(6,9]","Winter","0",132
"Mackenzie Junction","(6,9]","Winter","30",115
"Mackenzie Junction","(6,9]","Winter","60",1903
"Mackenzie Junction","(6,9]","Winter","90",2710
"Mackenzie Junction","(6,9]","Winter","120",931
"Mackenzie Junction","(6,9]","Winter","150",671
"Mackenzie Junction","(6,9]","Winter","180",251
"Mackenzie Junction","(6,9]","Winter","210",153
"Mackenzie Junction","(6,9]","Winter","240",376
"Mackenzie Junction","(6,9]","Winter","270",1291
"Mackenzie Junction","(6,9]","Winter","300",675
"Mackenzie Junction","(6,9]","Winter","330",240
"Mackenzie Junction","(3,6]","Summer","0",283
"Mackenzie Junction","(3,6]","Summer","30",297
"Mackenzie Junction","(3,6]","Summer","60",1547
"Mackenzie Junction","(3,6]","Summer","90",3718
"Mackenzie Junction","(3,6]","Summer","120",1776
"Mackenzie Junction","(3,6]","Summer","150",1417
"Mackenzie Junction","(3,6]","Summer","180",993
"Mackenzie Junction","(3,6]","Summer","210",680
"Mackenzie Junction","(3,6]","Summer","240",768
"Mackenzie Junction","(3,6]","Summer","270",1085
"Mackenzie Junction","(3,6]","Summer","300",893
"Mackenzie Junction","(3,6]","Summer","330",289
"Mackenzie Junction","(3,6]","Winter","0",146
"Mackenzie Junction","(3,6]","Winter","30",138
"Mackenzie Junction","(3,6]","Winter","60",1727
"Mackenzie Junction","(3,6]","Winter","90",5019
"Mackenzie Junction","(3,6]","Winter","120",2000
"Mackenzie Junction","(3,6]","Winter","150",824
"Mackenzie Junction","(3,6]","Winter","180",568
"Mackenzie Junction","(3,6]","Winter","210",290
"Mackenzie Junction","(3,6]","Winter","240",790
"Mackenzie Junction","(3,6]","Winter","270",1413
"Mackenzie Junction","(3,6]","Winter","300",902
"Mackenzie Junction","(3,6]","Winter","330",310
"Mackenzie Junction","(-Inf,3]","Summer","0",812
"Mackenzie Junction","(-Inf,3]","Summer","30",1255
"Mackenzie Junction","(-Inf,3]","Summer","60",3246
"Mackenzie Junction","(-Inf,3]","Summer","90",7424
"Mackenzie Junction","(-Inf,3]","Summer","120",3557
"Mackenzie Junction","(-Inf,3]","Summer","150",1776
"Mackenzie Junction","(-Inf,3]","Summer","180",1172
"Mackenzie Junction","(-Inf,3]","Summer","210",939
"Mackenzie Junction","(-Inf,3]","Summer","240",1057
"Mackenzie Junction","(-Inf,3]","Summer","270",1746
"Mackenzie Junction","(-Inf,3]","Summer","300",1380
"Mackenzie Junction","(-Inf,3]","Summer","330",666
"Mackenzie Junction","(-Inf,3]","Winter","0",859
"Mackenzie Junction","(-Inf,3]","Winter","30",1261
"Mackenzie Junction","(-Inf,3]","Winter","60",3812
"Mackenzie Junction","(-Inf,3]","Winter","90",10616
"Mackenzie Junction","(-Inf,3]","Winter","120",6481
"Mackenzie Junction","(-Inf,3]","Winter","150",2631
"Mackenzie Junction","(-Inf,3]","Winter","180",1948
"Mackenzie Junction","(-Inf,3]","Winter","210",1741
"Mackenzie Junction","(-Inf,3]","Winter","240",3038
"Mackenzie Junction","(-Inf,3]","Winter","270",4608
"Mackenzie Junction","(-Inf,3]","Winter","300",2284
"Mackenzie Junction","(-Inf,3]","Winter","330",1137
"Middlefork Creek","(9, Inf]","Summer","0",10
"Middlefork Creek","(9, Inf]","Summer","30",15
"Middlefork Creek","(9, Inf]","Summer","60",98
"Middlefork Creek","(9, Inf]","Summer","90",1354
"Middlefork Creek","(9, Inf]","Summer","120",807
"Middlefork Creek","(9, Inf]","Summer","150",109
"Middlefork Creek","(9, Inf]","Summer","180",129
"Middlefork Creek","(9, Inf]","Summer","210",378
"Middlefork Creek","(9, Inf]","Summer","240",678
"Middlefork Creek","(9, Inf]","Summer","270",1442
"Middlefork Creek","(9, Inf]","Summer","300",1105
"Middlefork Creek","(9, Inf]","Summer","330",270
"Middlefork Creek","(9, Inf]","Winter","0",3
"Middlefork Creek","(9, Inf]","Winter","30",3
"Middlefork Creek","(9, Inf]","Winter","60",306
"Middlefork Creek","(9, Inf]","Winter","90",2902
"Middlefork Creek","(9, Inf]","Winter","120",1984
"Middlefork Creek","(9, Inf]","Winter","150",208
"Middlefork Creek","(9, Inf]","Winter","180",116
"Middlefork Creek","(9, Inf]","Winter","210",241
"Middlefork Creek","(9, Inf]","Winter","240",512
"Middlefork Creek","(9, Inf]","Winter","270",2450
"Middlefork Creek","(9, Inf]","Winter","300",2212
"Middlefork Creek","(9, Inf]","Winter","330",550
"Middlefork Creek","(6,9]","Summer","0",102
"Middlefork Creek","(6,9]","Summer","30",130
"Middlefork Creek","(6,9]","Summer","60",574
"Middlefork Creek","(6,9]","Summer","90",1621
"Middlefork Creek","(6,9]","Summer","120",915
"Middlefork Creek","(6,9]","Summer","150",292
"Middlefork Creek","(6,9]","Summer","180",258
"Middlefork Creek","(6,9]","Summer","210",452
"Middlefork Creek","(6,9]","Summer","240",591
"Middlefork Creek","(6,9]","Summer","270",1525
"Middlefork Creek","(6,9]","Summer","300",1431
"Middlefork Creek","(6,9]","Summer","330",490
"Middlefork Creek","(6,9]","Winter","0",29
"Middlefork Creek","(6,9]","Winter","30",60
"Middlefork Creek","(6,9]","Winter","60",571
"Middlefork Creek","(6,9]","Winter","90",2248
"Middlefork Creek","(6,9]","Winter","120",1455
"Middlefork Creek","(6,9]","Winter","150",302
"Middlefork Creek","(6,9]","Winter","180",182
"Middlefork Creek","(6,9]","Winter","210",259
"Middlefork Creek","(6,9]","Winter","240",315
"Middlefork Creek","(6,9]","Winter","270",1720
"Middlefork Creek","(6,9]","Winter","300",1885
"Middlefork Creek","(6,9]","Winter","330",471
"Middlefork Creek","(3,6]","Summer","0",381
"Middlefork Creek","(3,6]","Summer","30",388
"Middlefork Creek","(3,6]","Summer","60",939
"Middlefork Creek","(3,6]","Summer","90",1545
"Middlefork Creek","(3,6]","Summer","120",2180
"Middlefork Creek","(3,6]","Summer","150",663
"Middlefork Creek","(3,6]","Summer","180",410
"Middlefork Creek","(3,6]","Summer","210",499
"Middlefork Creek","(3,6]","Summer","240",743
"Middlefork Creek","(3,6]","Summer","270",1602
"Middlefork Creek","(3,6]","Summer","300",2168
"Middlefork Creek","(3,6]","Summer","330",1296
"Middlefork Creek","(3,6]","Winter","0",191
"Middlefork Creek","(3,6]","Winter","30",201
"Middlefork Creek","(3,6]","Winter","60",939
"Middlefork Creek","(3,6]","Winter","90",1920
"Middlefork Creek","(3,6]","Winter","120",2904
"Middlefork Creek","(3,6]","Winter","150",612
"Middlefork Creek","(3,6]","Winter","180",268
"Middlefork Creek","(3,6]","Winter","210",311
"Middlefork Creek","(3,6]","Winter","240",436
"Middlefork Creek","(3,6]","Winter","270",1746
"Middlefork Creek","(3,6]","Winter","300",2938
"Middlefork Creek","(3,6]","Winter","330",1239
"Middlefork Creek","(-Inf,3]","Summer","0",2744
"Middlefork Creek","(-Inf,3]","Summer","30",1641
"Middlefork Creek","(-Inf,3]","Summer","60",2051
"Middlefork Creek","(-Inf,3]","Summer","90",2402
"Middlefork Creek","(-Inf,3]","Summer","120",2696
"Middlefork Creek","(-Inf,3]","Summer","150",837
"Middlefork Creek","(-Inf,3]","Summer","180",420
"Middlefork Creek","(-Inf,3]","Summer","210",602
"Middlefork Creek","(-Inf,3]","Summer","240",1355
"Middlefork Creek","(-Inf,3]","Summer","270",4129
"Middlefork Creek","(-Inf,3]","Summer","300",6372
"Middlefork Creek","(-Inf,3]","Summer","330",4740
"Middlefork Creek","(-Inf,3]","Winter","0",2965
"Middlefork Creek","(-Inf,3]","Winter","30",1555
"Middlefork Creek","(-Inf,3]","Winter","60",3237
"Middlefork Creek","(-Inf,3]","Winter","90",4312
"Middlefork Creek","(-Inf,3]","Winter","120",4286
"Middlefork Creek","(-Inf,3]","Winter","150",1212
"Middlefork Creek","(-Inf,3]","Winter","180",520
"Middlefork Creek","(-Inf,3]","Winter","210",628
"Middlefork Creek","(-Inf,3]","Winter","240",1821
"Middlefork Creek","(-Inf,3]","Winter","270",8091
"Middlefork Creek","(-Inf,3]","Winter","300",12248
"Middlefork Creek","(-Inf,3]","Winter","330",7787
"Nonda","(9, Inf]","Summer","0",332
"Nonda","(9, Inf]","Summer","30",274
"Nonda","(9, Inf]","Summer","60",938
"Nonda","(9, Inf]","Summer","90",785
"Nonda","(9, Inf]","Summer","120",1168
"Nonda","(9, Inf]","Summer","150",2483
"Nonda","(9, Inf]","Summer","180",1473
"Nonda","(9, Inf]","Summer","210",2358
"Nonda","(9, Inf]","Summer","240",7381
"Nonda","(9, Inf]","Summer","270",5793
"Nonda","(9, Inf]","Summer","300",1111
"Nonda","(9, Inf]","Summer","330",1882
"Nonda","(9, Inf]","Winter","0",149
"Nonda","(9, Inf]","Winter","30",93
"Nonda","(9, Inf]","Winter","60",424
"Nonda","(9, Inf]","Winter","90",441
"Nonda","(9, Inf]","Winter","120",1358
"Nonda","(9, Inf]","Winter","150",5044
"Nonda","(9, Inf]","Winter","180",3293
"Nonda","(9, Inf]","Winter","210",7207
"Nonda","(9, Inf]","Winter","240",11412
"Nonda","(9, Inf]","Winter","270",4438
"Nonda","(9, Inf]","Winter","300",828
"Nonda","(9, Inf]","Winter","330",1506
"Nonda","(6,9]","Summer","0",182
"Nonda","(6,9]","Summer","30",186
"Nonda","(6,9]","Summer","60",180
"Nonda","(6,9]","Summer","90",217
"Nonda","(6,9]","Summer","120",323
"Nonda","(6,9]","Summer","150",737
"Nonda","(6,9]","Summer","180",393
"Nonda","(6,9]","Summer","210",264
"Nonda","(6,9]","Summer","240",320
"Nonda","(6,9]","Summer","270",283
"Nonda","(6,9]","Summer","300",207
"Nonda","(6,9]","Summer","330",248
"Nonda","(6,9]","Winter","0",99
"Nonda","(6,9]","Winter","30",73
"Nonda","(6,9]","Winter","60",103
"Nonda","(6,9]","Winter","90",114
"Nonda","(6,9]","Winter","120",406
"Nonda","(6,9]","Winter","150",1345
"Nonda","(6,9]","Winter","180",640
"Nonda","(6,9]","Winter","210",375
"Nonda","(6,9]","Winter","240",475
"Nonda","(6,9]","Winter","270",327
"Nonda","(6,9]","Winter","300",213
"Nonda","(6,9]","Winter","330",303
"Nonda","(3,6]","Summer","0",113
"Nonda","(3,6]","Summer","30",140
"Nonda","(3,6]","Summer","60",143
"Nonda","(3,6]","Summer","90",130
"Nonda","(3,6]","Summer","120",170
"Nonda","(3,6]","Summer","150",369
"Nonda","(3,6]","Summer","180",242
"Nonda","(3,6]","Summer","210",148
"Nonda","(3,6]","Summer","240",188
"Nonda","(3,6]","Summer","270",238
"Nonda","(3,6]","Summer","300",145
"Nonda","(3,6]","Summer","330",165
"Nonda","(3,6]","Winter","0",109
"Nonda","(3,6]","Winter","30",67
"Nonda","(3,6]","Winter","60",99
"Nonda","(3,6]","Winter","90",109
"Nonda","(3,6]","Winter","120",302
"Nonda","(3,6]","Winter","150",855
"Nonda","(3,6]","Winter","180",406
"Nonda","(3,6]","Winter","210",269
"Nonda","(3,6]","Winter","240",386
"Nonda","(3,6]","Winter","270",262
"Nonda","(3,6]","Winter","300",188
"Nonda","(3,6]","Winter","330",211
"Nonda","(-Inf,3]","Summer","0",77
"Nonda","(-Inf,3]","Summer","30",105
"Nonda","(-Inf,3]","Summer","60",125
"Nonda","(-Inf,3]","Summer","90",90
"Nonda","(-Inf,3]","Summer","120",180
"Nonda","(-Inf,3]","Summer","150",387
"Nonda","(-Inf,3]","Summer","180",156
"Nonda","(-Inf,3]","Summer","210",154
"Nonda","(-Inf,3]","Summer","240",314
"Nonda","(-Inf,3]","Summer","270",334
"Nonda","(-Inf,3]","Summer","300",171
"Nonda","(-Inf,3]","Summer","330",206
"Nonda","(-Inf,3]","Winter","0",126
"Nonda","(-Inf,3]","Winter","30",131
"Nonda","(-Inf,3]","Winter","60",160
"Nonda","(-Inf,3]","Winter","90",191
"Nonda","(-Inf,3]","Winter","120",607
"Nonda","(-Inf,3]","Winter","150",1538
"Nonda","(-Inf,3]","Winter","180",425
"Nonda","(-Inf,3]","Winter","210",430
"Nonda","(-Inf,3]","Winter","240",545
"Nonda","(-Inf,3]","Winter","270",335
"Nonda","(-Inf,3]","Winter","300",254
"Nonda","(-Inf,3]","Winter","330",336
"North Fraser","(9, Inf]","Summer","0",16
"North Fraser","(9, Inf]","Summer","30",3
"North Fraser","(9, Inf]","Summer","60",1
"North Fraser","(9, Inf]","Summer","90",1
"North Fraser","(9, Inf]","Summer","180",1
"North Fraser","(9, Inf]","Summer","210",2
"North Fraser","(9, Inf]","Summer","240",6
"North Fraser","(9, Inf]","Summer","270",2
"North Fraser","(9, Inf]","Summer","300",6
"North Fraser","(9, Inf]","Summer","330",18
"North Fraser","(9, Inf]","Winter","240",1
"North Fraser","(9, Inf]","Winter","330",1
"North Fraser","(6,9]","Summer","0",37
"North Fraser","(6,9]","Summer","30",42
"North Fraser","(6,9]","Summer","60",77
"North Fraser","(6,9]","Summer","90",40
"North Fraser","(6,9]","Summer","120",11
"North Fraser","(6,9]","Summer","150",15
"North Fraser","(6,9]","Summer","180",46
"North Fraser","(6,9]","Summer","210",84
"North Fraser","(6,9]","Summer","240",104
"North Fraser","(6,9]","Summer","270",47
"North Fraser","(6,9]","Summer","300",31
"North Fraser","(6,9]","Summer","330",54
"North Fraser","(6,9]","Winter","60",3
"North Fraser","(6,9]","Winter","90",1
"North Fraser","(6,9]","Winter","180",1
"North Fraser","(6,9]","Winter","210",5
"North Fraser","(6,9]","Winter","240",11
"North Fraser","(3,6]","Summer","0",134
"North Fraser","(3,6]","Summer","30",189
"North Fraser","(3,6]","Summer","60",355
"North Fraser","(3,6]","Summer","90",348
"North Fraser","(3,6]","Summer","120",239
"North Fraser","(3,6]","Summer","150",229
"North Fraser","(3,6]","Summer","180",273
"North Fraser","(3,6]","Summer","210",319
"North Fraser","(3,6]","Summer","240",279
"North Fraser","(3,6]","Summer","270",155
"North Fraser","(3,6]","Summer","300",116
"North Fraser","(3,6]","Summer","330",112
"North Fraser","(3,6]","Winter","0",2
"North Fraser","(3,6]","Winter","30",5
"North Fraser","(3,6]","Winter","60",78
"North Fraser","(3,6]","Winter","90",62
"North Fraser","(3,6]","Winter","120",20
"North Fraser","(3,6]","Winter","150",13
"North Fraser","(3,6]","Winter","180",8
"North Fraser","(3,6]","Winter","210",15
"North Fraser","(3,6]","Winter","240",9
"North Fraser","(3,6]","Winter","270",7
"North Fraser","(3,6]","Winter","300",12
"North Fraser","(3,6]","Winter","330",1
"North Fraser","(-Inf,3]","Summer","0",369
"North Fraser","(-Inf,3]","Summer","30",946
"North Fraser","(-Inf,3]","Summer","60",1140
"North Fraser","(-Inf,3]","Summer","90",665
"North Fraser","(-Inf,3]","Summer","120",388
"North Fraser","(-Inf,3]","Summer","150",294
"North Fraser","(-Inf,3]","Summer","180",219
"North Fraser","(-Inf,3]","Summer","210",199
"North Fraser","(-Inf,3]","Summer","240",157
"North Fraser","(-Inf,3]","Summer","270",104
"North Fraser","(-Inf,3]","Summer","300",81
"North Fraser","(-Inf,3]","Summer","330",91
"North Fraser","(-Inf,3]","Winter","0",15
"North Fraser","(-Inf,3]","Winter","30",50
"North Fraser","(-Inf,3]","Winter","60",102
"North Fraser","(-Inf,3]","Winter","90",77
"North Fraser","(-Inf,3]","Winter","120",37
"North Fraser","(-Inf,3]","Winter","150",22
"North Fraser","(-Inf,3]","Winter","180",23
"North Fraser","(-Inf,3]","Winter","210",19
"North Fraser","(-Inf,3]","Winter","240",14
"North Fraser","(-Inf,3]","Winter","270",12
"North Fraser","(-Inf,3]","Winter","300",14
"North Fraser","(-Inf,3]","Winter","330",8
"Pink Mountain","(9, Inf]","Summer","0",1685
"Pink Mountain","(9, Inf]","Summer","30",1913
"Pink Mountain","(9, Inf]","Summer","60",1805
"Pink Mountain","(9, Inf]","Summer","90",1559
"Pink Mountain","(9, Inf]","Summer","120",1595
"Pink Mountain","(9, Inf]","Summer","150",973
"Pink Mountain","(9, Inf]","Summer","180",1240
"Pink Mountain","(9, Inf]","Summer","210",4577
"Pink Mountain","(9, Inf]","Summer","240",5573
"Pink Mountain","(9, Inf]","Summer","270",2362
"Pink Mountain","(9, Inf]","Summer","300",1352
"Pink Mountain","(9, Inf]","Summer","330",1422
"Pink Mountain","(9, Inf]","Winter","0",2242
"Pink Mountain","(9, Inf]","Winter","30",2241
"Pink Mountain","(9, Inf]","Winter","60",1829
"Pink Mountain","(9, Inf]","Winter","90",1265
"Pink Mountain","(9, Inf]","Winter","120",1197
"Pink Mountain","(9, Inf]","Winter","150",1538
"Pink Mountain","(9, Inf]","Winter","180",2874
"Pink Mountain","(9, Inf]","Winter","210",7457
"Pink Mountain","(9, Inf]","Winter","240",8102
"Pink Mountain","(9, Inf]","Winter","270",2707
"Pink Mountain","(9, Inf]","Winter","300",1629
"Pink Mountain","(9, Inf]","Winter","330",2029
"Pink Mountain","(6,9]","Summer","0",216
"Pink Mountain","(6,9]","Summer","30",328
"Pink Mountain","(6,9]","Summer","60",352
"Pink Mountain","(6,9]","Summer","90",248
"Pink Mountain","(6,9]","Summer","120",222
"Pink Mountain","(6,9]","Summer","150",161
"Pink Mountain","(6,9]","Summer","180",184
"Pink Mountain","(6,9]","Summer","210",406
"Pink Mountain","(6,9]","Summer","240",622
"Pink Mountain","(6,9]","Summer","270",381
"Pink Mountain","(6,9]","Summer","300",141
"Pink Mountain","(6,9]","Summer","330",168
"Pink Mountain","(6,9]","Winter","0",209
"Pink Mountain","(6,9]","Winter","30",215
"Pink Mountain","(6,9]","Winter","60",289
"Pink Mountain","(6,9]","Winter","90",210
"Pink Mountain","(6,9]","Winter","120",163
"Pink Mountain","(6,9]","Winter","150",160
"Pink Mountain","(6,9]","Winter","180",158
"Pink Mountain","(6,9]","Winter","210",414
"Pink Mountain","(6,9]","Winter","240",531
"Pink Mountain","(6,9]","Winter","270",347
"Pink Mountain","(6,9]","Winter","300",162
"Pink Mountain","(6,9]","Winter","330",159
"Pink Mountain","(3,6]","Summer","0",101
"Pink Mountain","(3,6]","Summer","30",140
"Pink Mountain","(3,6]","Summer","60",177
"Pink Mountain","(3,6]","Summer","90",114
"Pink Mountain","(3,6]","Summer","120",114
"Pink Mountain","(3,6]","Summer","150",87
"Pink Mountain","(3,6]","Summer","180",95
"Pink Mountain","(3,6]","Summer","210",203
"Pink Mountain","(3,6]","Summer","240",315
"Pink Mountain","(3,6]","Summer","270",244
"Pink Mountain","(3,6]","Summer","300",122
"Pink Mountain","(3,6]","Summer","330",83
"Pink Mountain","(3,6]","Winter","0",144
"Pink Mountain","(3,6]","Winter","30",132
"Pink Mountain","(3,6]","Winter","60",135
"Pink Mountain","(3,6]","Winter","90",140
"Pink Mountain","(3,6]","Winter","120",130
"Pink Mountain","(3,6]","Winter","150",140
"Pink Mountain","(3,6]","Winter","180",153
"Pink Mountain","(3,6]","Winter","210",292
"Pink Mountain","(3,6]","Winter","240",396
"Pink Mountain","(3,6]","Winter","270",306
"Pink Mountain","(3,6]","Winter","300",160
"Pink Mountain","(3,6]","Winter","330",142
"Pink Mountain","(-Inf,3]","Summer","0",89
"Pink Mountain","(-Inf,3]","Summer","30",95
"Pink Mountain","(-Inf,3]","Summer","60",31
"Pink Mountain","(-Inf,3]","Summer","90",22
"Pink Mountain","(-Inf,3]","Summer","120",37
"Pink Mountain","(-Inf,3]","Summer","150",28
"Pink Mountain","(-Inf,3]","Summer","180",28
"Pink Mountain","(-Inf,3]","Summer","210",53
"Pink Mountain","(-Inf,3]","Summer","240",93
"Pink Mountain","(-Inf,3]","Summer","270",83
"Pink Mountain","(-Inf,3]","Summer","300",53
"Pink Mountain","(-Inf,3]","Summer","330",49
"Pink Mountain","(-Inf,3]","Winter","0",885
"Pink Mountain","(-Inf,3]","Winter","30",319
"Pink Mountain","(-Inf,3]","Winter","60",88
"Pink Mountain","(-Inf,3]","Winter","90",84
"Pink Mountain","(-Inf,3]","Winter","120",93
"Pink Mountain","(-Inf,3]","Winter","150",93
"Pink Mountain","(-Inf,3]","Winter","180",163
"Pink Mountain","(-Inf,3]","Winter","210",187
"Pink Mountain","(-Inf,3]","Winter","240",275
"Pink Mountain","(-Inf,3]","Winter","270",212
"Pink Mountain","(-Inf,3]","Winter","300",148
"Pink Mountain","(-Inf,3]","Winter","330",128
"Saxton Lake","(9, Inf]","Summer","0",1478
"Saxton Lake","(9, Inf]","Summer","30",16
"Saxton Lake","(9, Inf]","Summer","60",911
"Saxton Lake","(9, Inf]","Summer","90",4756
"Saxton Lake","(9, Inf]","Summer","120",637
"Saxton Lake","(9, Inf]","Summer","150",173
"Saxton Lake","(9, Inf]","Summer","180",8
"Saxton Lake","(9, Inf]","Summer","210",15
"Saxton Lake","(9, Inf]","Summer","240",201
"Saxton Lake","(9, Inf]","Summer","270",4952
"Saxton Lake","(9, Inf]","Summer","300",902
"Saxton Lake","(9, Inf]","Summer","330",58
"Saxton Lake","(9, Inf]","Winter","0",34
"Saxton Lake","(9, Inf]","Winter","30",103
"Saxton Lake","(9, Inf]","Winter","60",614
"Saxton Lake","(9, Inf]","Winter","90",2177
"Saxton Lake","(9, Inf]","Winter","120",2281
"Saxton Lake","(9, Inf]","Winter","150",1512
"Saxton Lake","(9, Inf]","Winter","180",35
"Saxton Lake","(9, Inf]","Winter","210",35
"Saxton Lake","(9, Inf]","Winter","240",274
"Saxton Lake","(9, Inf]","Winter","270",3099
"Saxton Lake","(9, Inf]","Winter","300",2349
"Saxton Lake","(9, Inf]","Winter","330",661
"Saxton Lake","(6,9]","Summer","0",91
"Saxton Lake","(6,9]","Summer","30",98
"Saxton Lake","(6,9]","Summer","60",1338
"Saxton Lake","(6,9]","Summer","90",3068
"Saxton Lake","(6,9]","Summer","120",1241
"Saxton Lake","(6,9]","Summer","150",238
"Saxton Lake","(6,9]","Summer","180",73
"Saxton Lake","(6,9]","Summer","210",95
"Saxton Lake","(6,9]","Summer","240",679
"Saxton Lake","(6,9]","Summer","270",2850
"Saxton Lake","(6,9]","Summer","300",1303
"Saxton Lake","(6,9]","Summer","330",196
"Saxton Lake","(6,9]","Winter","0",135
"Saxton Lake","(6,9]","Winter","30",188
"Saxton Lake","(6,9]","Winter","60",671
"Saxton Lake","(6,9]","Winter","90",1946
"Saxton Lake","(6,9]","Winter","120",2091
"Saxton Lake","(6,9]","Winter","150",702
"Saxton Lake","(6,9]","Winter","180",108
"Saxton Lake","(6,9]","Winter","210",168
"Saxton Lake","(6,9]","Winter","240",483
"Saxton Lake","(6,9]","Winter","270",2418
"Saxton Lake","(6,9]","Winter","300",2080
"Saxton Lake","(6,9]","Winter","330",493
"Saxton Lake","(3,6]","Summer","0",288
"Saxton Lake","(3,6]","Summer","30",403
"Saxton Lake","(3,6]","Summer","60",1157
"Saxton Lake","(3,6]","Summer","90",2311
"Saxton Lake","(3,6]","Summer","120",2009
"Saxton Lake","(3,6]","Summer","150",547
"Saxton Lake","(3,6]","Summer","180",254
"Saxton Lake","(3,6]","Summer","210",322
"Saxton Lake","(3,6]","Summer","240",873
"Saxton Lake","(3,6]","Summer","270",3226
"Saxton Lake","(3,6]","Summer","300",2135
"Saxton Lake","(3,6]","Summer","330",428
"Saxton Lake","(3,6]","Winter","0",336
"Saxton Lake","(3,6]","Winter","30",366
"Saxton Lake","(3,6]","Winter","60",971
"Saxton Lake","(3,6]","Winter","90",2863
"Saxton Lake","(3,6]","Winter","120",3110
"Saxton Lake","(3,6]","Winter","150",950
"Saxton Lake","(3,6]","Winter","180",285
"Saxton Lake","(3,6]","Winter","210",404
"Saxton Lake","(3,6]","Winter","240",983
"Saxton Lake","(3,6]","Winter","270",3380
"Saxton Lake","(3,6]","Winter","300",2280
"Saxton Lake","(3,6]","Winter","330",526
"Saxton Lake","(-Inf,3]","Summer","0",1264
"Saxton Lake","(-Inf,3]","Summer","30",549
"Saxton Lake","(-Inf,3]","Summer","60",1398
"Saxton Lake","(-Inf,3]","Summer","90",3831
"Saxton Lake","(-Inf,3]","Summer","120",5746
"Saxton Lake","(-Inf,3]","Summer","150",949
"Saxton Lake","(-Inf,3]","Summer","180",518
"Saxton Lake","(-Inf,3]","Summer","210",693
"Saxton Lake","(-Inf,3]","Summer","240",1497
"Saxton Lake","(-Inf,3]","Summer","270",3719
"Saxton Lake","(-Inf,3]","Summer","300",2253
"Saxton Lake","(-Inf,3]","Summer","330",691
"Saxton Lake","(-Inf,3]","Winter","0",826
"Saxton Lake","(-Inf,3]","Winter","30",971
"Saxton Lake","(-Inf,3]","Winter","60",2657
"Saxton Lake","(-Inf,3]","Winter","90",9380
"Saxton Lake","(-Inf,3]","Winter","120",7465
"Saxton Lake","(-Inf,3]","Winter","150",1532
"Saxton Lake","(-Inf,3]","Winter","180",976
"Saxton Lake","(-Inf,3]","Winter","210",1175
"Saxton Lake","(-Inf,3]","Winter","240",2406
"Saxton Lake","(-Inf,3]","Winter","270",6840
"Saxton Lake","(-Inf,3]","Winter","300",3830
"Saxton Lake","(-Inf,3]","Winter","330",1102
"Seebach","(-Inf,3]","Summer","0",140
"Seebach","(-Inf,3]","Summer","30",168
"Seebach","(-Inf,3]","Summer","60",311
"Seebach","(-Inf,3]","Summer","90",1045
"Seebach","(-Inf,3]","Summer","120",1281
"Seebach","(-Inf,3]","Summer","150",884
"Seebach","(-Inf,3]","Summer","180",907
"Seebach","(-Inf,3]","Summer","210",858
"Seebach","(-Inf,3]","Summer","240",521
"Seebach","(-Inf,3]","Summer","270",583
"Seebach","(-Inf,3]","Summer","300",388
"Seebach","(-Inf,3]","Summer","330",102
"Seebach","(-Inf,3]","Winter","0",366
"Seebach","(-Inf,3]","Winter","30",460
"Seebach","(-Inf,3]","Winter","60",1111
"Seebach","(-Inf,3]","Winter","90",1494
"Seebach","(-Inf,3]","Winter","120",1445
"Seebach","(-Inf,3]","Winter","150",332
"Seebach","(-Inf,3]","Winter","180",389
"Seebach","(-Inf,3]","Winter","210",239
"Seebach","(-Inf,3]","Winter","240",304
"Seebach","(-Inf,3]","Winter","270",337
"Seebach","(-Inf,3]","Winter","300",152
"Seebach","(-Inf,3]","Winter","330",86
"Stone Creek","(9, Inf]","Summer","0",7
"Stone Creek","(9, Inf]","Summer","30",3
"Stone Creek","(9, Inf]","Summer","60",1
"Stone Creek","(9, Inf]","Summer","90",6
"Stone Creek","(9, Inf]","Summer","120",32
"Stone Creek","(9, Inf]","Summer","150",107
"Stone Creek","(9, Inf]","Summer","180",575
"Stone Creek","(9, Inf]","Summer","210",175
"Stone Creek","(9, Inf]","Summer","240",131
"Stone Creek","(9, Inf]","Summer","270",338
"Stone Creek","(9, Inf]","Summer","300",77
"Stone Creek","(9, Inf]","Summer","330",25
"Stone Creek","(9, Inf]","Winter","150",10
"Stone Creek","(9, Inf]","Winter","180",176
"Stone Creek","(9, Inf]","Winter","210",19
"Stone Creek","(9, Inf]","Winter","240",10
"Stone Creek","(9, Inf]","Winter","270",5
"Stone Creek","(9, Inf]","Winter","300",1
"Stone Creek","(6,9]","Summer","0",37
"Stone Creek","(6,9]","Summer","30",10
"Stone Creek","(6,9]","Summer","60",4
"Stone Creek","(6,9]","Summer","90",78
"Stone Creek","(6,9]","Summer","120",78
"Stone Creek","(6,9]","Summer","150",77
"Stone Creek","(6,9]","Summer","180",432
"Stone Creek","(6,9]","Summer","210",351
"Stone Creek","(6,9]","Summer","240",296
"Stone Creek","(6,9]","Summer","270",507
"Stone Creek","(6,9]","Summer","300",270
"Stone Creek","(6,9]","Summer","330",142
"Stone Creek","(6,9]","Winter","0",8
"Stone Creek","(6,9]","Winter","120",3
"Stone Creek","(6,9]","Winter","150",4
"Stone Creek","(6,9]","Winter","180",54
"Stone Creek","(6,9]","Winter","210",31
"Stone Creek","(6,9]","Winter","240",19
"Stone Creek","(6,9]","Winter","270",10
"Stone Creek","(6,9]","Winter","300",3
"Stone Creek","(6,9]","Winter","330",2
"Stone Creek","(3,6]","Summer","0",112
"Stone Creek","(3,6]","Summer","30",66
"Stone Creek","(3,6]","Summer","60",110
"Stone Creek","(3,6]","Summer","90",508
"Stone Creek","(3,6]","Summer","120",242
"Stone Creek","(3,6]","Summer","150",167
"Stone Creek","(3,6]","Summer","180",280
"Stone Creek","(3,6]","Summer","210",260
"Stone Creek","(3,6]","Summer","240",238
"Stone Creek","(3,6]","Summer","270",377
"Stone Creek","(3,6]","Summer","300",601
"Stone Creek","(3,6]","Summer","330",317
"Stone Creek","(3,6]","Winter","0",7
"Stone Creek","(3,6]","Winter","30",3
"Stone Creek","(3,6]","Winter","60",6
"Stone Creek","(3,6]","Winter","90",7
"Stone Creek","(3,6]","Winter","120",5
"Stone Creek","(3,6]","Winter","150",13
"Stone Creek","(3,6]","Winter","180",24
"Stone Creek","(3,6]","Winter","210",18
"Stone Creek","(3,6]","Winter","240",14
"Stone Creek","(3,6]","Winter","270",10
"Stone Creek","(3,6]","Winter","300",21
"Stone Creek","(3,6]","Winter","330",20
"Stone Creek","(-Inf,3]","Summer","0",95
"Stone Creek","(-Inf,3]","Summer","30",100
"Stone Creek","(-Inf,3]","Summer","60",150
"Stone Creek","(-Inf,3]","Summer","90",222
"Stone Creek","(-Inf,3]","Summer","120",109
"Stone Creek","(-Inf,3]","Summer","150",62
"Stone Creek","(-Inf,3]","Summer","180",111
"Stone Creek","(-Inf,3]","Summer","210",69
"Stone Creek","(-Inf,3]","Summer","240",91
"Stone Creek","(-Inf,3]","Summer","270",105
"Stone Creek","(-Inf,3]","Summer","300",131
"Stone Creek","(-Inf,3]","Summer","330",224
"Stone Creek","(-Inf,3]","Winter","0",9
"Stone Creek","(-Inf,3]","Winter","30",11
"Stone Creek","(-Inf,3]","Winter","60",11
"Stone Creek","(-Inf,3]","Winter","90",4
"Stone Creek","(-Inf,3]","Winter","120",3
"Stone Creek","(-Inf,3]","Winter","150",5
"Stone Creek","(-Inf,3]","Winter","210",4
"Stone Creek","(-Inf,3]","Winter","240",4
"Stone Creek","(-Inf,3]","Winter","270",6
"Stone Creek","(-Inf,3]","Winter","300",8
"Stone Creek","(-Inf,3]","Winter","330",9
"Sunbeam","(9, Inf]","Summer","0",1179
"Sunbeam","(9, Inf]","Summer","30",1160
"Sunbeam","(9, Inf]","Summer","60",268
"Sunbeam","(9, Inf]","Summer","90",1119
"Sunbeam","(9, Inf]","Summer","120",3941
"Sunbeam","(9, Inf]","Summer","150",2782
"Sunbeam","(9, Inf]","Summer","180",1203
"Sunbeam","(9, Inf]","Summer","210",979
"Sunbeam","(9, Inf]","Summer","240",1204
"Sunbeam","(9, Inf]","Summer","270",1172
"Sunbeam","(9, Inf]","Summer","300",1870
"Sunbeam","(9, Inf]","Summer","330",2980
"Sunbeam","(9, Inf]","Winter","0",1231
"Sunbeam","(9, Inf]","Winter","30",1634
"Sunbeam","(9, Inf]","Winter","60",403
"Sunbeam","(9, Inf]","Winter","90",2823
"Sunbeam","(9, Inf]","Winter","120",11512
"Sunbeam","(9, Inf]","Winter","150",5686
"Sunbeam","(9, Inf]","Winter","180",1050
"Sunbeam","(9, Inf]","Winter","210",1006
"Sunbeam","(9, Inf]","Winter","240",1568
"Sunbeam","(9, Inf]","Winter","270",774
"Sunbeam","(9, Inf]","Winter","300",1738
"Sunbeam","(9, Inf]","Winter","330",3212
"Sunbeam","(6,9]","Summer","0",323
"Sunbeam","(6,9]","Summer","30",225
"Sunbeam","(6,9]","Summer","60",120
"Sunbeam","(6,9]","Summer","90",498
"Sunbeam","(6,9]","Summer","120",991
"Sunbeam","(6,9]","Summer","150",715
"Sunbeam","(6,9]","Summer","180",523
"Sunbeam","(6,9]","Summer","210",465
"Sunbeam","(6,9]","Summer","240",648
"Sunbeam","(6,9]","Summer","270",745
"Sunbeam","(6,9]","Summer","300",619
"Sunbeam","(6,9]","Summer","330",460
"Sunbeam","(6,9]","Winter","0",277
"Sunbeam","(6,9]","Winter","30",170
"Sunbeam","(6,9]","Winter","60",153
"Sunbeam","(6,9]","Winter","90",445
"Sunbeam","(6,9]","Winter","120",976
"Sunbeam","(6,9]","Winter","150",671
"Sunbeam","(6,9]","Winter","180",287
"Sunbeam","(6,9]","Winter","210",356
"Sunbeam","(6,9]","Winter","240",353
"Sunbeam","(6,9]","Winter","270",351
"Sunbeam","(6,9]","Winter","300",413
"Sunbeam","(6,9]","Winter","330",511
"Sunbeam","(3,6]","Summer","0",356
"Sunbeam","(3,6]","Summer","30",252
"Sunbeam","(3,6]","Summer","60",181
"Sunbeam","(3,6]","Summer","90",339
"Sunbeam","(3,6]","Summer","120",485
"Sunbeam","(3,6]","Summer","150",374
"Sunbeam","(3,6]","Summer","180",321
"Sunbeam","(3,6]","Summer","210",328
"Sunbeam","(3,6]","Summer","240",410
"Sunbeam","(3,6]","Summer","270",705
"Sunbeam","(3,6]","Summer","300",467
"Sunbeam","(3,6]","Summer","330",336
"Sunbeam","(3,6]","Winter","0",348
"Sunbeam","(3,6]","Winter","30",206
"Sunbeam","(3,6]","Winter","60",142
"Sunbeam","(3,6]","Winter","90",292
"Sunbeam","(3,6]","Winter","120",471
"Sunbeam","(3,6]","Winter","150",381
"Sunbeam","(3,6]","Winter","180",243
"Sunbeam","(3,6]","Winter","210",267
"Sunbeam","(3,6]","Winter","240",311
"Sunbeam","(3,6]","Winter","270",371
"Sunbeam","(3,6]","Winter","300",335
"Sunbeam","(3,6]","Winter","330",364
"Sunbeam","(-Inf,3]","Summer","0",239
"Sunbeam","(-Inf,3]","Summer","30",220
"Sunbeam","(-Inf,3]","Summer","60",229
"Sunbeam","(-Inf,3]","Summer","90",247
"Sunbeam","(-Inf,3]","Summer","120",327
"Sunbeam","(-Inf,3]","Summer","150",186
"Sunbeam","(-Inf,3]","Summer","180",193
"Sunbeam","(-Inf,3]","Summer","210",173
"Sunbeam","(-Inf,3]","Summer","240",188
"Sunbeam","(-Inf,3]","Summer","270",259
"Sunbeam","(-Inf,3]","Summer","300",223
"Sunbeam","(-Inf,3]","Summer","330",232
"Sunbeam","(-Inf,3]","Winter","0",447
"Sunbeam","(-Inf,3]","Winter","30",431
"Sunbeam","(-Inf,3]","Winter","60",418
"Sunbeam","(-Inf,3]","Winter","90",901
"Sunbeam","(-Inf,3]","Winter","120",1072
"Sunbeam","(-Inf,3]","Winter","150",542
"Sunbeam","(-Inf,3]","Winter","180",401
"Sunbeam","(-Inf,3]","Winter","210",517
"Sunbeam","(-Inf,3]","Winter","240",670
"Sunbeam","(-Inf,3]","Winter","270",537
"Sunbeam","(-Inf,3]","Winter","300",510
"Sunbeam","(-Inf,3]","Winter","330",473
"Thompson","(9, Inf]","Summer","0",78
"Thompson","(9, Inf]","Summer","30",24
"Thompson","(9, Inf]","Summer","60",21
"Thompson","(9, Inf]","Summer","90",54
"Thompson","(9, Inf]","Summer","120",73
"Thompson","(9, Inf]","Summer","150",259
"Thompson","(9, Inf]","Summer","180",525
"Thompson","(9, Inf]","Summer","210",526
"Thompson","(9, Inf]","Summer","240",532
"Thompson","(9, Inf]","Summer","270",798
"Thompson","(9, Inf]","Summer","300",642
"Thompson","(9, Inf]","Summer","330",980
"Thompson","(9, Inf]","Winter","0",29
"Thompson","(9, Inf]","Winter","30",35
"Thompson","(9, Inf]","Winter","60",81
"Thompson","(9, Inf]","Winter","90",180
"Thompson","(9, Inf]","Winter","120",399
"Thompson","(9, Inf]","Winter","150",682
"Thompson","(9, Inf]","Winter","180",1030
"Thompson","(9, Inf]","Winter","210",731
"Thompson","(9, Inf]","Winter","240",501
"Thompson","(9, Inf]","Winter","270",586
"Thompson","(9, Inf]","Winter","300",325
"Thompson","(9, Inf]","Winter","330",266
"Thompson","(6,9]","Summer","0",294
"Thompson","(6,9]","Summer","30",150
"Thompson","(6,9]","Summer","60",146
"Thompson","(6,9]","Summer","90",173
"Thompson","(6,9]","Summer","120",326
"Thompson","(6,9]","Summer","150",783
"Thompson","(6,9]","Summer","180",1164
"Thompson","(6,9]","Summer","210",609
"Thompson","(6,9]","Summer","240",471
"Thompson","(6,9]","Summer","270",882
"Thompson","(6,9]","Summer","300",817
"Thompson","(6,9]","Summer","330",756
"Thompson","(6,9]","Winter","0",107
"Thompson","(6,9]","Winter","30",162
"Thompson","(6,9]","Winter","60",229
"Thompson","(6,9]","Winter","90",573
"Thompson","(6,9]","Winter","120",1390
"Thompson","(6,9]","Winter","150",1829
"Thompson","(6,9]","Winter","180",1362
"Thompson","(6,9]","Winter","210",421
"Thompson","(6,9]","Winter","240",269
"Thompson","(6,9]","Winter","270",383
"Thompson","(6,9]","Winter","300",331
"Thompson","(6,9]","Winter","330",285
"Thompson","(3,6]","Summer","0",480
"Thompson","(3,6]","Summer","30",268
"Thompson","(3,6]","Summer","60",290
"Thompson","(3,6]","Summer","90",385
"Thompson","(3,6]","Summer","120",934
"Thompson","(3,6]","Summer","150",1280
"Thompson","(3,6]","Summer","180",1034
"Thompson","(3,6]","Summer","210",636
"Thompson","(3,6]","Summer","240",694
"Thompson","(3,6]","Summer","270",1007
"Thompson","(3,6]","Summer","300",1174
"Thompson","(3,6]","Summer","330",765
"Thompson","(3,6]","Winter","0",519
"Thompson","(3,6]","Winter","30",550
"Thompson","(3,6]","Winter","60",752
"Thompson","(3,6]","Winter","90",1667
"Thompson","(3,6]","Winter","120",2666
"Thompson","(3,6]","Winter","150",2053
"Thompson","(3,6]","Winter","180",1225
"Thompson","(3,6]","Winter","210",516
"Thompson","(3,6]","Winter","240",395
"Thompson","(3,6]","Winter","270",465
"Thompson","(3,6]","Winter","300",589
"Thompson","(3,6]","Winter","330",445
"Thompson","(-Inf,3]","Summer","0",1154
"Thompson","(-Inf,3]","Summer","30",658
"Thompson","(-Inf,3]","Summer","60",781
"Thompson","(-Inf,3]","Summer","90",1260
"Thompson","(-Inf,3]","Summer","120",2030
"Thompson","(-Inf,3]","Summer","150",4411
"Thompson","(-Inf,3]","Summer","180",4337
"Thompson","(-Inf,3]","Summer","210",2896
"Thompson","(-Inf,3]","Summer","240",2953
"Thompson","(-Inf,3]","Summer","270",3462
"Thompson","(-Inf,3]","Summer","300",5355
"Thompson","(-Inf,3]","Summer","330",3878
"Thompson","(-Inf,3]","Winter","0",3042
"Thompson","(-Inf,3]","Winter","30",2515
"Thompson","(-Inf,3]","Winter","60",3455
"Thompson","(-Inf,3]","Winter","90",6131
"Thompson","(-Inf,3]","Winter","120",7483
"Thompson","(-Inf,3]","Winter","150",9236
"Thompson","(-Inf,3]","Winter","180",7021
"Thompson","(-Inf,3]","Winter","210",2747
"Thompson","(-Inf,3]","Winter","240",2167
"Thompson","(-Inf,3]","Winter","270",2598
"Thompson","(-Inf,3]","Winter","300",3135
"Thompson","(-Inf,3]","Winter","330",3721
"Willow-Bowron","(6,9]","Summer","30",1
"Willow-Bowron","(6,9]","Summer","60",3
"Willow-Bowron","(6,9]","Winter","0",10
"Willow-Bowron","(6,9]","Winter","270",14
"Willow-Bowron","(6,9]","Winter","300",52
"Willow-Bowron","(6,9]","Winter","330",37
"Willow-Bowron","(3,6]","Summer","0",103
"Willow-Bowron","(3,6]","Summer","30",86
"Willow-Bowron","(3,6]","Summer","60",87
"Willow-Bowron","(3,6]","Summer","90",38
"Willow-Bowron","(3,6]","Summer","120",2
"Willow-Bowron","(3,6]","Summer","210",1
"Willow-Bowron","(3,6]","Summer","240",9
"Willow-Bowron","(3,6]","Summer","270",67
"Willow-Bowron","(3,6]","Summer","300",126
"Willow-Bowron","(3,6]","Summer","330",118
"Willow-Bowron","(3,6]","Winter","0",602
"Willow-Bowron","(3,6]","Winter","30",360
"Willow-Bowron","(3,6]","Winter","60",136
"Willow-Bowron","(3,6]","Winter","90",18
"Willow-Bowron","(3,6]","Winter","120",2
"Willow-Bowron","(3,6]","Winter","180",3
"Willow-Bowron","(3,6]","Winter","210",4
"Willow-Bowron","(3,6]","Winter","240",26
"Willow-Bowron","(3,6]","Winter","270",315
"Willow-Bowron","(3,6]","Winter","300",948
"Willow-Bowron","(3,6]","Winter","330",1082
"Willow-Bowron","(-Inf,3]","Summer","0",5180
"Willow-Bowron","(-Inf,3]","Summer","30",4969
"Willow-Bowron","(-Inf,3]","Summer","60",5336
"Willow-Bowron","(-Inf,3]","Summer","90",5647
"Willow-Bowron","(-Inf,3]","Summer","120",2230
"Willow-Bowron","(-Inf,3]","Summer","150",1107
"Willow-Bowron","(-Inf,3]","Summer","180",1049
"Willow-Bowron","(-Inf,3]","Summer","210",1307
"Willow-Bowron","(-Inf,3]","Summer","240",2632
"Willow-Bowron","(-Inf,3]","Summer","270",5576
"Willow-Bowron","(-Inf,3]","Summer","300",8532
"Willow-Bowron","(-Inf,3]","Summer","330",6251
"Willow-Bowron","(-Inf,3]","Winter","0",8048
"Willow-Bowron","(-Inf,3]","Winter","30",7276
"Willow-Bowron","(-Inf,3]","Winter","60",5927
"Willow-Bowron","(-Inf,3]","Winter","90",4538
"Willow-Bowron","(-Inf,3]","Winter","120",1943
"Willow-Bowron","(-Inf,3]","Winter","150",1235
"Willow-Bowron","(-Inf,3]","Winter","180",1395
"Willow-Bowron","(-Inf,3]","Winter","210",1505
"Willow-Bowron","(-Inf,3]","Winter","240",1950
"Willow-Bowron","(-Inf,3]","Winter","270",5362
"Willow-Bowron","(-Inf,3]","Winter","300",10915
"Willow-Bowron","(-Inf,3]","Winter","330",8973
